candidate_id,name,lane,role,gap_addressed,language,license,deployment_model,last_meaningful_release,maturity,bus_factor,price_tier,price_note,eval_level,FUNCTIONAL_FIT,SCIENTIFIC_FIT,ECONOMIC_VALUE,PIT_COMPATIBILITY,DETERMINISM,ACCURACY_OR_CALIBRATION,LATENCY,THROUGHPUT,CPU_RAM_IO,MAINTENANCE,SECURITY,API_STABILITY,INTEGRATION_COST,CUSTOM_CODE_REMOVED,SECOND_AUTHORITY_RISK,EXIT_COST,LICENSE_LEGAL_USE,TOTAL_COST,TIME_TO_OPERATIONAL_TRUTH,classification,known_failure_modes,primary_sources
"FGH-F01","arch.bootstrap (StationaryBootstrap / CircularBlockBootstrap / optimal_block_length / SPA / StepM / MCS) — arch 8.0.0","H","ORACLE","IC honnêtes de l'espérance nette (endpoint quorum A/B/C) sur outcomes autocorrélés + contrôle multi-variantes (SPA/MCS)","Python (Cython optionnel)","NCSA (permissive, VERIFIED PyPI)","pip lib, offline/analyse","8.0.0 (2025-10-21)","mature","small (1 mainteneur principal, K. Sheppard)","TIER_A","gratuit OSS","L2","5","5","4","5","5","4","4","4","5","4","5","4","5","3","5","5","5","5","5","ADOPT_NOW","MEASURED: sur AR(1) phi=0.4 n=150, IC t iid couvre 0.80 (nominal 0.95) vs 0.89 bootstrap stationnaire -> encore sous-couverture à petit n ; bloc optimal estimé bruité ; SPA/MCS supposent des pertes stationnaires","https://pypi.org/project/arch/ | https://arch.readthedocs.io/en/latest/bootstrap/bootstrap.html | https://github.com/bashtage/arch"
"FGH-F02","statsmodels 0.15.0 (coint Engle-Granger, coint_johansen, VECM, VAR, grangercausalitytests)","H","ORACLE","falsification lead/lag cross-venue et cointégration spot/perp (basis) sur barres C0","Python/Cython","BSD-3-Clause (VERIFIED PyPI)","pip lib, offline","0.15.0 (2026-08-27)","mature","large","TIER_A","gratuit OSS","L2","4","5","3","4","5","4","4","4","5","5","5","3","5","3","5","5","5","5","4","BENCH_NOW","MEASURED: Granger et Johansen bien dimensionnés sur synthétique MAIS désignent comme réel un lead créé par un horodatage décalé d'1 pas (CONF: 100 % b->a) ; 0.15 a supprimé le kwarg verbose de grangercausalitytests (casse de l'API) ; MarkovRegression .fit() sur tout l'échantillon = paramètres lookahead même avec filtered_marginal_probabilities","https://pypi.org/project/statsmodels/ | https://www.statsmodels.org/stable/vector_ar.html"
"FGH-F03","crepes 0.9.1 (ConformalRegressor normalisé / Mondrian / ConformalPredictiveSystem)","F","ORACLE","bande d'incertitude sur coûts/slippage réalisés vs COST_CONTRACT_V1 (UNKNOWN_COST != ZERO_COST) ; intervalles adaptatifs à la vol","Python","BSD-3-Clause (VERIFIED PyPI classifier)","pip lib","0.9.1 (2026-06-12)","growing","small (H. Boström)","TIER_A","gratuit OSS","L2","4","4","3","5","5","4","5","5","5","4","5","3","5","3","5","5","5","5","4","BENCH_NOW","MEASURED: version normalisée (sigma=EWMA causal |r|) couvre 0.845 (gauss)/0.858 (t4) sur les 100 obs post-saut x3 sans aucune adaptation ; version roulante w300 seulement 0.55-0.60 post-saut ; dépend de la qualité de sigma ; pas de mode online natif (boucle à écrire)","https://pypi.org/project/crepes/ | https://github.com/henrikbostrom/crepes | https://crepes.readthedocs.io"
"FGH-F04","MAPIE 1.5.0 TimeSeriesRegressor method='aci' (et SplitConformalRegressor v1)","F","ORACLE","contrôle croisé de l'ACI maison (lacune déclarée LAB_PRIOR 012 : aucun cross-check MAPIE)","Python","BSD-3-Clause (VERIFIED PyPI)","pip lib","1.5.0 (2026-08-05)","mature","medium (scikit-learn-contrib / Capgemini)","TIER_A","gratuit OSS","L2","4","4","2","4","5","4","3","3","5","4","5","2","4","2","5","5","5","5","4","BENCH_NOW","MEASURED: ACI MAPIE g=0.01 = ACI custom à <=0.002 de couverture près (0.899 vs 0.900 ; post-saut 0.830 vs 0.829) mais 7x plus lent (1.9 vs 0.26 ms/pas), produit des bornes infinies (moy. 0.2/1000 pas à g=0.01, 15/1000 à g=0.05), update() émet un warning de changement de comportement, alpha arrondi à 2 décimales en clé de dict ; TimeSeriesRegressor hérite de l'ancienne API (non v1)","https://pypi.org/project/MAPIE/ | https://github.com/scikit-learn-contrib/MAPIE | https://proceedings.neurips.cc/paper/2021/file/0d441de75945e5acbc865406fc9a2559-Paper.pdf"
"FGH-F05","MAPIE EnbPI (TimeSeriesRegressor method='enbpi' + update)","F","CHALLENGER","intervalles séquentiels sous drift","Python","BSD-3-Clause","pip lib","1.5.0 (2026-08-05)","mature","medium","TIER_A","gratuit OSS","L2","2","3","1","4","5","1","2","2","4","4","5","2","3","1","5","5","5","5","2","REJECT","MEASURED: couverture post-saut 0.48 (gauss)/0.56 (t4) pour 0.90 visé ; 8.8 ms/pas (bootstrap 20 modèles) ; rien de mieux que la fenêtre roulante","https://arxiv.org/abs/2010.09107 | https://pypi.org/project/MAPIE/"
"FGH-F06","changepoint_online 1.2.1 (Focus Gamma / NPFocus / MDFocus)","F","SHADOW","détection online causale de rupture de vol/coût (moniteur de régime pour les cellules PAPER et C0)","Python pur","GPL-3.0 (VERIFIED classifier + LICENSE)","pip lib","1.2.1 (2025-01-03)","young","small (Lancaster/Romano et al.)","TIER_A","gratuit OSS ; GPL = usage interne OK, pas de redistribution liée","L2","4","5","2","5","5","4","5","5","5","3","5","3","4","2","5","4","2","5","4","BENCH_NOW","MEASURED: meilleur délai sous bruit gaussien (médiane 4 obs pour vol x3, 43.5 pour x1.5, FA 0/20) mais modèle Gamma mal spécifié sous queues t4 : seuil gaussien -> 90 % de fausses alarmes ; seuil recalibré t4 -> délai 16.5 / 230 obs ; à tester NPFocus (non paramétrique) ; GPL","https://pypi.org/project/changepoint-online/ | https://github.com/grosed/changepoint_online | https://arxiv.org/abs/2110.08205"
"FGH-F07","River 0.26.1 drift (PageHinkley, ADWIN, KSWIN) + covariance online (EwaCovariance, LedoitWolfCovariance, OAS — nouveaux 0.26)","F","SHADOW","moniteurs de drift sans label sur résidus coûts/slippage/latence ; covariance online","Python + Rust (ADWIN réécrit en Rust en 0.25)","BSD-3-Clause (VERIFIED)","pip lib","0.26.1 (2026-08-21)","mature","medium","TIER_A","gratuit OSS","L2","4","4","2","5","5","3","5","5","5","5","5","3","5","2","5","5","5","5","4","SHADOW","MEASURED: PageHinkley délai 8 obs (x3) / 40 (x1.5) FA 10 %, mais seuil gaussien -> 50 % FA sous t4 ; ADWIN délai quantifié par clock=32 (23 obs) et FA 15 % sous t4 ; KSWIN rate 75-90 % des sauts x1.5 ; 0.26 corrige un bug Pipeline.transform_many qui ré-apprenait sur les données transformées (risque fuite)","https://pypi.org/project/river/ | https://raw.githubusercontent.com/online-ml/river/main/docs/releases/0.26.0.md | https://raw.githubusercontent.com/online-ml/river/main/docs/releases/0.25.0.md"
"FGH-F08","ruptures 1.1.10 (Pelt/Binseg/Dynp)","F","ORACLE","segmentation a posteriori pour RetexV1 (offline seulement)","Python/C","BSD-2-Clause (VERIFIED)","pip lib","1.1.10 (2025-09-10)","mature","small","TIER_A","gratuit OSS","L2","3","4","1","1","5","4","1","1","3","3","5","4","5","1","5","5","5","5","3","PARK","MEASURED: OFFLINE = LOOKAHEAD sur série complète (localise le saut à 0-12 obs près : référence a posteriori seulement) ; relancé causalement (fenêtre 400, pas 25) : délai 24 obs (x3) / 49 (x1.5) FA 0 en gaussien mais 1.7 ms/obs (240x Focus), seuil gaussien -> 80 % FA sous t4, x1.5 sous t4 raté 65 % ; requires_python <3.14 ; dernière release 2025-09","https://pypi.org/project/ruptures/ | https://github.com/deepcharles/ruptures | https://centre-borelli.github.io/ruptures-docs/"
"FGH-F09","skchange 0.18.0 (PELT, FPOP, SeededBinseg, CAPA, MovingWindow)","F","ORACLE","détection de changement / anomalies collectives offline (écosystème sktime)","Python + numba","BSD-3 (VERIFIED classifier)","pip lib","0.18.0 (2026-08-19)","growing","small (Norsk Regnesentral)","TIER_A","gratuit OSS","L1","3","4","1","2","?","?","2","3","4","4","5","2","4","1","5","5","5","5","2","WATCH","L1: API renommée (change_detectors -> detectors) entre versions ; aucun détecteur online/séquentiel dans 0.18 (offline = lookahead si mal utilisé) ; numba JIT au 1er appel (~6 s)","https://pypi.org/project/skchange/ | https://github.com/NorskRegnesentral/skchange"
"FGH-F10","sktime 1.2.0 (détection, wrappers)","F","ORACLE","framework TS unifié","Python","BSD-3","pip lib","1.2.0 (2026-09-22)","mature","large","TIER_A","gratuit OSS","L0","2","3","1","2","?","?","?","?","2","5","4","2","2","1","5","4","5","4","1","PARK","L0 seulement ; lourd ; la détection délègue à skchange/ruptures","https://pypi.org/project/sktime/"
"FGH-F11","bocd 0.1.2 (BOCPD Adams-MacKay, StudentT)","F","CHALLENGER","détection bayésienne online","Python","MIT","pip lib","0.1.2 (2019-09-19)","abandoned","solo","TIER_A","gratuit OSS","L2","2","4","1","5","5","2","1","1","2","1","4","1","4","1","5","5","5","5","2","REJECT","MEASURED: 1.5 ms/obs et croissance O(t) (pas de troncature) ; délai médian 168 obs pour vol x1.5 ; sous t4 seuil max -> FA 25 % ; aucune release depuis 2019","https://pypi.org/project/bocd/"
"FGH-F12","bayesian_changepoint_detection 0.2.dev1","F","CHALLENGER","BOCPD/offline bayésien","Python","MIT (VERIFIED LICENSE GitHub ; champ PyPI vide)","pip lib","0.2.dev1 (2019-08-12)","abandoned","solo","TIER_A","gratuit OSS","L1","2","3","1","3","?","?","?","?","2","1","3","1","3","1","5","5","3","5","1","REJECT","install OK, version dev 2019 ; non benché (BOCPD custom numpy + bocd couvrent le cas)","https://pypi.org/project/bayesian-changepoint-detection/"
"FGH-F13","BOCPD custom numpy (~25 LOC, moyenne 0, précision Gamma, troncature 400)","F","CHALLENGER","référence BOCPD auditable","Python","code labo","inline","n/a","prototype","n/a","TIER_A","n/a","L2","3","4","1","5","5","2","3","3","4","?","5","5","4","1","5","5","5","5","3","PARK","MEASURED: statistique P(r<=10) ratée 25 % (x3) / 75 % (x1.5) au seuil calibré ; sous t4 impossible de calibrer (FA 70 % au seuil max) — vraisemblance gaussienne mal spécifiée","bench/laneFGH/l2a_changepoint.py"
"FGH-F14","venn-abers 1.5.4","F","ORACLE","calibration probabiliste (intervalles de probabilité) si DecisionV1 émet des probabilités","Python","MIT (VERIFIED)","pip lib","1.5.4 (2026-08-12)","young","solo","TIER_A","gratuit OSS","L1","2","4","1","4","?","?","?","?","4","3","4","3","4","1","5","5","5","5","2","WATCH","L1 import seulement ; LAB_PRIOR 012 : la calibration statique ne survit pas au shift (2/6)","https://pypi.org/project/venn-abers/ | https://github.com/ip200/venn-abers"
"FGH-F15","TorchCP 1.2.1","F","CHALLENGER","conformal pour deep learning","Python/PyTorch","LGPL-3.0 (VERIFIED LICENSE GitHub ; champ PyPI vide)","pip lib","1.2.1 (2025-10-14)","growing","small","TIER_A","gratuit OSS","L0","1","3","0","3","?","?","?","?","1","3","3","2","1","0","5","4","3","4","1","REJECT","dépendance torch ; pas de modèle DL dans le chemin critique","https://pypi.org/project/torchcp/"
"FGH-F16","puncc 0.9.3 (deel-ai)","F","ORACLE","conformal générique (incl. EnbPI/ACI selon docs)","Python","MIT (VERIFIED classifier)","pip lib","0.9.3 (2026-06-23)","growing","small","TIER_A","gratuit OSS","L0","2","3","1","3","?","?","?","?","4","3","4","2","4","1","5","5","5","5","2","WATCH","L0 seulement ; redondant avec MAPIE/crepes","https://pypi.org/project/puncc/"
"FGH-F17","conformal-tights 0.5.0","F","ORACLE","quantile regression conforme cohérente (Darts/sklearn)","Python","MIT (VERIFIED LICENSE GitHub ; champ PyPI vide)","pip lib","0.5.0 (2026-03-21)","young","small","TIER_A","gratuit OSS","L0","1","3","1","3","?","?","?","?","3","3","4","2","3","1","5","5","3","5","1","PARK","L0 seulement ; orienté forecasting, pas validité sous drift","https://pypi.org/project/conformal-tights/"
"FGH-F18","online-cp 0.3.0","F","ORACLE","conformal online (prédicteurs conformes séquentiels)","Python","BSD (classifier)","pip lib","0.3.0 (2026-06-18)","young","solo","TIER_A","gratuit OSS","L0","2","3","1","4","?","?","?","?","4","2","4","2","4","1","5","5","5","5","1","WATCH","L0 seulement ; 7 releases, maintenance inconnue","https://pypi.org/project/online-cp/"
"FGH-F19","hmmlearn 0.3.3","F","CHALLENGER","régimes HMM","Python/C++","BSD","pip lib","0.3.3 (2024-10-31)","maintenance-limitée","small","TIER_A","gratuit OSS","L1","2","3","1","1","4","?","4","4","4","1","4","3","4","1","5","5","5","5","2","REJECT","VERIFIED README : 'under limited-maintenance mode' ; predict() = Viterbi sur toute la séquence (lissage = lookahead) ; régimes non porteurs d'edge (LAB_PRIOR 011/015)","https://raw.githubusercontent.com/hmmlearn/hmmlearn/main/README.rst | https://pypi.org/project/hmmlearn/"
"FGH-F20","filterpy 1.4.5","F","CHALLENGER","Kalman/filtres","Python","MIT","pip lib","1.4.5 (2018-10-10)","abandoned","solo","TIER_A","gratuit OSS","L1","2","4","1","5","5","?","4","4","5","1","4","4","4","1","5","5","5","5","3","REJECT","aucune release depuis 2018 ; LAB_PRIOR 013 : Kalman/RLS maison ~10 LOC suffit","https://pypi.org/project/filterpy/"
"FGH-F21","dynamax 1.0.2 (JAX SSM : LGSSM, HMM filtrage/lissage séparés)","F","CHALLENGER","state-space bayésien filtrage explicite","Python/JAX","MIT","pip lib","1.0.2 (2026-06-25)","growing","small (probml)","TIER_A","gratuit OSS","L0","2","4","1","4","?","?","?","?","2","3","4","2","2","1","5","4","5","4","1","WATCH","L0 ; pile JAX lourde ; déterminisme XLA CPU/GPU à vérifier","https://pypi.org/project/dynamax/ | https://github.com/probml/dynamax"
"FGH-F22","NumPyro 0.22 / PyMC 6.3","F","CHALLENGER","inférence bayésienne générique","Python/JAX ou PyTensor","Apache-2.0","pip lib","NumPyro 0.22.0 (2026-09-18) ; PyMC 6.3.2 (2026-09-08, py>=3.12)","mature","large","TIER_A","gratuit OSS","L0","1","4","1","3","3","?","1","1","1","5","4","3","1","0","5","4","5","3","1","PARK","L0 ; MCMC non déterministe par défaut entre plateformes ; hors chemin critique","https://pypi.org/project/numpyro/ | https://pypi.org/project/pymc/"
"FGH-F23","statsmodels MarkovRegression / UnobservedComponents (régimes, filtres)","F","CHALLENGER","régime de vol filtré","Python","BSD-3","pip lib","0.15.0","mature","large","TIER_A","gratuit OSS","L1","2","4","1","2","5","?","3","3","5","5","5","3","4","1","5","5","5","5","2","PARK","L1 : filtered_marginal_probabilities est causal SEULEMENT si les paramètres sont estimés sur le passé (fit plein échantillon = fuite) ; smoothed_* = lookahead","https://www.statsmodels.org/stable/regime_switching.html"
"FGH-G01","skfolio 1.4.11 (HRP/HERC/NCO/MeanRisk/CVaR, API scikit-learn)","G","MODULE","allocation/risque multi-actifs (plus tard, si l'univers PAPER s'élargit)","Python","BSD-3-Clause (VERIFIED)","pip lib","1.4.11 (2026-10-03)","mature","medium","TIER_A","gratuit OSS","L2","2","4","1","4","5","4","4","4","4","5","5","3","4","1","3","5","5","5","2","PARK","MEASURED: HRP == riskfolio à 1.7e-18 près (5 actifs) ; HRP par défaut PLANTE à 2 actifs (ValueError argmax empty, compute_optimal_n_clusters) — contournement max_clusters=1 -> poids = inverse-variance ; à 2 actifs BUY-only la valeur est ~nulle ; risque seconde autorité si les poids pilotent le sizing","https://pypi.org/project/skfolio/ | https://github.com/skfolio/skfolio | https://skfolio.org"
"FGH-G02","Riskfolio-Lib 7.4.0","G","ORACLE","optimisation de portefeuille (contrôle croisé)","Python/C++","BSD-3 (VERIFIED PyPI)","pip lib","7.4.0 (2026-10-04)","mature","solo (D. Cajas)","TIER_A","gratuit OSS","L2","2","4","1","4","5","4","3","3","1","4","2","3","2","1","3","4","5","3","2","REJECT","MEASURED: 85 paquets / ~963 Mo installés (dépend en dur de vectorbt, astropy, matplotlib, xlsxwriter…) -> surface supply-chain ; HRP identique à skfolio ; utile au plus comme oracle offline","https://pypi.org/project/riskfolio-lib/ | https://github.com/dcajasn/Riskfolio-Lib"
"FGH-G03","PyPortfolioOpt 1.6.0","G","MODULE","MVO/HRP/Black-Litterman classiques","Python","MIT","pip lib","1.6.0 (2026-02-26)","mature (relancé)","small","TIER_A","gratuit OSS","L1","2","3","1","4","?","?","?","?","4","3","4","3","4","1","3","5","5","5","2","WATCH","L1 install seulement ; release 2026 après longue pause ; redondant avec skfolio","https://pypi.org/project/pyportfolioopt/"
"FGH-G04","cvxpy 1.9.3","G","MODULE","optimisation convexe sous contraintes (sizing, limites)","Python/C++","Apache-2.0","pip lib","1.9.3 (2026-09-19)","mature","large","TIER_A","gratuit OSS","L1","2","4","1","5","4","?","3","3","3","5","5","4","3","1","4","5","5","5","2","PARK","installé transitivement ; aucun problème d'optimisation à 2 actifs BUY-only ; solveurs différents -> résultats non bit-identiques","https://pypi.org/project/cvxpy/"
"FGH-G05","cvxportfolio 1.5.1","G","MODULE","backtest multi-période avec modèles de coûts","Python","GPL-3.0 (VERIFIED PyPI)","pip lib","1.5.1 (2025-07-06)","mature","small (Stanford cvxgrp)","TIER_A","gratuit OSS","L0","2","4","2","3","?","?","?","?","3","3","4","3","2","1","2","3","2","4","1","PARK","L0 ; GPL ; possède son propre backtester/marché = risque de seconde autorité économique ; modèles de coût actions","https://pypi.org/project/cvxportfolio/"
"FGH-G06","sklearn.covariance LedoitWolf/OAS ; River LedoitWolfCovariance online","G","MODULE","covariance robuste","Python","BSD-3","pip lib","scikit-learn 1.9.1 (2026-09-10) ; river 0.26.1","mature","large","TIER_A","gratuit OSS","L1","1","4","1","5","5","?","5","5","5","5","5","5","5","1","5","5","5","5","3","PARK","à N=2 actifs le shrinkage est sans objet ; utile seulement si l'univers PAPER grandit","https://scikit-learn.org/stable/modules/covariance.html"
"FGH-G07","nonlinshrink 0.7","G","MODULE","Ledoit-Wolf non linéaire","Python","MIT","pip lib","0.7 (2019-11-18)","abandoned","solo","TIER_A","gratuit OSS","L0","1","4","0","5","?","?","?","?","5","1","3","2","4","0","5","5","5","5","1","REJECT","stale 2019 ; sans objet à N=2 (skfolio fournit des estimateurs de covariance)","https://pypi.org/project/nonlinshrink/"
"FGH-G08","universal-portfolios 0.4.17 (OLPS)","G","CHALLENGER","allocation online (Cover, OLMAR…)","Python","Feedback MIT (FMIT) (VERIFIED LICENSE GitHub)","pip lib","0.4.17 (2026-07-30)","growing","solo","TIER_A","gratuit OSS","L0","1","2","0","3","?","?","?","?","3","3","3","2","3","0","2","5","4","5","1","REJECT","rebalancement long-only sans coûts réalistes ; littérature OLPS connue pour s'effondrer avec frais ; hors chemin critique","https://pypi.org/project/universal-portfolios/"
"FGH-H01","tigramite 5.2.10.1 (PCMCI / PCMCI+ / LPCMCI)","H","ORACLE","découverte de graphes causaux temporels (lead/lag multi-venues)","Python (+numba optionnel)","GPL-3.0-or-later (VERIFIED license.txt)","pip lib","5.2.10.1 (2026-01-14)","mature","small (J. Runge)","TIER_A","gratuit OSS ; GPL = usage labo interne","L2","3","4","2","4","5","3","4","4","5","4","5","3","4","2","5","4","2","5","3","PARK","MEASURED: sous NULL, un lien a->b à tau<=3 sans correction est déclaré 16-30 % du temps (alpha 5 %) ; avec fdr_bh 2 % ; comme Granger, prend un horodatage décalé pour un vrai lead (100 %) -> l'audit d'horodatage passe AVANT ; GPL","https://raw.githubusercontent.com/jakobrunge/tigramite/master/license.txt | https://pypi.org/project/tigramite/ | https://www.science.org/doi/10.1126/sciadv.aau4996"
"FGH-H02","causal-learn 0.1.4.8","H","ORACLE","PC/FCI/GES/LiNGAM","Python","MIT","pip lib","0.1.4.8 (2026-07-11)","growing","medium (py-why)","TIER_A","gratuit OSS","L0","1","3","1","2","?","?","?","?","4","4","4","2","3","0","5","5","5","5","1","PARK","L0 ; LAB_PRIOR 015 : 0 identification causale possible sur klines observationnelles","https://pypi.org/project/causal-learn/"
"FGH-H03","lingam 1.13.0 (VARLiNGAM)","H","ORACLE","causalité contemporaine/décalée non gaussienne","Python","MIT","pip lib","1.13.0 (2026-07-22)","mature","small","TIER_A","gratuit OSS","L0","1","3","1","2","?","?","?","?","3","4","4","3","3","0","5","5","5","5","1","PARK","L0 ; hypothèses (non-gaussianité, pas de confondant caché) intenables ici (LAB_PRIOR 015)","https://pypi.org/project/lingam/"
"FGH-H04","linearmodels 7.0","H","ORACLE","panel/IV/Fama-MacBeth","Python","NCSA","pip lib","7.0 (2025-10-21)","mature","small","TIER_A","gratuit OSS","L0","1","4","1","4","?","?","?","?","4","4","5","4","4","0","5","5","5","5","1","PARK","L0 ; pas de question panel/IV sur le chemin critique","https://pypi.org/project/linearmodels/"
"FGH-H05","statsforecast 2.1.1","H","CHALLENGER","prévision stat rapide (ETS/ARIMA/GARCH)","Python/numba","Apache-2.0","pip lib","2.1.1 (2026-07-16)","mature","medium (Nixtla)","TIER_A","gratuit OSS","L0","1","3","1","3","?","?","?","?","3","4","4","3","3","0","4","5","5","5","1","PARK","L0 ; prédiction générique hors orientation falsification","https://pypi.org/project/statsforecast/"
"FGH-H06","PyWavelets 1.10 / scipy.signal (cohérence, xcorr)","H","ORACLE","lead/lag spectral","Python/C","MIT/BSD","pip lib","PyWavelets 1.10.0 (2026-09-07, py>=3.12)","mature","medium","TIER_A","gratuit OSS","L0","1","3","1","2","?","?","?","?","5","4","5","4","4","0","5","5","5","5","1","PARK","L0 ; ondelettes non causales aux bords (lookahead) si mal utilisées ; PyWavelets 1.10 exige py>=3.12","https://pypi.org/project/PyWavelets/"
"FGH-H07","statsmodels DynamicFactorMQ","H","CHALLENGER","facteur commun multi-venues","Python","BSD-3","pip lib","0.15.0","mature","large","TIER_A","gratuit OSS","L0","1","3","1","2","?","?","?","?","4","5","5","3","3","0","5","5","5","5","1","PARK","L0 ; lissage Kalman par défaut (lookahead) ; sur-dimensionné","https://www.statsmodels.org/stable/generated/statsmodels.tsa.statespace.dynamic_factor_mq.DynamicFactorMQ.html"
"FGH-H08","networkx 3.7","H","MODULE","graphes (lignée, réseau lead/lag)","Python","BSD-3","pip lib","3.7 (2026-09-21)","mature","large","TIER_A","gratuit OSS","L0","1","2","1","5","?","?","?","?","5","5","5","4","4","0","5","5","5","5","1","PARK","L0 ; py>=3.12 pour 3.7 ; pas de besoin identifié","https://pypi.org/project/networkx/"
