scenario,N,IS,drift,half_spread,walk,impact,filled,identity_maxabs,IS_se
base,1000.0,0.6146136118846399,-0.010386388115360082,0.5,0.125,0.0,1.0,0.0,0.03306622351982636
base,10000.0,0.6529579704308311,0.027957970430831244,0.5,0.125,0.0,1.0,0.0,0.036136924717649246
base,100000.0,0.7639837131129159,0.012713895389846845,0.5,0.251269817723069,0.0,1.0,0.0,0.036667912106454884
base,1000000.0,1.5894231159435546,-0.026910939926931388,0.5,1.116334055870486,0.0,1.0,0.0,0.03569319601565133
base,10000000.0,5.601021570600834,-0.03423179434545741,0.5,5.135253364946292,0.0,1.0,0.0,0.04090012710103976
deep,1000.0,0.6452329390299371,0.020232939029937027,0.5,0.125,0.0,1.0,0.0,0.033556209230947306
deep,10000.0,0.559088467225594,-0.06591153277440606,0.5,0.125,0.0,1.0,0.0,0.035755433640189724
deep,100000.0,0.5781072151395023,-0.04701993236662217,0.5,0.1251271475061245,0.0,1.0,0.0,0.03762924021410674
deep,1000000.0,0.8818052763778704,-0.004320520847718579,0.5,0.386125797225589,0.0,1.0,0.0,0.03842751868581791
deep,10000000.0,2.2307561799484095,-0.042515864668668635,0.5,1.773272044617078,0.0,1.0,0.0,0.037745623167788823
hivol,1000.0,0.8576379929603513,0.23263799296035123,0.5,0.125,0.0,1.0,0.0,0.11058387366014441
hivol,10000.0,0.548856800661073,-0.07614319933892699,0.5,0.125,0.0,1.0,0.0,0.10647684431310198
hivol,100000.0,0.7549272339236838,-0.003991396339236364,0.5,0.2589186302629202,0.0,1.0,0.0,0.10091783358036391
hivol,1000000.0,1.6385962656080815,0.019042819704168316,0.5,1.1195534459039134,0.0,1.0,0.0,0.11534166771724357
hivol,10000000.0,5.738473505720205,0.06876929396967857,0.5,5.169704211750527,0.0,1.0,0.0,0.11032223153599634
lovol,1000.0,0.6230801655621708,-0.0019198344378291443,0.5,0.125,0.0,1.0,0.0,0.011962699200088207
lovol,10000.0,0.6366098451079857,0.011609845107985704,0.5,0.125,0.0,1.0,0.0,0.012911245963741531
lovol,100000.0,0.7650648748788555,0.007342859828803624,0.5,0.25772201505005193,0.0,1.0,0.0,0.013068536278700823
lovol,1000000.0,1.6296501668083379,0.014437205085988029,0.5,1.11521296172235,0.0,1.0,0.0,0.013908293436534127
lovol,10000000.0,5.63012031007963,-0.005040470855632699,0.5,5.135160780935263,0.0,1.0,0.0,0.018770356016869504
shallow,1000.0,2.084657494638824,-0.040342505361175715,2.0,0.125,0.0,1.0,0.0,0.037716133772044406
shallow,10000.0,2.2436789871862883,-0.05713134564134556,2.0,0.3008103328276342,0.0,1.0,0.0,0.03741978927236876
shallow,100000.0,3.383263170371442,0.03176129697965784,2.0,1.3515018733917847,0.0,1.0,0.0,0.036896943289230946
shallow,1000000.0,8.258929313439015,0.01761233166909116,2.0,6.241316981769924,0.0,1.0,0.0,0.04004194418358954
shallow,10000000.0,30.801111740243343,-0.005329540787425615,2.0,28.806441281030764,0.0,1.0,0.0,0.046677750567795114
withdraw,1000.0,1.6215868314705904,-0.003413168529409701,1.5,0.125,0.0,1.0,0.0,0.03572480024604355
withdraw,10000.0,1.676019453212561,-0.016562304901888765,1.5,0.19258175811444964,0.0,1.0,0.0,0.03675563649084649
withdraw,100000.0,2.318969086280257,-0.02877226685427442,1.5,0.8477413531345319,0.0,1.0,0.0,0.03534899294380855
withdraw,1000000.0,5.42878944146027,-0.016283609824147404,1.5,3.9450730512844174,0.0,1.0,0.0,0.03827256629821945
withdraw,10000000.0,19.584683328175604,-0.07365236613286048,1.5,18.158335694308462,0.0,1.0,0.0,0.04478249835707353
trend,1000.0,2.1549059397947112,1.5299059397947112,0.5,0.125,0.0,1.0,0.0,0.09317162763310764
trend,10000.0,2.1101279211379382,1.4851279211379385,0.5,0.125,0.0,1.0,0.0,0.08952020873894675
trend,100000.0,2.1087165166264965,1.3519669843133997,0.5,0.25674953231309683,0.0,1.0,0.0,0.08313269456268159
trend,1000000.0,3.152423819017831,1.5394290182986046,0.5,1.1129948007192267,0.0,1.0,0.0,0.09866459593059045
trend,10000000.0,7.157773746627608,1.5263303420648695,0.5,5.131443404562738,0.0,1.0,0.0,0.09037426991056427
meanrev,1000.0,0.6511106152197961,0.026110615219795956,0.5,0.125,0.0,1.0,0.0,0.12291440477855509
meanrev,10000.0,0.6996593230987626,0.0746593230987625,0.5,0.125,0.0,1.0,0.0,0.11703176573172937
meanrev,100000.0,0.8259883108055225,0.07230589280747396,0.5,0.2536824179980485,0.0,1.0,0.0,0.11621732842335206
meanrev,1000000.0,1.6238518692256287,0.0077599018514284525,0.5,1.1160919673742,0.0,1.0,0.0,0.1156989141198498
meanrev,10000000.0,5.571125644029806,-0.07185782922687851,0.5,5.142983473256685,0.0,1.0,0.0,0.11697248214652527
gap,1000.0,14.169844173247988,13.544844173247988,0.5,0.125,0.0,1.0,0.0,0.2635324143503774
gap,10000.0,13.855704607157143,13.230704607157145,0.5,0.125,0.0,1.0,0.0,0.2844463931147005
gap,100000.0,13.970761872183575,13.217963742598648,0.5,0.2527981295849283,0.0,1.0,0.0,0.2827305469884383
gap,1000000.0,14.454658651385829,12.833873649848874,0.5,1.1207850015369503,0.0,1.0,0.0,0.30749802731841014
gap,10000000.0,19.08439591722995,13.42981328229794,0.5,5.154582634932012,0.0,1.0,0.0,0.2644681964414504
wall,1000.0,0.6196239228503255,-0.011829406164748093,0.5,0.13145332901507364,0.0,1.0,0.0,0.03362597228872029
wall,10000.0,1.0691782909156708,0.021950079865424018,0.5,0.5472282110502469,0.0,1.0,0.0,0.035742298563814966
wall,100000.0,2.999098029956683,0.0235999928307184,0.5,2.475498037125964,0.0,1.0,0.0,0.03789237164611748
wall,1000000.0,8.875088566476498,-0.031372365447026436,0.5,8.406460931923524,0.0,1.0,0.0,0.035897688238887025
wall,10000000.0,10.226464423043227,-0.044113280297241646,0.5,9.770577703340468,0.0,1.0,0.0,0.03682019376995778
fragmented,1000.0,0.5874841614835333,-0.03751583851646666,0.5,0.125,0.0,1.0,0.0,0.037388410925699174
fragmented,10000.0,0.6603798514636215,0.035379851463621534,0.5,0.125,0.0,1.0,0.0,0.03881388583317237
fragmented,100000.0,0.751652640434033,-0.007193287567827727,0.5,0.25884592800186074,0.0,1.0,0.0,0.035994023744464886
fragmented,1000000.0,1.620005858562432,0.006919384320121995,0.5,1.1130864742423099,0.0,1.0,0.0,0.035996787271968166
fragmented,10000000.0,5.606390917504675,-0.043322191614254636,0.5,5.149713109118929,0.0,1.0,0.0,0.04271351198378231
concave_book,1000.0,0.5925318198539333,-0.03246818014606666,0.5,0.125,0.0,1.0,0.0,0.036387412965387445
concave_book,10000.0,0.6251944607509281,0.00019446075092803384,0.5,0.125,0.0,1.0,0.0,0.03755481380683222
concave_book,100000.0,0.6432190000379288,0.018219000037928774,0.5,0.125,0.0,1.0,0.0,0.03627539725782072
concave_book,1000000.0,0.6293247734555373,-0.03415762623000028,0.5,0.1634823996855376,0.0,1.0,0.0,0.0354565077809849
concave_book,10000000.0,8.914630401377108,0.04119864760818817,0.5,8.37343175376892,0.0,1.0,0.0,0.0749640159283831
coupled_hivol,1000.0,1.8551820977373203,0.2301820977373203,1.5,0.125,0.0,1.0,0.0,0.10371612215082088
coupled_hivol,10000.0,1.87774057557296,0.24842887158212604,1.5,0.12931170399083372,0.0,1.0,0.0,0.11476946018847534
coupled_hivol,100000.0,1.963406066824745,-0.04340787283563843,1.5,0.5068139396603832,0.0,1.0,0.0,0.11067951132820453
coupled_hivol,1000000.0,3.8763273764506874,0.07625265796717941,1.5,2.300074718483508,0.0,1.0,0.0,0.10957728053846583
coupled_hivol,10000000.0,12.246479482965885,0.027061946936615275,1.5,10.71941753602927,0.0,1.0,0.0,0.11260325131297069
coupled_lovol,1000.0,0.3670969084210042,-0.00790309157899579,0.25,0.125,0.0,1.0,0.0,0.011905537402272948
coupled_lovol,10000.0,0.3892049646809896,0.014204964680989628,0.25,0.125,0.0,1.0,0.0,0.012567655142614311
coupled_lovol,100000.0,0.367784154404564,-0.01422085918623063,0.25,0.13200501359079467,0.0,1.0,0.0,0.012512462090370532
coupled_lovol,1000000.0,0.786313933152048,-0.005794173146475632,0.25,0.5421081062985238,0.0,1.0,0.0,0.012773418423813335
coupled_lovol,10000000.0,2.7443505066187464,0.003920799900868428,0.25,2.4904297067178782,0.0,1.0,0.0,0.013977825784249762
