ing,policy,net_per_avail_slot_hour,top_inst_admit_share,rej_rate_instw,n_admit
COOLDOWN,CORR_AWARE,1.958431796453775,0.3204947831235336,3.326729864588704,279.3
COOLDOWN,EQUAL_QUOTA,2.0174582647357573,0.2611783924503414,4.472890396741685,289.4
COOLDOWN,FIFO,2.0520305799634837,0.29853714537276443,3.241337928094345,301.7
COOLDOWN,FIFO_SCREEN,2.042350332341305,0.3148769244691537,3.175886088489258,285.0
COOLDOWN,LINTS,2.0073059493171765,0.3205970288972974,3.2611686210907704,282.8
COOLDOWN,OLDEST_SLOT,2.165033221335105,0.29673342312119344,4.643239800265398,371.3
COOLDOWN,ORACLE_GREEDY_UB,4.692363783730921,0.30472886042190184,1.702035386575119,308.1
COOLDOWN,RANDOM,2.005727542547924,0.302316204699388,4.366340053447152,299.3
COOLDOWN,ROUND_ROBIN,2.015799354868809,0.29351676616411115,4.253518776793696,294.1
COOLDOWN,SCORE_RANK,2.0120424663869922,0.3154292624882455,3.9479870649195257,277.1
COOLDOWN,SLOTHOUR,2.0193405175325987,0.31985878048843047,3.146536713686303,279.5
COOLDOWN,SLOTHOUR_SHADOW,1.9782905832424025,0.3426401400851967,3.141518759990567,256.7
COOLDOWN,UNCERTAINTY_LCB,2.196233420853614,0.3178883806221756,2.6688230755719498,287.6
DEDUP_LATEST,CORR_AWARE,2.24586293653537,0.34480778525290373,3.48777908260479,299.0
DEDUP_LATEST,EQUAL_QUOTA,2.107084587758851,0.26873911618770924,4.590934787585081,298.9
DEDUP_LATEST,FIFO,2.1867822707332074,0.29601089569982897,4.405471594398404,306.4
DEDUP_LATEST,FIFO_SCREEN,2.3249945086300428,0.3236838674837734,3.926160716158517,297.0
DEDUP_LATEST,LINTS,2.2531725149759034,0.3453519409545297,3.198418320996558,300.5
DEDUP_LATEST,OLDEST_SLOT,2.182459699651532,0.308319662686123,4.602924187402208,388.4
DEDUP_LATEST,ORACLE_GREEDY_UB,4.812439862698612,0.3189479943248237,2.2888001127713387,319.6
DEDUP_LATEST,RANDOM,2.1219465741815666,0.32495445370521203,4.140355759924494,310.6
DEDUP_LATEST,ROUND_ROBIN,2.1442758566408697,0.2998732511596176,4.354023384262541,304.4
DEDUP_LATEST,SCORE_RANK,2.238001511200417,0.3395940391504848,3.3566872307849898,294.8
DEDUP_LATEST,SLOTHOUR,2.228397996513068,0.34677656542618696,3.528228925841053,299.0
DEDUP_LATEST,SLOTHOUR_SHADOW,2.1843520151910893,0.3580461266364838,3.0565240663358564,274.9
DEDUP_LATEST,UNCERTAINTY_LCB,2.285869381883938,0.35151563583862466,3.794550463601275,303.8
RAW,CORR_AWARE,2.2772109811966295,0.3532800054820907,3.452031549208816,301.7
RAW,EQUAL_QUOTA,2.142700703655188,0.26972544288941414,4.511312971091472,300.2
RAW,FIFO,2.082061461961021,0.32012978460941255,3.9223447186673233,309.4
RAW,FIFO_SCREEN,2.313022074681891,0.34448503977116235,3.4966194057610154,300.8
RAW,LINTS,2.302569442223394,0.3565927082840705,2.802719854550854,302.7
RAW,OLDEST_SLOT,2.2220449245518537,0.3118619114009203,3.979253273767276,390.9
RAW,ORACLE_GREEDY_UB,4.812439862698612,0.3189479943248237,2.1776428266834484,319.6
RAW,RANDOM,2.1788954647004206,0.32700077316950604,4.0455902040325356,308.1
RAW,ROUND_ROBIN,2.1442758566408697,0.2998732511596176,3.833784080210607,304.4
RAW,SCORE_RANK,2.2329843932882794,0.34961963935235046,2.981865143377237,295.9
RAW,SLOTHOUR,2.271125672423426,0.35401851437347287,3.4574169441368867,303.0
RAW,SLOTHOUR_SHADOW,2.290214379310079,0.3776497271297065,3.3620328343100483,284.6
RAW,UNCERTAINTY_LCB,2.2498679019516743,0.3492767965879697,3.508053216855173,303.9
SCORE_UPDATE,CORR_AWARE,2.24586293653537,0.34480778525290373,3.48777908260479,299.0
SCORE_UPDATE,EQUAL_QUOTA,2.11406940963277,0.26913583709281663,4.374635793384335,299.4
SCORE_UPDATE,FIFO,2.162818744524329,0.3231820765959492,4.034794170738696,309.5
SCORE_UPDATE,FIFO_SCREEN,2.300703244401391,0.3425054768486152,3.956646596039044,299.0
SCORE_UPDATE,LINTS,2.2531725149759034,0.3453519409545297,3.198418320996558,300.5
SCORE_UPDATE,OLDEST_SLOT,2.2460114142284286,0.3122290678620717,4.0758417109308365,391.3
SCORE_UPDATE,ORACLE_GREEDY_UB,4.812439862698612,0.3189479943248237,2.2888001127713387,319.6
SCORE_UPDATE,RANDOM,2.105099147070999,0.31623747066572,4.36536078033336,307.1
SCORE_UPDATE,ROUND_ROBIN,2.1442758566408697,0.2998732511596176,4.354023384262541,304.4
SCORE_UPDATE,SCORE_RANK,2.238001511200417,0.3395940391504848,3.3566872307849898,294.8
SCORE_UPDATE,SLOTHOUR,2.228397996513068,0.34677656542618696,3.528228925841053,299.0
SCORE_UPDATE,SLOTHOUR_SHADOW,2.1843520151910893,0.3580461266364838,3.0565240663358564,274.9
SCORE_UPDATE,UNCERTAINTY_LCB,2.285869381883938,0.35151563583862466,3.794550463601275,303.8
