policy,ingest,metric,diff_vs_RAW,lo,hi
FIFO,DEDUP_LATEST,net_per_avail_slot_hour,0.1047208087721861,-0.019597531399829,0.22957463594250618
FIFO,DEDUP_LATEST,top_inst_admit_share,-0.024118888909583563,-0.03967227926368964,-0.013146276188203023
FIFO,COOLDOWN,net_per_avail_slot_hour,-0.030030881997537562,-0.16521971187986034,0.1149245268568603
FIFO,COOLDOWN,top_inst_admit_share,-0.021592639236648135,-0.035062008446655565,-0.007829394039332744
FIFO,SCORE_UPDATE,net_per_avail_slot_hour,0.08075728256330775,-0.03665704673699828,0.2500916154143108
FIFO,SCORE_UPDATE,top_inst_admit_share,0.0030522919865366566,-0.00414203592593725,0.010331597397937969
SLOTHOUR,DEDUP_LATEST,net_per_avail_slot_hour,-0.04272767591035835,-0.1491644216411511,0.06069236119216132
SLOTHOUR,DEDUP_LATEST,top_inst_admit_share,-0.0072419489472859335,-0.01530376671530691,-0.0001242410371529355
SLOTHOUR,COOLDOWN,net_per_avail_slot_hour,-0.2517851548908273,-0.3696191955048987,-0.11758730088575355
SLOTHOUR,COOLDOWN,top_inst_admit_share,-0.03415973388504242,-0.043965318744040964,-0.02390922664845996
SLOTHOUR,SCORE_UPDATE,net_per_avail_slot_hour,-0.04272767591035835,-0.15285579365726246,0.06261843270873976
SLOTHOUR,SCORE_UPDATE,top_inst_admit_share,-0.0072419489472859335,-0.015569145861265102,0.00023416725111426442
SCORE_RANK,DEDUP_LATEST,net_per_avail_slot_hour,0.005017117912137081,-0.10668159273638808,0.11638204465736787
SCORE_RANK,DEDUP_LATEST,top_inst_admit_share,-0.010025600201865692,-0.014753423014933573,-0.004650304483926957
SCORE_RANK,COOLDOWN,net_per_avail_slot_hour,-0.22094192690128747,-0.2882844492113391,-0.15530277156060435
SCORE_RANK,COOLDOWN,top_inst_admit_share,-0.034190376864104984,-0.04408915128413988,-0.025109236297955185
SCORE_RANK,SCORE_UPDATE,net_per_avail_slot_hour,0.005017117912137081,-0.09946696463585172,0.11619094657298192
SCORE_RANK,SCORE_UPDATE,top_inst_admit_share,-0.010025600201865692,-0.01477137561031112,-0.004960364003768551
UNCERTAINTY_LCB,DEDUP_LATEST,net_per_avail_slot_hour,0.03600147993226392,-0.05758812867878098,0.11568864708224848
UNCERTAINTY_LCB,DEDUP_LATEST,top_inst_admit_share,0.002238839250654967,-0.00502505566055337,0.009944667588497486
UNCERTAINTY_LCB,COOLDOWN,net_per_avail_slot_hour,-0.05363448109806015,-0.19052720183715158,0.06851664892104709
UNCERTAINTY_LCB,COOLDOWN,top_inst_admit_share,-0.03138841596579405,-0.04760004175589854,-0.01517580346129576
UNCERTAINTY_LCB,SCORE_UPDATE,net_per_avail_slot_hour,0.03600147993226392,-0.060819015508453145,0.11567019656534383
UNCERTAINTY_LCB,SCORE_UPDATE,top_inst_admit_share,0.002238839250654967,-0.0052761136557152215,0.009867408052346873
FIFO_SCREEN,DEDUP_LATEST,net_per_avail_slot_hour,0.011972433948151706,-0.11026741583465825,0.13654137050679885
FIFO_SCREEN,DEDUP_LATEST,top_inst_admit_share,-0.02080117228738892,-0.03157942176360891,-0.010969573428592635
FIFO_SCREEN,COOLDOWN,net_per_avail_slot_hour,-0.2706717423405859,-0.4088833207623905,-0.125171039100306
FIFO_SCREEN,COOLDOWN,top_inst_admit_share,-0.02960811530200863,-0.04038893667132296,-0.01891174584106443
FIFO_SCREEN,SCORE_UPDATE,net_per_avail_slot_hour,-0.012318830280500181,-0.13829805551793606,0.11591789350778155
FIFO_SCREEN,SCORE_UPDATE,top_inst_admit_share,-0.0019795629225471565,-0.010818543878914613,0.007009620794496334
ROUND_ROBIN,DEDUP_LATEST,net_per_avail_slot_hour,0.0,0.0,0.0
ROUND_ROBIN,DEDUP_LATEST,top_inst_admit_share,0.0,0.0,0.0
ROUND_ROBIN,COOLDOWN,net_per_avail_slot_hour,-0.12847650177206044,-0.2909557393487745,0.03619281737883982
ROUND_ROBIN,COOLDOWN,top_inst_admit_share,-0.006356484995506428,-0.01676874926139929,0.0038697753674879613
ROUND_ROBIN,SCORE_UPDATE,net_per_avail_slot_hour,0.0,0.0,0.0
ROUND_ROBIN,SCORE_UPDATE,top_inst_admit_share,0.0,0.0,0.0
