policy,params,net_per_avail_slot_hour
CORR_AWARE,"{""gamma"": 0.02}",2.3150133532758166
CORR_AWARE,"{""gamma"": 0.05}",2.3192036276295784
CORR_AWARE,"{""gamma"": 0.1}",2.311576259979266
CORR_AWARE,"{""gamma"": 0.2}",2.326946181735181
CORR_AWARE,"{""gamma"": 0.4}",2.327946626780302
LINTS,"{""alpha"": 0.1}",2.3248551529408816
LINTS,"{""alpha"": 0.3}",2.3306150283884155
LINTS,"{""alpha"": 0.6}",2.316560020981729
OLDEST_SLOT,"{""min_hold"": 2}",2.0925989544614225
OLDEST_SLOT,"{""min_hold"": 4}",2.2707342203001755
OLDEST_SLOT,"{""min_hold"": 8}",2.193454496299497
SLOTHOUR_SHADOW,"{""theta"": 0.25}",2.3437761017120744
SLOTHOUR_SHADOW,"{""theta"": 0.5}",2.0531114463418407
SLOTHOUR_SHADOW,"{""theta"": 0.75}",1.0679110617560577
SLOTHOUR_SHADOW,"{""theta"": 1.0}",0.3989367567021338
SLOTHOUR_SHADOW,"{""theta"": 1.25}",0.18869772575838234
UNCERTAINTY_LCB,"{""kappa"": 0.0, ""omega"": 0.0}",2.348525726803031
UNCERTAINTY_LCB,"{""kappa"": 0.0, ""omega"": 0.3}",2.370394471681464
UNCERTAINTY_LCB,"{""kappa"": 0.0, ""omega"": 0.6}",2.4176288208249606
UNCERTAINTY_LCB,"{""kappa"": 0.1, ""omega"": 0.0}",2.3443674150776337
UNCERTAINTY_LCB,"{""kappa"": 0.1, ""omega"": 0.3}",2.367640444209422
UNCERTAINTY_LCB,"{""kappa"": 0.1, ""omega"": 0.6}",2.377110504966242
UNCERTAINTY_LCB,"{""kappa"": 0.3, ""omega"": 0.0}",2.307106857147086
UNCERTAINTY_LCB,"{""kappa"": 0.3, ""omega"": 0.3}",2.364262509918024
UNCERTAINTY_LCB,"{""kappa"": 0.3, ""omega"": 0.6}",2.3802709200602945
