case,arm,net_per_avail_slot_hour,pnl_std,worst_24h,max_drawdown,hhi_group,hq_capture
F_corr_collapse|base,SLOTHOUR,1.8641317685900014,17.670860071631413,-582.404139031871,1722.043894218667,0.2681525343664038,0.8144172090026638
F_corr_collapse|base,g0.1,1.924613656739742,17.65713266799354,-578.4901579495852,1657.1019788245485,0.2660085094955193,0.8181357051435247
F_corr_collapse|base,g0.4,1.8188602747077618,17.173219983348815,-607.0661620428365,1636.7403009188881,0.26498082331626693,0.8016451899468491
F_corr_collapse|base,g1.0,1.767172444382552,17.183213716309115,-614.8944129348531,1673.6993893509334,0.2607467156610087,0.8021659525039212
F_corr_collapse|base,g2.0,1.5881630918057683,17.3768121696071,-633.8598527367849,1806.3159292923658,0.2587936275511053,0.7869598461101844
F_corr_collapse|base,g4.0,1.5208320832181155,17.130320929680547,-627.4221623507362,1784.1041784639997,0.2572325299772509,0.7882482322625479
F_corr_collapse|base,g8.0,1.4477491644475613,17.107338017481233,-645.7025580513302,1871.9412161086555,0.2575792284358077,0.7691170299583999
S5_correlated|base,SLOTHOUR,1.9917050318378728,13.957779406439547,-259.54391597256654,426.19267411309085,0.284618756316396,0.7926051688597896
S5_correlated|base,g0.1,1.9665324023919522,13.935738293663471,-280.94678164712184,437.65564180805416,0.2845185170525718,0.7914722941282142
S5_correlated|base,g0.4,2.0421628531525147,13.681670502122325,-229.2043076616648,363.21202699525736,0.2785054147525707,0.7914662297166144
S5_correlated|base,g1.0,2.036703435777915,13.238165096339959,-218.84528803866033,388.266867150952,0.270514362208042,0.7776330388098036
S5_correlated|base,g2.0,1.994142036348573,13.16292097658489,-231.77523998969508,339.90037513685473,0.26628911156539375,0.7789425727849691
S5_correlated|base,g4.0,1.826107653974611,12.707232778012116,-245.11564968673116,323.87836878578355,0.26447946660711236,0.741641823515339
S5_correlated|base,g8.0,1.8653440257429927,12.813668768820259,-230.30084087769765,326.1298033790522,0.2640049911919175,0.7503198321052901
S5_correlated|rho0.9,SLOTHOUR,1.90926736466712,14.423809450700151,-308.0501154683099,558.1817884086306,0.284618756316396,0.7954856455469637
S5_correlated|rho0.9,g0.1,1.9014776462000806,14.395015212888632,-323.04516276132307,565.8509769384158,0.2845185170525718,0.7951121740922158
S5_correlated|rho0.9,g0.4,1.9475490370790538,14.032971260308788,-260.1655925292548,458.3148013066743,0.2785054147525707,0.794713703615187
S5_correlated|rho0.9,g1.0,1.9603005616979001,13.546924570638657,-259.75990529355204,471.8452834014123,0.270514362208042,0.7786264820338223
S5_correlated|rho0.9,g2.0,1.9079777304264964,13.431070898397346,-262.5699012193284,416.0173763913755,0.26628911156539375,0.7730628468637473
S5_correlated|rho0.9,g4.0,1.7516059610991437,12.979390214483882,-279.0631408867491,387.5515114737657,0.26447946660711236,0.738256316771924
S5_correlated|rho0.9,g8.0,1.7823543993476967,13.085517184344505,-256.9977632899678,390.26942714954316,0.2640049911919175,0.7457744122877785
S5b_corr_benign|base,SLOTHOUR,2.748158291703325,12.954480843186314,-92.93697944763144,147.5557089506605,0.2865393044218168,0.7825403460891807
S5b_corr_benign|base,g0.1,2.7680514423940528,12.637097476343305,-88.26745295347841,131.77770923595773,0.2850194860151607,0.7795806431476292
S5b_corr_benign|base,g0.4,2.7540067330840836,12.343869155816112,-73.83769786748535,123.24587050584819,0.2748421009270071,0.7785026644481253
S5b_corr_benign|base,g1.0,2.6224257172165357,12.075928277733693,-64.24430211896026,116.72417815281737,0.26775661922869065,0.75736212302099
S5b_corr_benign|base,g2.0,2.481543919114265,12.154302106931421,-86.21009049617882,138.45300883051607,0.2631953066670003,0.7544832879432903
S5b_corr_benign|base,g4.0,2.454172636706952,12.172185398787834,-112.03847534688559,155.61744579524262,0.26152364747479095,0.7449606466898493
S5b_corr_benign|base,g8.0,2.473799621298383,12.09130292992409,-110.84218752105737,159.3520254772556,0.2615909274362197,0.7510946739901152
S5b_corr_benign|rho0.9,SLOTHOUR,2.725992436088555,13.0556005088635,-98.16525138684185,154.4592280511162,0.2865393044218168,0.7816579079146051
S5b_corr_benign|rho0.9,g0.1,2.7598228068505444,12.764149378221251,-99.28002518197266,137.5424006718236,0.2850194860151607,0.7819581334436175
S5b_corr_benign|rho0.9,g0.4,2.727227903812115,12.455792791489674,-87.23028176342333,133.03992791998525,0.2748421009270071,0.7812563045583525
S5b_corr_benign|rho0.9,g1.0,2.5993838756365983,12.17013129385426,-80.34750461770484,127.32010593186658,0.26775661922869065,0.7583211528774123
S5b_corr_benign|rho0.9,g2.0,2.4595079674673177,12.259113947932832,-97.58382706905203,146.97489506100143,0.2631953066670003,0.7566590478080639
S5b_corr_benign|rho0.9,g4.0,2.4333833350839322,12.21397637939301,-113.13713014411869,161.41527342631616,0.26152364747479095,0.7510200230982942
S5b_corr_benign|rho0.9,g8.0,2.4428812238393616,12.136718883518519,-117.42765846086418,161.78313991256178,0.2615909274362197,0.7547194307142453
