case,arm,metric,diff,lo,hi
S5_correlated|base,g0.4,net_per_avail_slot_hour,0.050457821314642104,-0.059317671743072314,0.15497645249601058
S5_correlated|base,g0.4,max_drawdown,-62.9806471178335,-172.43290819353882,29.93259725054981
S5_correlated|base,g0.4,worst_24h,30.33960831090173,-8.416029368367367,67.63894558302624
S5_correlated|base,g1.0,net_per_avail_slot_hour,0.044998403940041974,-0.08658004631424167,0.1640746684383827
S5_correlated|base,g1.0,max_drawdown,-37.92580696213886,-139.9011110503117,49.03231554590782
S5_correlated|base,g1.0,worst_24h,40.69862793390623,5.944947495453692,79.13526130783492
S5_correlated|base,g4.0,net_per_avail_slot_hour,-0.16559737786326173,-0.30997753717734255,-0.023893492765359535
S5_correlated|base,g4.0,max_drawdown,-102.31430532730732,-232.5526430247689,9.327646174502902
S5_correlated|base,g4.0,worst_24h,14.428266285835363,-23.784882622551383,59.40766969598098
S5b_corr_benign|base,g0.4,net_per_avail_slot_hour,0.005848441380758229,-0.14772298745208984,0.14890898457022073
S5b_corr_benign|base,g0.4,max_drawdown,-24.30983844481228,-51.78674554374028,-0.8549466332739937
S5b_corr_benign|base,g0.4,worst_24h,19.099281580146105,-9.220175943438703,46.9994272253182
S5b_corr_benign|base,g1.0,net_per_avail_slot_hour,-0.12573257448678954,-0.27905562730981026,0.023140555278552865
S5b_corr_benign|base,g1.0,max_drawdown,-30.83153079784311,-54.90856437010239,-4.37341424452161
S5b_corr_benign|base,g1.0,worst_24h,28.6926773286712,-3.7729373909511694,58.59000364502439
S5b_corr_benign|base,g4.0,net_per_avail_slot_hour,-0.2939856549963732,-0.43450544920104844,-0.15325347066115133
S5b_corr_benign|base,g4.0,max_drawdown,8.061736844582134,-14.109528309494001,31.710688184819496
S5b_corr_benign|base,g4.0,worst_24h,-19.101495899254154,-52.92924223815466,15.434452081565118
F_corr_collapse|base,g0.4,net_per_avail_slot_hour,-0.045271493882239784,-0.17467797116675138,0.09113775851183027
F_corr_collapse|base,g0.4,max_drawdown,-85.30359329977856,-208.33497532257365,34.13997193699542
F_corr_collapse|base,g0.4,worst_24h,-24.66202301096546,-74.99752179087866,21.526643696935352
F_corr_collapse|base,g1.0,net_per_avail_slot_hour,-0.09695932420744911,-0.2579117046058271,0.06631299493859694
F_corr_collapse|base,g1.0,max_drawdown,-48.344504867733335,-169.02182453071126,67.89262136610239
F_corr_collapse|base,g1.0,worst_24h,-32.490273902982196,-84.21360641751446,20.38300139826151
F_corr_collapse|base,g4.0,net_per_avail_slot_hour,-0.3432996853718859,-0.5011188770714199,-0.1895001449134088
F_corr_collapse|base,g4.0,max_drawdown,62.060284245333115,-108.22926276873447,209.64358114759128
F_corr_collapse|base,g4.0,worst_24h,-45.01802331886519,-102.52152093682638,6.306938041159366
S5_correlated|rho0.9,g0.4,net_per_avail_slot_hour,0.03828167241193353,-0.06005759621719406,0.1351536983455059
S5_correlated|rho0.9,g0.4,max_drawdown,-99.86698710195624,-196.77439645296246,-5.784625909182669
S5_correlated|rho0.9,g0.4,worst_24h,47.88452293905509,7.062490773062142,88.9582738447592
S5_correlated|rho0.9,g1.0,net_per_avail_slot_hour,0.05103319703077982,-0.05718740622033476,0.15088594087085028
S5_correlated|rho0.9,g1.0,max_drawdown,-86.3365050072182,-184.00400900413655,5.540068005197019
S5_correlated|rho0.9,g1.0,worst_24h,48.29021017475789,13.45848042620403,88.59651442823814
S5_correlated|rho0.9,g4.0,net_per_avail_slot_hour,-0.1576614035679764,-0.298185164382766,-0.025435883518221153
S5_correlated|rho0.9,g4.0,max_drawdown,-170.63027693486487,-312.9777311933062,-48.95696862497215
S5_correlated|rho0.9,g4.0,worst_24h,28.986974581560826,-10.089625138684246,73.67455817701457
S5b_corr_benign|rho0.9,g0.4,net_per_avail_slot_hour,0.0012354677235597578,-0.14683805169923936,0.14516454738133136
S5b_corr_benign|rho0.9,g0.4,max_drawdown,-21.419300131130957,-48.75926026161999,5.946572369530991
S5b_corr_benign|rho0.9,g0.4,worst_24h,10.934969623418507,-21.051339336728297,41.96049490595844
S5b_corr_benign|rho0.9,g1.0,net_per_avail_slot_hour,-0.12660856045195662,-0.2637570053467515,0.0033121559971564653
S5b_corr_benign|rho0.9,g1.0,max_drawdown,-27.139122119249645,-54.04646988852891,-1.5076040012621263
S5b_corr_benign|rho0.9,g1.0,worst_24h,17.817746769136996,-11.64349478867026,47.43242565750405
S5b_corr_benign|rho0.9,g4.0,net_per_avail_slot_hour,-0.2926091010046227,-0.43331130460244177,-0.16215404631578825
S5b_corr_benign|rho0.9,g4.0,max_drawdown,6.956045375199951,-17.449717025585908,32.370841390803335
S5b_corr_benign|rho0.9,g4.0,worst_24h,-14.971878757276864,-46.114330930844154,17.447676350390502
