policy,net_per_avail_slot_hour,net_total,net_per_busy_slot_hour,turnover_per_slot_hour,idle_slot_hours,idle_with_backlog,hhi_inst,hhi_group,top_inst_share,starve_inst_rate,starve_soft_rate,max_denial_hours,top_inst_admit_share,rej_rate_instw,rej_rate_raw,adm_rate,hq_capture,pnl_std,worst_24h,max_drawdown,churn_reentry_frac,occ_std,full_frac,mean_hold,n_admit,evict_frac,sel_time_s,regret_vs_oracle_M1
CORR_AWARE,2.1941266424404127,5265.90394185699,2.6036413345268272,0.10417788461538459,382.6884615384615,57.2576923076923,0.09199106118381807,0.22713689300730028,0.15228033289221268,0.0023076923076923053,0.029457849842465206,272.4269230769231,0.16074038556977427,2.7128549501062,2.161171146846471,4.4042657578471,0.7409564104367065,11.763512340672017,-128.33551017928409,201.0528534753841,0.3369934271723165,0.16098810403016106,0.7145769230769231,8.376049057586027,250.02692307692308,0.0,0.005069175715266235,3.524921351113683
EQUAL_QUOTA,1.7398220139298841,4175.572833431723,1.984993745029048,0.1024983974358974,295.3076923076923,0.0,0.08341763989600989,0.21605148921111597,0.1300316989129504,0.0,0.00025641025641025614,132.66923076923078,0.09512240492593688,3.4857514426984997,3.604185762845736,3.3463964016077887,0.6227922209615312,11.422913531310794,-174.31497372113284,249.3996254843591,0.22673165206145732,0.13009627876901392,0.7836666666666667,8.841627806262398,245.99615384615385,0.0,0.0010771940499671828,3.9792259796242115
FIFO,1.780633999353684,4273.521598448842,2.0282255822756605,0.10408012820512817,292.7230769230769,0.0,0.09367017155831948,0.23131006319254332,0.1555973833630325,0.00025641025641025614,0.01617216117216116,214.77307692307693,0.14399890201166327,3.460677175051975,3.5524143516149898,3.4387317009410676,0.6377967525721135,11.557494279455423,-176.58568099528327,263.51491440536796,0.3048939361793497,0.12910733872825417,0.7851858974358975,8.75311350969734,249.7923076923077,0.0,0.0005608066923601288,3.9384139942004115
FIFO_SCREEN,1.9444401113932537,4666.656267343808,2.303785829687603,0.10015224358974356,371.3230769230769,51.80769230769231,0.09666460226675397,0.23234518457638528,0.1611582594800803,0.0007692307692307684,0.022899408284023648,247.59230769230768,0.14919489810842615,3.032696822386569,2.7366394418370295,3.8730138960384557,0.6982667705500021,11.427180898751512,-149.0760292699633,228.57299255204947,0.3074927734105247,0.15519548317622153,0.7266410256410256,8.737489605949579,240.3653846153846,0.0,0.0010961628114788942,3.7746078821608418
LINTS,2.1962678454922533,5271.042829181407,2.6072345525764655,0.10468429487179484,383.33076923076925,57.66538461538461,0.0914895729356806,0.22742157089543025,0.15104539865083996,0.0015384615384615374,0.02738825277286814,260.8230769230769,0.16072447287689992,2.7349504006709915,2.16447265931496,4.39578098172135,0.7434339141783336,11.907852511475921,-127.32625263182882,204.37754963962564,0.33800730704029763,0.1610878848502044,0.7136025641025641,8.3453671768638,251.2423076923077,0.0,0.03745637860775485,3.5227801480618424
OLDEST_SLOT,1.9657183140409513,4717.7239536982825,2.2559956421988,0.19555448717948715,320.30384615384617,0.0,0.0872471905481398,0.22570943819720857,0.14294746518402554,0.0,0.006923076923076916,104.95769230769231,0.13425889690015178,3.495154744745005,3.272497472007508,2.9204683908169082,0.9342782074652696,15.624071210188976,-200.15570851400528,305.07503870906726,0.44113816356960905,0.13955979592664447,0.756576923076923,5.040792614059712,469.33076923076925,0.5229965605993875,0.008154529976965112,3.7533296795131443
ORACLE_GREEDY_UB,5.719047993554096,13725.715184529832,6.660404138739083,0.12136858974358972,376.49615384615385,58.534615384615385,0.0880361047181675,0.2233134464806962,0.1427633646301237,0.00025641025641025614,0.01205128205128204,197.30384615384614,0.14543715297853416,1.5298977561050413,1.2917936632401452,9.255591030225858,0.8891664264636526,12.034743868603394,255.44953318833265,0.0,0.3311347980432695,0.16955963956399409,0.7051089743589743,7.3608967982085485,291.2846153846154,0.0,0.008847107722991325,0.0
RANDOM,1.7387484072911985,4172.996177498876,1.9859589273340186,0.10430929487179484,298.86153846153843,0.0,0.0918529192629305,0.22598362494889068,0.15233016815915404,0.0,0.008461538461538454,205.14999999999998,0.14080956542790626,3.3441371345656026,3.4660479928883623,3.4118602453067655,0.6435098846670874,11.59967171053776,-174.41145266022946,265.7511082231363,0.30527566441926596,0.13240699082291035,0.7776153846153846,8.710928889267922,250.34230769230768,0.0,0.002207065350081305,3.9802995862628974
ROUND_ROBIN,1.774783124378473,4259.479498508335,2.0239160876636557,0.10370993589743588,296.1384615384615,0.0,0.0896403375015207,0.2230686559480679,0.1473647416385173,0.0,0.007692307692307684,193.3692307692308,0.1299300771679766,3.417276169334192,3.5701511928484964,3.4186708813648,0.6597009027380112,11.471370226726206,-174.7903925422344,249.65422496275113,0.25931413458601354,0.13110746086964117,0.7811410256410256,8.754722933376227,248.90384615384616,0.0,0.0009629625038650962,3.9442648691756226
SCORE_RANK,2.1454819407587653,5149.156657821037,2.543093159063706,0.09797275641025638,379.3692307692308,56.611538461538466,0.09767052948080038,0.23226169715226755,0.16116732529729977,0.0028205128205128177,0.039457849842465205,289.9153846153846,0.15456699477518202,2.8184542019665315,2.338716215047931,4.283401665548496,0.699801054504082,11.58241649675934,-139.8484056093245,216.33017099230364,0.3355446086353838,0.15926087127221988,0.7170192307692307,8.934616913385032,235.1346153846154,0.0,0.00133299423078041,3.5735660527953304
SLOTHOUR,2.215790901977265,5317.898164745436,2.6276095080307,0.10428846153846151,382.8538461538462,57.79615384615385,0.09217361650175702,0.22766781455103186,0.15240988947029985,0.002051282051282049,0.03149081687543224,272.6923076923077,0.16007859881222208,2.706060727696217,2.144409047467329,4.418813187241392,0.7420487591615712,11.825543508159239,-131.50406908073188,207.0482976874632,0.33916569058568524,0.1608770888347291,0.7138141025641025,8.379428735570702,250.2923076923077,0.0,0.0016545501808457532,3.5032570915768306
SLOTHOUR_SHADOW,2.2248081254944685,5339.539501186723,2.8446402817323824,0.10011217948717946,510.38461538461536,158.5,0.0949118041381581,0.2322693628440643,0.15855263273454268,0.0024403801326878228,0.057914713491636544,324.9884615384616,0.1702432843011534,2.701479047240656,2.057523823403053,4.727216930219777,0.728861606348336,11.779490386608831,-114.88554677263694,182.22211189141,0.3425630596196972,0.19536898867017596,0.617801282051282,8.158215062215364,240.26923076923077,0.0,0.0027137664153323465,3.494239868059627
UNCERTAINTY_LCB,2.277696254658564,5466.471011180553,2.6569439410464115,0.10568269230769227,359.3538461538461,39.28076923076923,0.09479447234081638,0.2314540089973692,0.15704817176180663,0.004787520172135554,0.05857456645918181,330.49615384615385,0.16844206524430375,2.7671116069451327,2.002030760092966,4.495085872168639,0.7524752988561508,11.958459679855274,-133.85102457468486,206.29814765749973,0.3644493110820673,0.15300777417072883,0.732801282051282,8.362973554705778,253.63846153846154,0.0,0.0029302428922225554,3.4413517388955315
