policy,scen,net_per_avail_slot_hour,net_total,net_per_busy_slot_hour,turnover_per_slot_hour,idle_slot_hours,idle_with_backlog,hhi_inst,hhi_group,top_inst_share,starve_inst_rate,starve_soft_rate,max_denial_hours,top_inst_admit_share,rej_rate_instw,rej_rate_raw,adm_rate,hq_capture,pnl_std,worst_24h,max_drawdown,churn_reentry_frac,occ_std,full_frac,mean_hold,n_admit,evict_frac,sel_time_s
CORR_AWARE,S10_spam,2.2788045054886883,5469.130813172852,2.6062879226637965,0.10424999999999998,308.25,76.7,0.14529838275360046,0.3359939709490446,0.25050757045899924,0.0,0.05999999999999996,307.0,0.30801094046098815,2.4610702613191995,1.6835914126563505,4.280164182624405,0.881529103513669,11.366540030799746,-119.49688874013285,172.8843242100977,0.5449086543507017,0.18444386407290783,0.6300833333333333,8.722619641731486,250.2,0.0,0.00584994754953523
CORR_AWARE,S11_burst,1.1925036598119338,2862.0087835486415,2.7957846446378367,0.052145833333333294,1377.8,72.75,0.08964532006653349,0.21809474417780567,0.15156744604177388,0.01999999999999998,0.05999999999999996,444.5,0.16451685896865031,3.0400106383961742,2.2852271496392382,4.651641146554761,0.6571479885037472,9.648406349569296,-100.23894969200413,128.67231118730857,0.19134718101298098,0.34599122906606106,0.18166666666666664,8.32560512375258,125.15,0.0,0.00355997285007556
CORR_AWARE,S12_near_equal,3.010140372055706,7224.336892933696,3.027557828920865,0.15497916666666664,13.9,5.8,0.07921778594362225,0.20914910088326705,0.129038376201662,0.0,0.013333333333333319,199.15,0.1338063270274951,3.5720639958931946,3.3747821035923335,4.388098529690595,0.7043087368563545,10.830952753435737,4.627035936912374,73.85907594002285,0.42229761895175644,0.048953330657859374,0.98425,6.463414819143617,371.95,0.0,0.006914681249708054
CORR_AWARE,S1_sparse,0.8361326522764188,2006.718365463405,2.61184060523655,0.03806249999999997,1637.7,86.95,0.1012125140232059,0.2332355820825256,0.18227518116045788,0.0,0.012237762237762234,257.5,0.15492961104580893,0.9676098699868302,0.6075922451113576,4.16834568313454,0.9240469970191671,7.666399446643912,-129.74152443298735,167.88565144446548,0.1240442290590392,0.25859525981871767,0.03199999999999997,8.551438468554197,91.35,0.0,0.00261681960016057
CORR_AWARE,S2_moderate,1.6468530883452779,3952.4474120286673,2.23825645044261,0.08416666666666664,630.9,165.2,0.09004842105154195,0.21841136072800277,0.1510222393066468,0.0033333333333333296,0.023809523809523787,277.15,0.13485776215359574,2.152854836075924,1.25371370851304,3.5447261098629426,0.8324050578649234,10.401438713477777,-131.51872464974355,171.68014269919215,0.27327820748184,0.26925533327272133,0.41200000000000003,8.948624889674822,202.0,0.0,0.004098751249631455
CORR_AWARE,S3_chronic,3.0826521155009248,7398.365077202218,3.116276442496088,0.12687499999999996,26.6,15.75,0.08589545075585603,0.21728916484378047,0.13928996008649563,0.0033333333333333296,0.0533333333333333,304.8,0.17447674341002029,3.216627983979941,2.310808563923557,5.3726031737919335,0.7114289508087204,13.484190437472327,-85.55574594889757,153.30574135828974,0.4152749975017498,0.06638654528202056,0.9671666666666667,8.001818074580406,304.5,0.0,0.005281846050212335
CORR_AWARE,S4_late_hq,1.846600864540785,4431.842074897884,2.425579990337462,0.07691666666666663,575.9,69.6,0.08067408765489549,0.2107644130175,0.13027548882965095,0.0,0.026666666666666644,317.7,0.12419692805618807,3.5658283599770875,2.902521632451967,4.95985704393954,0.7326064891910085,12.161695791288073,-167.14089352673813,208.22368030836924,0.21806377729729615,0.32579901079927487,0.5785833333333333,9.949108415331361,184.6,0.0,0.003652012750012495
CORR_AWARE,S5_correlated,1.3463117330943912,3231.148159426539,1.3839255809834015,0.11502083333333328,69.4,47.8,0.08778148090253882,0.23049344484706652,0.14314254895599607,0.0033333333333333296,0.043333333333333314,276.95,0.15094295946944372,1.4849528857943952,1.1027400506791927,2.6901481263197558,0.6580579789846921,13.196399940181553,-334.50837586686106,683.4391446993798,0.3673994163068345,0.10066734484760549,0.9114166666666665,8.622565733297977,276.05,0.0,0.00498218825002818
CORR_AWARE,S5b_corr_benign,2.267576204467711,5442.182890722506,2.3496515091032335,0.12089583333333329,82.8,53.35,0.08513364021327116,0.2250295677590451,0.1476285832108891,0.0,0.026666666666666644,224.25,0.1643719074537109,2.1241810183085015,1.500550834031394,4.121592916878084,0.728263418166296,13.027801581914696,-179.68127703940362,211.4625503291969,0.3757762452489286,0.11469830799139316,0.90175,8.106090379654528,290.15,0.0,0.005936557199987605
CORR_AWARE,S6_short_vs_long,3.3337415797696375,8000.979791447129,3.3805010620981184,0.12895833333333329,32.9,14.6,0.1078628515892335,0.22022960739783265,0.1696421755207888,0.0,0.01666666666666665,227.05,0.1403853136765534,4.940906513651297,4.843893270838514,5.783240621954742,0.6633543560695608,12.705496618182476,-31.151293140136943,104.60823228609642,0.37184934016168747,0.06868051484775214,0.9575000000000001,7.83242266933171,309.5,0.0,0.00567461154992651
CORR_AWARE,S7_regime_shift,2.730969599959468,6554.327039902724,2.8056373924945652,0.11797916666666663,64.6,34.25,0.07971217967766979,0.2094027261264601,0.12300620040405166,0.0,0.016904761904761888,278.0,0.15534659924480895,1.7929536626652578,1.6709529761169084,4.738622147144937,0.7509790917806802,13.150415995564611,-136.83066949118268,195.86730238778483,0.3945163751244697,0.09887967092643117,0.9209999999999999,8.402831210585594,283.15,0.0,0.005409648299791981
CORR_AWARE,S8_noisy_rank,2.301033823105364,5522.481175452874,2.410617394390317,0.11160416666666664,113.0,83.6,0.0835692684806836,0.21506778008213878,0.13479715244086996,0.0,0.006666666666666659,202.65,0.13624195586722476,2.971441275615782,2.360636867769163,4.191336039753907,0.6817330561253729,12.36052088056651,-139.67660640813085,182.96164730777826,0.32590596102148195,0.1285369065921735,0.8616666666666667,8.711762721746094,267.85,0.0,0.006165464999918361
CORR_AWARE,S9_missing,2.650326153309057,6360.782767941737,2.695420525043906,0.12245833333333331,41.2,18.0,0.07983241227698237,0.2096181462004342,0.12745140498048285,0.0,0.023333333333333314,224.85,0.14754110557257732,2.9766130497170162,2.1982140936811034,4.365079130362167,0.7065721107929926,12.925401889639517,-117.44771933138676,158.83729102201156,0.3562525497213484,0.08195803421717547,0.9504166666666667,8.250335601233967,293.9,0.0,0.00575678269947271
EQUAL_QUOTA,S10_spam,1.9065033864795822,4575.608127550998,2.064376468056357,0.10612499999999996,179.85,0.0,0.11476680442490061,0.277965909882285,0.22355346385417238,0.0,0.0033333333333333296,177.7,0.2281956916808492,3.4432489823347168,3.658046692009722,3.4681344933463434,0.8114610764279796,11.719210953315928,-199.46331839468266,258.9533449139816,0.4402042339876454,0.14877302888725166,0.7696666666666666,9.004433999322007,254.7,0.0,0.001109218600384965
EQUAL_QUOTA,S11_burst,0.9239876757969088,2217.570421912581,1.9106384308006947,0.05543749999999996,1235.25,0.0,0.07942180544645042,0.21034615533204618,0.13102233475642913,0.0,0.0,218.35,0.09848917892388152,3.6164952995492308,3.5467114381418012,3.125912016588018,0.48321777637955066,8.704063942517271,-138.51285182659302,177.02440446886163,0.11115688967530082,0.34674438797318347,0.21466666666666662,8.945103424987877,133.05,0.0,0.000634279900100355
EQUAL_QUOTA,S12_near_equal,2.6784868451250743,6428.368428300179,2.686740482883381,0.1542083333333333,7.3,0.0,0.06800516439216969,0.201051427378491,0.08507443178776482,0.0,0.0,85.9,0.06997272414737761,3.611250705926925,3.7599036780600357,3.800223285635144,0.609811577834454,10.629142854876786,-43.02860102087393,99.9934267038475,0.24811631052613153,0.03627582107904824,0.9926666666666668,6.510628223543824,370.1,0.0,0.0016270802497614849
EQUAL_QUOTA,S1_sparse,0.8370064475040726,2008.8154740097739,2.1793174249514196,0.04518749999999996,1471.9,0.0,0.09527799727346335,0.22837216997208745,0.16566561748078093,0.0,0.0,121.55,0.1408537824860581,4.803675435552693,4.702239133937753,3.5708808730580612,0.9909018828879212,8.089719236460613,-155.91916891817414,215.19896178476597,0.1371332538950705,0.2797433489264799,0.062416666666666634,8.758884717747486,108.45,0.0,0.00035059904982966
EQUAL_QUOTA,S2_moderate,1.4185293409597948,3404.470418303508,1.6796506860091935,0.0955833333333333,370.05,0.0,0.08273543535196355,0.21167655024497517,0.134683901120489,0.0,0.0,153.95,0.11010256224615131,3.183959355140937,3.0996997410991725,2.755325525753982,0.850417517759635,11.172824946499267,-182.153396785533,234.42782918919428,0.27309351665494663,0.2255803060874463,0.6166666666666667,9.03117313507636,229.4,0.0,0.0007373695002456301
EQUAL_QUOTA,S3_chronic,2.020567204974569,4849.361291938965,2.026966539903395,0.11497916666666663,8.35,0.0,0.07639985435085808,0.2100715543979284,0.11541859158750456,0.0,0.0,102.0,0.07122798144826317,3.621736930005433,3.729834011528471,3.518220055479919,0.5098036136667782,12.308816002891897,-171.91807924838037,221.3738719991366,0.19746107511122724,0.040878950390176604,0.9920833333333334,8.820879391837385,275.95,0.0,0.001192906700089175
EQUAL_QUOTA,S4_late_hq,1.4382605173761849,3451.825241702844,1.789329067662086,0.07779166666666663,469.5,0.0,0.07735971211359706,0.20566869231809273,0.1142376229692134,0.0,0.0,154.4,0.08118340068357835,3.773735897783188,4.174483678215198,4.070576974723742,0.554580967730627,12.182874800047546,-225.21064537358626,275.9029725641252,0.15181967890554807,0.3026727907688793,0.6535,10.42849598183334,186.7,0.0,0.0008237595997399649
EQUAL_QUOTA,S5_correlated,0.997288367298548,2393.492081516515,1.0036574718567584,0.1168333333333333,16.2,0.0,0.07629380028996822,0.20860132461098596,0.11468196575212845,0.0,0.0,122.05,0.07227712553764618,1.712388563210848,1.8572398808709096,1.900575083729699,0.5716439300030516,12.909040707766204,-332.3184904702984,653.1607834520772,0.23063937529145617,0.053636166314779674,0.9819166666666665,8.655988559297636,280.4,0.0,0.00122394395012857
EQUAL_QUOTA,S5b_corr_benign,1.6074289251231473,3857.829420295554,1.617633041593035,0.11454166666666662,15.3,0.0,0.07744784368039989,0.20934723675666325,0.1170418772400631,0.0,0.0,111.9,0.07153488760147195,2.7361322039201963,2.9262729089362742,2.7655564055027506,0.5570361592770403,12.670937332640344,-212.45381777414636,287.21435850840714,0.2267778523054084,0.05143271723050556,0.982,8.846959263252687,274.9,0.0,0.00102531654982835
EQUAL_QUOTA,S6_short_vs_long,3.2024933847843378,7685.984123482411,3.2209313008051135,0.11608333333333329,13.9,0.0,0.10771171786071751,0.21852279416032466,0.1474414376697587,0.0,0.0,115.8,0.07264937123265387,5.111463819313146,5.463280086113107,5.245075198793176,0.5157652693052365,11.857832887723646,-52.59199905627146,110.3657079529678,0.24700261231633394,0.047660083785581606,0.9836666666666666,8.71143934027638,278.6,0.0,0.00143048505000815
EQUAL_QUOTA,S7_regime_shift,1.8078599131273574,4338.863791505658,1.8215585935476102,0.11149999999999997,19.1,0.0,0.0769502286073859,0.2091213730184298,0.11770478646470992,0.0,0.0,124.3,0.07324949769963499,3.155048415026512,3.4997869230761354,3.059982299539471,0.5510290837347911,12.244226900616518,-189.53401868191986,246.92866881026526,0.23582293537466015,0.05406913664241923,0.9769166666666667,9.062926457895745,267.6,0.0,0.00107718670001299
EQUAL_QUOTA,S8_noisy_rank,1.709256364161503,4102.215273987607,1.7202833383411786,0.11110416666666663,15.85,0.0,0.07673628405005241,0.2105370756346637,0.11451952930731342,0.0,0.0,116.7,0.0734532771886898,3.229769572817431,3.115306088047318,2.9730571669275276,0.5369544705666855,11.662039848744218,-189.89026439740115,250.621826458962,0.22617617175550814,0.050806286682989685,0.9804166666666667,9.189349686014868,266.65,0.0,0.0014029901996309
EQUAL_QUOTA,S9_missing,2.0700178083774157,4968.042740105798,2.0838358389674023,0.11310416666666664,16.45,0.0,0.07532267080620184,0.2073870960375345,0.10936652587802742,0.0,0.0,120.1,0.07340178316092336,3.315863574499235,3.321610656958677,3.2496338418234174,0.5536755469261551,12.347145492940072,-173.10000642686634,211.02897449007577,0.22210757099970824,0.05297859922843987,0.9810833333333333,8.974899300325585,271.45,0.0,0.00136838659981318
FIFO,S10_spam,2.002843618744289,4806.8246849862935,2.178651665783538,0.10910416666666663,187.75,0.0,0.14312736837882725,0.3332526606113225,0.2532333466284614,0.0,0.01999999999999998,228.65,0.30371742775014765,3.7683958993132807,3.8513171303747575,3.6699037609774985,0.8387501898911683,11.782329105882706,-156.2535439999919,230.811905852256,0.5491984414634573,0.15118463760182838,0.7608333333333334,8.793891059406587,261.85,0.0,0.00062759764959418
FIFO,S11_burst,0.9599335252552574,2303.840460612618,1.9598224236193134,0.05533333333333329,1221.85,0.0,0.09983555573058543,0.24747204748929982,0.17810374952482888,0.0,0.05999999999999998,379.25,0.14934779198900794,3.4645306589472518,3.5932208087102198,3.178499039042682,0.4521030936133135,8.839116771202196,-158.0677188867645,204.33576709885025,0.17185354143693182,0.3446544365348082,0.21574999999999997,9.054238966280645,132.8,0.0,0.00035951440027015503
FIFO,S12_near_equal,2.6461214643668822,6350.691514480517,2.6532020696360967,0.15449999999999997,6.3,0.0,0.07997266402071904,0.21853409996850254,0.12710222070259256,0.0,0.013333333333333319,179.7,0.12767377261653093,3.8704222280542964,3.7878536172864345,3.8229464587460127,0.6117673662044384,10.604346065436022,-33.74211252369659,92.66787993933391,0.3738608644503346,0.03453429144016005,0.9942500000000001,6.507886572020671,370.8,0.0,0.000902058400242765
FIFO,S1_sparse,0.8281340031464692,1987.5216075515261,2.1501706048905573,0.045312499999999964,1471.05,0.0,0.09532742241577534,0.22843599894378755,0.1672107345837594,0.0,0.0,121.55,0.14219408050982604,4.289400075994059,4.070064597433049,3.5620140052082263,0.9932035098522167,8.096303612247597,-157.98419947197922,213.60583353833613,0.13863010556201497,0.27990555735710254,0.06266666666666663,8.741899931943484,108.75,0.0,0.00026095369973399
FIFO,S2_moderate,1.4687502371152672,3525.000569076641,1.733302099526187,0.0969583333333333,360.6,0.0,0.08688318332317845,0.21505483263236375,0.1442514337119916,0.0,0.0033333333333333296,174.0,0.12608401983186496,3.193399769741991,3.440236857470629,2.7615962942584176,0.8615654850223725,11.017398100239172,-178.35665114413518,237.41758452524294,0.29620149051987305,0.22511481397804595,0.6283333333333333,8.919229513586409,232.7,0.0,0.000503894000098575
FIFO,S3_chronic,2.1229850408883304,5095.164098131993,2.131070076818301,0.11779166666666666,9.8,0.0,0.08597987302805216,0.22393916809942288,0.14374640009711923,0.0,0.009999999999999995,205.65,0.13301611466405497,3.523140776697182,3.678014055749615,3.622543413615085,0.5233734077897634,12.345809669743236,-142.3089764554475,205.925019474808,0.32154881315465217,0.04323587613895954,0.9904166666666667,8.569262329760408,282.7,0.0,0.000678826800174145
FIFO,S4_late_hq,1.5575195925943741,3738.047022226498,1.929505920291985,0.07704166666666663,460.4,0.0,0.08797235843225845,0.21675150119780223,0.14107187429794282,0.0,0.01666666666666665,271.1,0.1209921150428052,3.8291222737723727,4.239910640015938,4.217829092553683,0.5345273549291795,11.967992138137959,-204.65765140078958,256.0684694324398,0.20662179322608307,0.2997851614913597,0.6555833333333333,10.601539420753063,184.9,0.0,0.00043875029991221503
FIFO,S5_correlated,0.9669874222819594,2320.7698134767024,0.9728815139007496,0.11445833333333329,15.15,0.0,0.08523661704107496,0.21930415631664926,0.13893793494433956,0.0,0.006666666666666659,198.85,0.12772616341017412,1.7568813954383369,1.677409379163882,1.9776327560467881,0.5904442849826588,13.045565102531416,-363.8332526545162,799.8207466384359,0.31951267319301274,0.05166920082953415,0.9828333333333333,8.862133147921597,274.7,0.0,0.0006853595001473049
FIFO,S5b_corr_benign,1.766878820303067,4240.509168727361,1.7787958585745556,0.11833333333333332,16.25,0.0,0.08533271951372126,0.2200664454142045,0.1415646863823766,0.0,0.013333333333333319,194.65,0.1275128416041059,2.568805055066673,2.549016910176347,2.9604067092611404,0.5993450010144995,12.92959675715187,-223.37907535645277,289.0727735610355,0.31262970467909257,0.05262377448702153,0.9810833333333333,8.56149411729144,284.0,0.0,0.00058127880038792
FIFO,S6_short_vs_long,3.1868109256774773,7648.346221625946,3.205110165301008,0.12531249999999997,13.45,0.0,0.1108813649396783,0.2259072406571072,0.1775783868617228,0.0,0.006666666666666659,190.0,0.12792454142364354,5.126641581964499,5.3747022448054365,5.358158927063006,0.579957168596035,12.531861084155533,-66.92461401946733,115.87986111430969,0.32517411817367536,0.0463563455365184,0.9838333333333333,8.122931252117727,300.75,0.0,0.000607965749765025
FIFO,S7_regime_shift,1.8655617831559055,4477.348279574174,1.8774511565033811,0.11291666666666662,15.7,0.0,0.08687290534570581,0.22003399531816545,0.13955596362650113,0.0,0.026904761904761886,213.0,0.1282530664821213,3.188919375455567,3.3310307650476334,3.2227813743035307,0.595482192472683,12.537275270026262,-224.55959609729447,266.4151733079267,0.3200092167180075,0.051814096850848326,0.9823333333333334,8.98382737991312,271.0,0.0,0.00054406070002523
FIFO,S8_noisy_rank,1.7831309204730335,4279.514209135281,1.7918209436539398,0.11156249999999997,11.85,0.0,0.08638274376315966,0.2223827955957547,0.13828073987374168,0.0033333333333333296,0.01999999999999998,225.4,0.12556900080684755,3.1574178360735905,3.204643392389331,3.0743502060209593,0.5581193482355102,12.137621538240891,-217.13136515118003,288.5628587937341,0.3195222683574984,0.04638465325295075,0.9866666666666667,9.172498966547026,267.75,0.0,0.00054264384999664
FIFO,S9_missing,1.9925846375955802,4782.203130229393,2.005148071083979,0.11441666666666664,15.25,0.0,0.08390745432541723,0.21589587925868087,0.1321285124840449,0.0,0.013333333333333326,210.25,0.13197479002049237,3.2517263491565784,3.383966172371595,3.2748500751368517,0.5527193808336375,12.412210417925609,-168.41509577696718,225.1100139930743,0.30885813939691265,0.05113255796816685,0.9828333333333333,8.899642968523224,274.6,0.0,0.00055758315033353
FIFO_SCREEN,S10_spam,2.155835111889252,5174.004268534204,2.4666942680935273,0.10372916666666662,307.4,75.8,0.158219282164068,0.3589546544139347,0.2698998060684865,0.0,0.059999999999999956,290.9,0.3202130391556836,3.4382869713472664,2.60448566702836,4.028287215960888,0.8465112832482149,11.531112695030455,-131.88519854963099,178.22463382903817,0.5753035182399867,0.18249608771479275,0.62825,8.746914557766399,248.95,0.0,0.001151679449674195
FIFO_SCREEN,S11_burst,0.9787071528453261,2348.8971668287822,2.230677719321803,0.04956249999999997,1353.4,70.1,0.09701178285745682,0.23302544528986852,0.17031194688879808,0.006666666666666659,0.043333333333333314,395.0,0.14030079439055454,3.4012649362294773,3.29902395978239,3.657736055765028,0.5999307220062108,8.651025143385489,-127.12996649099057,164.40647002481452,0.12740086871497655,0.3472117912231679,0.18841666666666662,8.926469419598206,118.95,0.0,0.00067738095017939
FIFO_SCREEN,S12_near_equal,2.8143771250608087,6754.5051001459415,2.829072787721759,0.15699999999999997,12.4,4.6,0.08119213664040198,0.21293322246652288,0.12767768265219287,0.0,0.013333333333333319,168.9,0.12599079428421217,3.6826709933645922,3.5433178238609884,3.9980168467290618,0.7075590904773315,10.748257811119869,-16.33619102599299,88.5932449755589,0.3907848175097677,0.046426573802252846,0.9863333333333333,6.3865205348302005,376.8,0.0,0.001327177649619615
FIFO_SCREEN,S1_sparse,0.8253347939094284,1980.8035053826284,2.5666635866600656,0.03810416666666663,1633.55,86.85,0.10135717210932024,0.23359144829536285,0.18412149213542212,0.0,0.00769230769230769,249.85,0.1542454200540077,0.9741808676416073,0.5898948230903128,4.12784912338334,0.9223228590881327,7.6615663756600485,-131.41249009603945,174.8701954934967,0.12336575758222312,0.2594718749303092,0.03324999999999997,8.580868007463073,91.45,0.0,0.0006088465000516
FIFO_SCREEN,S2_moderate,1.5786886288517565,3788.852709244215,2.1226871985295235,0.08491666666666664,611.05,160.55,0.09015960645671492,0.2184112456883986,0.15186892401611896,0.0033333333333333296,0.01999999999999998,262.5,0.13117320892279385,2.2933552287864787,1.3801867667761705,3.4551236143909945,0.8366607757359729,10.549613056989752,-140.3322071292986,183.14934275438458,0.270429133604362,0.26749518267470435,0.43166666666666664,8.945188526338598,203.8,0.0,0.0010668936493345301
FIFO_SCREEN,S3_chronic,2.352540307952213,5646.09673908531,2.3686587275576234,0.11633333333333332,18.3,10.05,0.08763409919638447,0.22057123579608812,0.14435745312275242,0.0,0.01666666666666665,231.85,0.1355096534963949,3.576120002652458,3.3867791709423853,4.179676017003146,0.6300012486928309,12.75348187248599,-140.2813511250255,187.44938534775162,0.32844243994169187,0.055665042776101535,0.9783333333333333,8.69911973989619,279.2,0.0,0.00123650899973307
FIFO_SCREEN,S4_late_hq,1.6653146295717456,3996.755110972189,2.1915701629712983,0.07491666666666663,573.6,68.8,0.08458325727209956,0.2130618152598578,0.14375060694659597,0.0,0.02999999999999997,301.0,0.12020201443796967,3.961870418644409,3.6108474167852798,4.561263134782874,0.6933445470057421,11.907273283665786,-170.0141885294891,205.5604376637419,0.18125397996173,0.3257525108600366,0.5828333333333333,10.245087793084375,179.8,0.0,0.0009939241002541101
FIFO_SCREEN,S5_correlated,1.1859932523237071,2846.3838055768974,1.2159656559589975,0.11374999999999995,62.9,41.4,0.08841822733919771,0.22498012636074324,0.14415205730540823,0.0,0.019999999999999983,234.1,0.1396487660789541,1.662616536980845,1.4259115669749571,2.4121382554098387,0.6487473053568121,13.06062154865569,-324.14935915145327,743.8156990732425,0.34291300382258183,0.09893743754320714,0.9239166666666666,8.708155083283474,273.0,0.0,0.00112725490009775
FIFO_SCREEN,S5b_corr_benign,1.9198606341340323,4607.665521921677,1.9709117522343114,0.11529166666666664,61.85,39.55,0.08702667349323465,0.2221005396252888,0.14375035693618082,0.0,0.019999999999999983,234.7,0.14514448565442162,2.5007019503975525,2.1033970097892585,3.4107379652280563,0.6616636601188198,12.748613736286567,-238.4893214273822,313.08334049089956,0.3388209410020064,0.09980422252799646,0.9269999999999999,8.568329260707767,276.7,0.0,0.00113108559990561
FIFO_SCREEN,S6_short_vs_long,3.10929184036611,7462.300416878663,3.1383610540522024,0.11331249999999997,22.1,9.35,0.11931204840237361,0.2295643545816537,0.18435531854149828,0.0,0.026666666666666637,229.25,0.13148598662002292,5.0404233605653745,5.347529866532644,5.226361820236285,0.5720263220841131,12.324994744196655,-50.5900061274195,110.74033143263372,0.3273170079347698,0.05852005980671086,0.9728333333333333,8.986100829707047,271.95,0.0,0.001124049700325665
FIFO_SCREEN,S7_regime_shift,2.2643568795168454,5434.4565108404295,2.3099448203036586,0.11168749999999998,47.2,24.85,0.08731742246802689,0.2166984601933324,0.13995781457251166,0.0,0.006666666666666659,198.4,0.13475345888507956,2.59872835035813,2.6319804292516755,3.8550470021811662,0.673208997231654,12.432948307668342,-180.62328758540912,222.66806965541394,0.34306290675464834,0.08716612882883668,0.9439166666666667,8.967589873735346,268.05,0.0,0.001168262649485945
FIFO_SCREEN,S8_noisy_rank,2.102770719038529,5046.64972569247,2.18442389618277,0.10860416666666661,92.6,68.55,0.08912543514381424,0.22176622748501962,0.1508087830491508,0.0,0.016666666666666656,205.6,0.12800409846825572,2.97988812543212,2.611926058113474,3.789443728500713,0.6567043177602313,11.872368043562918,-154.35779539291258,210.36558201904367,0.3177107614282236,0.11674524460610461,0.8859166666666667,9.008476168883613,260.65,0.0,0.00152156795030572
FIFO_SCREEN,S9_missing,2.324650372652546,5579.1608943661095,2.3535841563513005,0.1147708333333333,30.85,13.05,0.0852826859247085,0.21482862403693717,0.14004513100592744,0.0,0.01666666666666665,216.65,0.1328619549611894,3.3149509486250865,3.041032184953484,3.6474998689285334,0.6287868883439611,12.311475065062082,-132.387017878479,188.52217041662317,0.3306009178398531,0.07184912399665902,0.9636666666666667,8.818545082050221,275.45,0.0,0.001115484450258425
LINTS,S10_spam,2.2419361364233543,5380.64672741605,2.561324661149057,0.10429166666666664,304.75,76.3,0.14563338262488812,0.33669714509953175,0.2503017734639327,0.0,0.0533333333333333,272.75,0.3146532113248609,2.6942285955282137,1.8164869340774306,4.286866805428301,0.8689053744530648,11.414634112917762,-131.8942522512257,182.28553142230913,0.5502882320833138,0.18140247185867903,0.62825,8.70984164071815,250.3,0.0,0.03487766194976979
LINTS,S11_burst,1.1832794065285248,2839.870575668459,2.7938593386359747,0.05206249999999997,1383.55,72.8,0.08992134339500311,0.2194576983657694,0.15492992217561344,0.016666666666666656,0.06333333333333331,444.3,0.16423545872995865,3.213029577414035,2.3505519192676587,4.678085198528514,0.6651020995883836,9.664671865086685,-99.80539024449264,129.06154784459346,0.19233854633925307,0.34471491726174824,0.17866666666666664,8.287709887069868,124.95,0.0,0.023935805000053215
LINTS,S12_near_equal,2.8855820157961505,6925.396837910761,2.903212730307308,0.15343749999999995,14.5,5.05,0.07924988038299477,0.21062946688740838,0.1290318522080076,0.0,0.00999999999999999,186.4,0.13221541775239454,3.428172830054868,3.218423171108589,4.214481700280554,0.7011290429245585,11.029511518393829,-32.05500766328225,99.8103300037134,0.4205902115842285,0.051381923097423066,0.9838333333333333,6.527791961958125,368.25,0.0,0.05102974600008562
LINTS,S1_sparse,0.8361326522764188,2006.718365463405,2.61184060523655,0.03806249999999997,1637.7,86.95,0.1012125140232059,0.2332355820825256,0.18227518116045788,0.0,0.012237762237762234,257.5,0.15492961104580893,0.9676098699868302,0.6075922451113576,4.16834568313454,0.9240469970191671,7.666399446643912,-129.74152443298735,167.88565144446548,0.1240442290590392,0.25859525981871767,0.03199999999999997,8.551438468554197,91.35,0.0,0.02160359360007074
LINTS,S2_moderate,1.6215174364578395,3891.6418474988145,2.1993136441196404,0.0838958333333333,624.4,165.25,0.08994365389530846,0.21842632154533792,0.14955488151210078,0.0033333333333333296,0.02357142857142855,273.5,0.13475644411178206,2.0935973146414892,1.2017348846728193,3.576558629751959,0.8369809647584173,10.426306227518044,-123.58912241367895,165.8693438546456,0.2744240045756118,0.2673666235606396,0.4149999999999999,9.012592107709338,201.35,0.0,0.03949883235006832
LINTS,S3_chronic,3.1525677608503058,7566.162626040734,3.1906732836657037,0.12787499999999996,30.05,16.35,0.08492692470485438,0.21605588069371268,0.13739620944231998,0.0,0.0533333333333333,286.35,0.17262014907642292,3.1778102875766154,2.27699350214104,5.440492756195374,0.7266255461397213,13.637679049147923,-52.1828469534856,132.49041357808028,0.4211827197107022,0.07091545498674302,0.9648333333333333,7.916231954596066,306.9,0.0,0.040289208650096914
LINTS,S4_late_hq,1.8870732902469296,4528.97589659263,2.486860950769972,0.0768333333333333,579.9,69.9,0.08098804372974808,0.21170486790158627,0.13041790185012703,0.0,0.026666666666666637,290.95,0.12574728291819864,3.650013761905992,2.9411318828410247,5.0848755534140375,0.7337901014737392,12.5132670683385,-163.9256318185699,203.6047938339389,0.21520635172400873,0.32609268114713047,0.5766666666666667,9.949296425631326,184.4,0.0,0.02960951124995855
LINTS,S5_correlated,1.3454507744828952,3229.0818587589483,1.3820895874195944,0.11649999999999996,68.2,47.05,0.08592613735148892,0.22705306529404096,0.13791764343080706,0.0,0.03333333333333331,256.45,0.1484524557137913,1.4602797129631229,1.0227470121439475,2.631377122486359,0.6774649314862187,13.39653898921261,-340.95595065594534,696.9709423539391,0.3756590136095884,0.0983633048248024,0.9119999999999999,8.509992264454034,279.6,0.0,0.041223715050080004
LINTS,S5b_corr_benign,2.20855184568041,5300.524429632984,2.2906343625837056,0.12035416666666662,84.95,56.05,0.08628520220637585,0.2263431729674985,0.14932881872937437,0.0,0.026666666666666655,234.3,0.1628619824719538,2.226847991026633,1.5286942204050216,3.986496234303633,0.7129690039882667,13.115075014096547,-198.11914518370392,246.5499062211737,0.37542371313894723,0.11351171023925213,0.8965,8.150193723101959,288.85,0.0,0.042750978099905926
LINTS,S6_short_vs_long,3.538472604637172,8492.334251129212,3.5876810767738947,0.13510416666666664,33.1,14.75,0.10283237062334613,0.21737162822280412,0.15763516926066062,0.0,0.013333333333333326,210.5,0.14013801687188038,4.84228976027417,4.7712659957117065,5.867624336385555,0.6918615284934597,13.3037877926903,-10.40607818085816,102.3379707885314,0.3633439990479238,0.06875749714693771,0.9566666666666667,7.493159759927286,324.25,0.0,0.049533728650146665
LINTS,S7_regime_shift,2.7457520084472584,6589.804820273421,2.819293029322316,0.11816666666666661,65.35,35.75,0.08026359580549562,0.21177483396032035,0.1264562530428495,0.0,0.016904761904761888,252.2,0.15616360834462883,1.8939258494981062,1.7470018846932547,4.747106950838912,0.746799199538003,12.971752331554196,-129.60368266935367,193.72064994895806,0.3869366523610867,0.09990711876742235,0.9201666666666666,8.409700949110213,283.6,0.0,0.03802631980049109
LINTS,S8_noisy_rank,2.368915926539247,5685.398223694193,2.484764190419347,0.1121458333333333,114.4,83.75,0.08262240936841751,0.21606383536665627,0.13437800944513917,0.0,0.00999999999999999,219.5,0.139606157826479,2.942556519753052,2.291803030344389,4.283963354913738,0.6844164324361974,12.594868198332927,-126.21190311040182,170.02976437330292,0.33550429337106485,0.1316959739447168,0.8636666666666667,8.704187744947895,269.15,0.0,0.038563569450184285
LINTS,S9_missing,2.5362501330327847,6087.0003192786835,2.582501723090988,0.12216666666666662,42.45,19.7,0.07955899005272075,0.21166692325340097,0.12396656673952935,0.0,0.013333333333333319,206.0,0.1430383512115389,2.9639931380997617,2.363717888576241,4.178878436716064,0.6945496620191387,13.067591035253738,-116.75074863578921,166.29129964748208,0.3591530249191006,0.08143756639844457,0.9485833333333333,8.267636411450933,293.2,0.0,0.03599025204990194
OLDEST_SLOT,S10_spam,2.1561749371291565,5174.819849109976,2.4078502365323224,0.1531458333333333,247.7,0.0,0.15596554835588056,0.36127851381942977,0.2671666744301333,0.0,0.0,104.8,0.2788746538722478,3.346844476646541,3.1456201416532106,3.299391425128982,0.9948712510784503,13.930467170013056,-177.93203351790595,249.62797404297476,0.586230617551226,0.16661065614440523,0.6836666666666666,6.052811567090944,367.55,0.40077048570743984,0.00344577135029448
OLDEST_SLOT,S11_burst,0.9230012889292187,2215.2030934301247,1.9036466269616674,0.06970833333333329,1233.9,0.0,0.09215709207352926,0.23390812234135633,0.16202585389606622,0.0,0.046666666666666634,308.8,0.13766246131866833,3.3967148987071942,3.515023139699835,2.7644969708936786,0.6155936397998445,9.703300830637996,-174.34054396992894,239.8453569013447,0.2238721912149722,0.3442062591433605,0.21366666666666662,7.088792670861002,167.3,0.2765886222172596,0.00192895010029583
OLDEST_SLOT,S12_near_equal,2.8807827801188703,6913.878672285289,2.889666506270134,0.25597916666666665,7.3,0.0,0.07662586392741474,0.2117544701431421,0.11888751194499472,0.0,0.0033333333333333296,101.05,0.11745671703264597,3.9441066424480864,3.8036178985292226,3.3577728698261957,0.8878680048299648,13.635144270440168,-42.06148289629372,130.26471949709455,0.49456829386982176,0.03695713428268007,0.9930833333333332,3.923834562409754,614.35,0.5794216076471723,0.01281352065006439
OLDEST_SLOT,S1_sparse,0.8426510398559705,2022.3624956543288,2.22527766264738,0.045583333333333295,1483.4,0.0,0.09464954344009534,0.22734179822411477,0.16540362366407255,0.0,0.0,109.05,0.1417466566906164,4.278242523264775,4.289989067971534,3.5517902965238783,0.9966517857142858,8.133672383251113,-149.89625110076062,204.52033135810478,0.13805853113902408,0.2757400684648983,0.05549999999999997,8.579658905738638,109.4,0.022766437096539464,0.000333957500333735
OLDEST_SLOT,S2_moderate,1.5332298550474,3679.7516521137595,1.934852282805129,0.12281249999999996,493.85,0.0,0.08400524679501997,0.21281844702025793,0.1419149846036065,0.0,0.0033333333333333296,105.95,0.12389131317868485,4.326902007056547,4.313597770205592,2.7032444796225215,0.9961694772712806,12.489730294680266,-158.6957858086255,210.08160551158326,0.3506769916180731,0.2414278236218943,0.48916666666666664,6.598496908773511,294.75,0.32697159269626686,0.0027526821998662297
OLDEST_SLOT,S3_chronic,2.397709945903344,5754.503870168025,2.408115751389908,0.25129166666666664,11.3,0.0,0.0771484306077905,0.21081622834113717,0.1226953385977743,0.0,0.0,96.0,0.11834954612768807,3.5899607853808697,3.3630699553482137,2.9992932113275232,0.9280074237103435,18.481206551179792,-204.90215908127863,283.9053325802463,0.49167143500789806,0.044444438585584015,0.9866666666666666,4.00785769233292,603.1,0.6761582481846589,0.014002103400241545
OLDEST_SLOT,S4_late_hq,2.1046541505217964,5051.169961252311,2.6877776439562906,0.16243749999999996,520.2,0.0,0.07467398593170918,0.20803312775570384,0.11204288428570146,0.0,0.006666666666666659,92.05,0.10456617782670308,3.7340051537045795,2.742232079550896,3.406399577092597,0.9667026757150022,18.014829922119404,-241.49570630419072,286.4104426451835,0.4318852116067899,0.3185118009990409,0.6273333333333333,4.853074263387532,389.85,0.6365359953177595,0.006672321999690164
OLDEST_SLOT,S5_correlated,0.8917485910779769,2140.1966185871447,0.9010039196170562,0.2429791666666666,23.7,0.0,0.07821914203790434,0.2104592854560631,0.12607844009003744,0.0,0.0033333333333333296,75.5,0.11989527198323531,1.5144034227652665,1.3119421409139664,1.2235447543149836,0.9596991602363122,18.14121803442171,-408.34298175961135,836.6488632155076,0.49272283049353166,0.06129638575270322,0.9706666666666667,4.126009749987072,583.15,0.6840236408748319,0.009850669299953504
OLDEST_SLOT,S5b_corr_benign,1.6780127306950672,4027.230553668161,1.69498963668552,0.24318749999999997,24.05,0.0,0.07751303683140434,0.21059875599825267,0.1241897560435653,0.0,0.0033333333333333296,74.7,0.12245219295587324,2.5386063169359816,2.1128961489325175,2.1187184578293965,0.9644910225516581,18.367009578395727,-272.4866045345133,404.0459630969259,0.49179126394809886,0.06198519614396093,0.9699166666666666,4.1245180807597634,583.65,0.6720948265352739,0.009773803950423555
OLDEST_SLOT,S6_short_vs_long,3.8876598823930926,9330.383717743422,3.942919560705667,0.27656249999999993,33.4,0.0,0.08679296521483112,0.2138334824772064,0.14867786321055548,0.0,0.0033333333333333296,65.15,0.1177566457987274,5.172390766044221,4.71012135542397,4.8645652811389155,0.9682709932317835,18.430470809226758,-67.7573476234954,155.80146813914297,0.5276819390761328,0.06770686115056761,0.9550833333333333,3.6212541397241758,663.75,0.46575031487548096,0.00810694299977394
OLDEST_SLOT,S7_regime_shift,2.1543162507179043,5170.359001722971,2.1818372718774404,0.23918749999999997,30.6,0.0,0.07964891918851062,0.21275875546377096,0.12335833694195804,0.0,0.006666666666666659,76.3,0.12184798208039808,3.156753055964897,3.1501983172444485,2.6758023951398076,0.9649781504228608,18.266743383654777,-247.64425876948766,342.02284132133417,0.5067043474604807,0.06767972197205294,0.96075,4.183538268344437,574.05,0.6820400272622186,0.011554230949855025
OLDEST_SLOT,S8_noisy_rank,1.93426373093016,4642.232954232384,1.9568794033626635,0.23866666666666664,28.6,0.0,0.07878615691572188,0.2115331209957223,0.12359541506034728,0.0,0.006666666666666659,73.85,0.11940176889467584,3.2005225323466027,2.943719962687008,2.3771237477578606,0.9540335992548062,17.773724818435653,-233.68961099782314,314.25746193658375,0.5026659743909225,0.06508521481447453,0.9626666666666667,4.201052392110233,572.8,0.6888850068878722,0.011476748099965971
OLDEST_SLOT,S9_missing,2.170132899212409,5208.318958109782,2.19312684577322,0.24066666666666664,25.95,0.0,0.07802754580600554,0.20908858852755396,0.12228036462351946,0.0,0.006666666666666659,81.25,0.12146427194180869,3.237559100419503,3.1404391579371924,2.623945614023466,0.9482795132319122,17.74540768600027,-222.77944431815368,308.54314297184794,0.49626649902794595,0.06262578597075577,0.9673333333333334,4.1694047812562784,577.6,0.6869484824892632,0.01329718719978809
ORACLE_GREEDY_UB,S10_spam,4.883032215020065,11719.277316048156,5.606136680700102,0.11347916666666664,310.25,91.95,0.13723911258624372,0.3278215457020471,0.2435818131587491,0.0,0.026666666666666637,225.65,0.2961874109080586,2.0021633980120983,2.280957234595634,7.740191613356056,0.9514185472100622,10.576745519654333,207.55136199699373,0.0,0.530354233457371,0.18598011405317322,0.6211666666666666,7.9358585656521665,272.35,0.0,0.005901414900057441
ORACLE_GREEDY_UB,S11_burst,3.0153560624561018,7236.854549894643,6.943103783295004,0.06072916666666663,1351.45,49.35,0.08368878781989465,0.2134967255869876,0.13891334174415443,0.0033333333333333296,0.019999999999999983,355.15,0.13424608809896482,2.0599200074593687,1.7527921968639695,9.721358446749836,0.834259234458482,15.049219641124788,6.988149023204355,0.0,0.16530263747964366,0.33912149301465033,0.17774999999999996,7.360055642721784,145.75,0.0,0.007726351550115795
ORACLE_GREEDY_UB,S12_near_equal,7.7580766503651475,18619.383960876356,7.86857708495953,0.19612499999999997,33.9,22.65,0.07636600142194608,0.2094383329778618,0.11505087023529321,0.0,0.0033333333333333296,123.45,0.1133844921321971,2.4470386782021736,2.4088200191641205,9.614495084473216,0.9165148026722199,11.206291976300012,460.1587827139824,0.0,0.43548220920287595,0.0725541159000952,0.9570833333333333,5.059819544572875,470.7,0.0,0.014453319049789526
ORACLE_GREEDY_UB,S1_sparse,1.8248255051168865,4379.581212280527,5.03508905906779,0.04406249999999996,1527.25,59.1,0.09609336718486214,0.22700943529086856,0.17050557141488826,0.0,0.0,155.55,0.14068284597313455,-1.6704087165613193,-1.6815279710750861,6.896341135063329,0.9979166666666666,8.10954350528863,14.581420100702255,0.0,0.1291576483037939,0.2703957561065558,0.047666666666666635,8.429961595147587,105.75,0.0,0.0016994522496872298
ORACLE_GREEDY_UB,S2_moderate,3.9878872484915355,9570.929396379684,5.101066555181547,0.09418749999999997,521.25,108.0,0.08599974451100884,0.2149847541673373,0.13951276783737526,0.0,0.006666666666666659,194.7,0.1254718153011642,1.1923139960563582,0.6764095205527347,7.017898895700895,0.9388710572055553,10.13909386474956,128.78671399311725,0.0,0.2656494163377812,0.2527898725841541,0.4845833333333333,8.501992769027902,226.05,0.0,0.004614779350202941
ORACLE_GREEDY_UB,S3_chronic,7.87983930073135,18911.614321755238,8.023209955543678,0.15014583333333328,44.25,30.65,0.0791418733143511,0.21237698775388414,0.12090049552892775,0.0,0.00999999999999999,191.0,0.1475179592860783,2.150132111013225,1.524863929814806,10.940296628341898,0.879224790813485,13.157481984933781,415.1028397152806,0.0,0.3858740203704587,0.083254620560683,0.9443333333333334,6.674604423868314,360.35,0.0,0.01074665344993941
ORACLE_GREEDY_UB,S4_late_hq,4.772227687593686,11453.346450224846,6.352877387069751,0.08497916666666663,596.6,57.55,0.08254771542622896,0.21019698057076894,0.130038296523327,0.0,0.00999999999999999,220.45,0.11652437857863629,2.7245064130021466,2.6391236926009745,10.03781428426089,0.7891442924408992,15.333207989637595,121.12142776066348,0.0,0.21569174804461774,0.3293878217941252,0.5704166666666667,8.915765336515733,203.95,0.0,0.0077226951499425895
ORACLE_GREEDY_UB,S5_correlated,5.498270523058558,13195.849255340541,5.771077829995161,0.13043749999999996,115.4,90.45,0.08094178528923843,0.21492226622659422,0.12636154227777469,0.0,0.00999999999999999,194.15,0.12645234814190773,-0.3276787750936416,-0.46305338005639235,7.757599592814183,0.8602181133783808,10.989584281688034,237.1819938038227,0.0,0.3478750442494315,0.13055630157885412,0.857,7.443996248153179,313.05,0.0,0.01389982150010946
ORACLE_GREEDY_UB,S5b_corr_benign,6.01742371465204,14441.816915164894,6.301607971455906,0.13341666666666663,107.75,79.75,0.08105401964942896,0.21709948963585868,0.13187192957384683,0.0,0.00999999999999999,187.55,0.14740555232867042,0.6934503126146776,0.29398925031696554,8.567112930706676,0.8745636342241708,11.908066640132272,271.6118226140469,0.0,0.35649775401159506,0.12864629292286145,0.8690833333333334,7.253935028392983,320.2,0.0,0.011170930999412524
ORACLE_GREEDY_UB,S6_short_vs_long,7.984759978593544,19163.42394862451,8.176693519781729,0.16610416666666664,56.25,29.85,0.0986930917802881,0.21802530756488842,0.1588270300904302,0.0,0.006666666666666659,150.75,0.1312715807917469,3.4576221195487578,3.3048758251659116,13.14207369680046,0.895006072538148,13.790861258525577,431.14767015608624,0.0,0.3824549656113635,0.09105790539923594,0.9281666666666666,6.0149393116760015,398.65,0.0,0.011104917399779835
ORACLE_GREEDY_UB,S7_regime_shift,6.910810925108935,16585.946220261445,7.147576018058214,0.1343958333333333,80.35,49.3,0.07994633790399877,0.21163190008443852,0.12398922506359925,0.0,0.00999999999999999,182.8,0.14557189682976784,1.3263773460471993,1.2768726016318777,9.708850418832878,0.8816745392268903,12.204666469454512,344.5030855273311,0.0,0.367621982909873,0.10763145703513022,0.8974166666666668,7.319659406566947,322.55,0.0,0.008087106500084876
ORACLE_GREEDY_UB,S8_noisy_rank,6.698818351773949,16077.164044257475,6.913468529947446,0.13287499999999997,75.05,46.55,0.08199455812664137,0.21541744265751492,0.13181058190101097,0.0,0.00999999999999999,179.1,0.13046502495614626,1.8684543241685727,1.3027686423735074,9.298252590885399,0.870104037830869,11.705077187808623,334.88470655035195,0.0,0.35497791441696913,0.10597303381061791,0.9043333333333333,7.477291501479061,318.9,0.0,0.009110928599983435
ORACLE_GREEDY_UB,S9_missing,7.116295753241451,17079.10980777948,7.344769428552222,0.13685416666666664,74.7,45.8,0.08076296632204642,0.21065363603000029,0.12456027484223123,0.0,0.03333333333333331,204.65,0.13550159539447093,1.9647796148959196,1.4764260601728636,9.880398074950438,0.8702477553616552,12.281829972546394,347.2239574927413,0.0,0.3678128001667288,0.10692652957178686,0.9074166666666666,7.303779002936606,328.45,0.0,0.008774029699782155
RANDOM,S10_spam,2.0194828296443803,4846.7587911465125,2.2029172540876227,0.10829166666666663,199.05,0.0,0.14249997452056315,0.3339979659677537,0.2516003971343137,0.0,0.00999999999999999,207.05,0.30061445241110074,3.562490686530586,3.4443945150582294,3.630502790697684,0.8464209384816404,11.695646645092866,-168.41104929755232,222.8201937245288,0.5457599343832438,0.15297354072750408,0.7423333333333333,8.766044049634145,259.9,0.0,0.002177564249819795
RANDOM,S11_burst,0.9092034735933641,2182.0883366240737,1.8412830533227869,0.055979166666666635,1214.85,0.0,0.09119458154726331,0.21722354751592912,0.16192749162056347,0.0,0.03333333333333331,334.2,0.13631255051713825,3.4208399141713555,3.5490494334483613,3.089421128479488,0.5161903968519799,9.049143897418775,-169.6564378196438,222.38281278840054,0.16323691168062726,0.34360665499398796,0.21808333333333332,8.985889649654649,134.35,0.0,0.001038281299957995
RANDOM,S12_near_equal,2.5430443830310727,6103.306519274575,2.550940276943441,0.1546458333333333,7.3,0.0,0.07794757634242491,0.21099885910600377,0.11956667380142294,0.0,0.0033333333333333296,175.75,0.1205171757053946,3.7359535198656495,3.7562113857378976,3.6505758795298546,0.6179474298658423,10.602486784211775,-63.49370991087905,115.4649090569441,0.3760539485125548,0.03725780059458695,0.9929166666666666,6.491082455909213,371.15,0.0,0.002871448800328785
RANDOM,S1_sparse,0.8314996286759595,1995.599108822303,2.164604570779388,0.045249999999999964,1473.25,0.0,0.09527356915944611,0.22820332343385066,0.16594607937496972,0.0,0.0,122.25,0.14234027685175007,3.674602414426429,3.58655762479015,3.5585262468863235,0.9929276477832513,8.11939651012191,-158.54411764469623,214.47032353834484,0.13924662728445428,0.2789495120637678,0.060833333333333295,8.734429149722825,108.6,0.0,0.00100323815027531
RANDOM,S2_moderate,1.477821032192263,3546.7704772614316,1.7688363383066175,0.0967083333333333,392.65,0.0,0.08521281289423197,0.21390011278398274,0.14254949460430943,0.0,0.0033333333333333296,178.25,0.12637810563256419,2.7001245318587115,2.9369231605297865,2.8765445913994823,0.868483071191147,11.188985745569312,-189.16721860681727,237.83753829256517,0.285567753287237,0.23064984422505508,0.5963333333333333,8.78787100065718,232.1,0.0,0.0018567685000391
RANDOM,S3_chronic,2.0789308761315954,4989.43410271583,2.0868407209545774,0.11889583333333328,9.65,0.0,0.08342519118616927,0.21562938799375955,0.13713263043995533,0.0,0.006666666666666659,191.55,0.12224552893525506,3.580412355781965,3.712628146142914,3.804257636927212,0.540818019847346,13.053432085502195,-191.46736272361457,252.07253703610414,0.32197257743372576,0.04376303489925694,0.9906666666666666,8.551181810069776,285.35,0.0,0.002692452450099785
RANDOM,S4_late_hq,1.5088944719872273,3621.3467327693456,1.8792900563125712,0.07685416666666664,475.55,0.0,0.08768178950265139,0.21536365751738176,0.14446168078718652,0.0,0.013333333333333319,263.1,0.11896241634068835,3.8134140376622545,4.284927188577747,4.062976705337352,0.5353380216263817,11.842543784612976,-203.8712959008304,273.79707803936054,0.1997671364798717,0.3024076770120373,0.6440833333333333,10.539775834513923,184.45,0.0,0.00174254340046213
RANDOM,S5_correlated,0.8734988110136207,2096.39714643269,0.8792670886366393,0.11508333333333329,17.45,0.0,0.08418885693321368,0.21501116688852479,0.1396283445249005,0.0,0.0033333333333333296,186.25,0.12626129462318236,1.7771501995242687,1.8972623815730771,1.837597722355469,0.5695364600638351,12.814579669423935,-351.4649355539333,776.4365077456966,0.32679287807927515,0.05510357401873776,0.9801666666666667,8.801642058044111,276.2,0.0,0.0022905441003614998
RANDOM,S5b_corr_benign,1.5100157499735087,3624.037799936421,1.5207044830740895,0.11574999999999995,17.7,0.0,0.08440538463982436,0.21544690666739577,0.1360265675134422,0.0,0.00999999999999999,190.25,0.1234276543893763,2.590529006821382,2.814233268165033,2.67331657245087,0.5721696400136586,12.496370663183574,-227.1721278950888,308.6950947480738,0.3196903612783733,0.05422114469886506,0.9788333333333334,8.754327527434002,277.8,0.0,0.0022499839504120647
RANDOM,S6_short_vs_long,3.2529966690887364,7807.192005812966,3.2788584582335454,0.12835416666666666,19.0,0.0,0.1092380584491324,0.22431880820759678,0.17303067235307915,0.0,0.009999999999999995,194.9,0.12754569128476467,5.113932250254459,5.251760970500777,5.57095498488995,0.6027474308409223,12.89359494271055,-24.855693801480847,96.41441170342401,0.33505993209778007,0.053430121092554926,0.97575,7.93073814505058,308.05,0.0,0.0026463548498611
RANDOM,S7_regime_shift,1.9603675703671677,4704.882168881202,1.9768231536482823,0.11210416666666663,20.0,0.0,0.08517781500799196,0.21516373889394944,0.13769241529723591,0.0,0.00999999999999999,214.9,0.12686037401606623,3.0463923578462087,3.3080358094102804,3.4106479486239594,0.5858109527858381,12.352979977692225,-153.21941254728466,217.63434049388653,0.3214541068075278,0.056571175952208376,0.9760833333333334,9.038640950995596,269.05,0.0,0.002745906049955185
RANDOM,S8_noisy_rank,1.7849997646433124,4283.99943514395,1.7996047463930203,0.11220833333333328,19.85,0.0,0.08489523154383746,0.2181664978735816,0.13596382959745618,0.0,0.0033333333333333296,209.0,0.12854347354549914,3.065027779835485,3.066770639222908,3.0726445992087466,0.5540492977847805,11.952959736426662,-185.1455026317863,241.9392306246024,0.31334217989373936,0.05724640351730732,0.97575,9.052588095976043,269.3,0.0,0.00308209379972476
RANDOM,S9_missing,1.8529740344433718,4447.137682664093,1.867495854649659,0.11589583333333331,18.9,0.0,0.08294710869134653,0.21436315148586932,0.13476590902016758,0.0,0.0033333333333333296,199.5,0.13051535631000138,3.3929136947740846,3.4498693843915484,3.1162163822015616,0.5631891935355127,12.733611795024094,-180.88002024937546,274.7994291088408,0.32063929023204746,0.055110396901965106,0.9771666666666666,8.80786483282095,278.15,0.0,0.002294669949759455
ROUND_ROBIN,S10_spam,2.0872890892608313,5009.493814225995,2.2671147214843463,0.10752083333333332,184.25,0.0,0.13092725291468496,0.31098176854450565,0.23953377563572542,0.0,0.00999999999999999,219.5,0.27496908633450523,3.5795599230102875,3.6642869287512063,3.7209172307923724,0.8565488906836102,11.658173540031546,-116.19900783140568,181.05495078981485,0.5062785002419413,0.147795955311889,0.7611666666666667,8.912986150940519,258.05,0.0,0.0009600377500532451
ROUND_ROBIN,S11_burst,0.9600181342146655,2304.0435221151974,1.9650179378663588,0.05591666666666663,1221.35,0.0,0.08718566030756245,0.2186470909454,0.14971345220382618,0.0,0.016666666666666656,304.9,0.11965864995240001,3.403936741869842,3.4411411272104124,3.246406798978696,0.5229955500453939,9.036413379056516,-150.94917941816448,176.8687708517692,0.11498589731669603,0.34637913944171955,0.21841666666666662,8.985164674503801,134.2,0.0,0.00066989994994623
ROUND_ROBIN,S12_near_equal,2.5916178745772354,6219.882898985365,2.5997093841897962,0.15383333333333332,7.45,0.0,0.07493620908995206,0.2078716783490689,0.10891937150562185,0.0,0.0033333333333333296,163.0,0.10570903181362665,3.795243979264055,3.8182766089183753,3.767719181816541,0.6563316593363776,10.421221719934254,-45.290225116981226,100.00064276836865,0.30084163318186297,0.03744754991205963,0.9928333333333332,6.528441063327202,369.2,0.0,0.001295814649711195
ROUND_ROBIN,S1_sparse,0.8325504898381866,1998.1211756116477,2.1634075963287396,0.0452708333333333,1471.75,0.0,0.09513049994523001,0.22812008955138915,0.1650582911682424,0.0,0.0,120.2,0.14148399030332826,4.05364176616571,3.989104874343846,3.5650710521756537,0.9946517857142858,8.082974358671734,-156.31323380892712,209.9648733711446,0.1386990874696855,0.2791538377271314,0.06174999999999996,8.743208938708989,108.65,0.0,0.000560249949990015
ROUND_ROBIN,S2_moderate,1.458165377497674,3499.5969059944173,1.740658616650423,0.0967708333333333,384.4,0.0,0.08569835387000245,0.2131634747471681,0.14168367747646254,0.0,0.0033333333333333296,170.55,0.1255837382119245,2.69340995921752,3.1486685006022475,2.759999688284102,0.8714111498005808,11.192579490932916,-178.37652398476612,222.39605078856712,0.29067404004420094,0.22947879549368216,0.6080833333333333,8.832503815747684,232.25,0.0,0.001044649399824445
ROUND_ROBIN,S3_chronic,2.2312203924999254,5354.928941999822,2.23947140469351,0.1177083333333333,9.4,0.0,0.08191551184021444,0.21509144498742522,0.135168799856702,0.0,0.0033333333333333296,189.75,0.10998017905447617,3.589858063850764,3.7356296188059686,3.8158168501507213,0.5646920591709923,12.78047061976956,-170.50725865157818,224.4717673790924,0.24101699352716993,0.041814838769352304,0.9903333333333333,8.592186031791773,282.5,0.0,0.001196351150576855
ROUND_ROBIN,S4_late_hq,1.43401171377857,3441.6281130685684,1.7747622556948577,0.07670833333333331,465.1,0.0,0.0841766752699756,0.21100280702134935,0.13631682197303654,0.0,0.00999999999999999,219.55,0.10714641047891064,3.8416804669229214,4.428945607015808,3.9608107132986716,0.5573395792501352,11.69402210862992,-218.07363195856252,254.1822767409264,0.15063511819313308,0.30017479298937033,0.6496666666666666,10.58578688917325,184.1,0.0,0.0007712907998552
ROUND_ROBIN,S5_correlated,1.0288093276676311,2469.142386402315,1.035334305640682,0.11474999999999998,15.25,0.0,0.08288953471088903,0.21333893318619973,0.13722056635127422,0.0,0.006666666666666659,189.1,0.11704843586301375,1.7639115265163727,1.8305259892982402,1.8699302276103438,0.5944566503344857,12.649787404407999,-360.1915297062036,646.3077001525237,0.27157145370392877,0.051023946156691855,0.98225,8.838008464862074,275.4,0.0,0.0009571182501417299
ROUND_ROBIN,S5b_corr_benign,1.4960511402912073,3590.5227366988975,1.5082819696062337,0.11710416666666663,19.35,0.0,0.08212834008639548,0.21404712259501188,0.1303707565123271,0.0,0.0033333333333333296,182.45,0.11503627872362417,2.731942992477351,2.915992502025164,2.6081384022004137,0.6047371779232437,13.024561077834779,-267.8742514504681,371.3318063449558,0.26668269022057506,0.056212624009482626,0.9763333333333334,8.622564966135425,281.05,0.0,0.00094999080036468
ROUND_ROBIN,S6_short_vs_long,3.219699973540846,7727.279936498031,3.240775311803984,0.12287499999999998,15.75,0.0,0.11027873760736628,0.22436779856518366,0.17107663646699248,0.0,0.0033333333333333296,165.6,0.11613833840205126,5.175299227901191,5.403127110247165,5.557407833285408,0.5935892463810161,12.22271435551942,-38.840789981114234,100.12082592935013,0.27591336669994904,0.048737375162987304,0.9802500000000001,8.267720765843166,294.9,0.0,0.001160526099647495
ROUND_ROBIN,S7_regime_shift,1.8209229307409234,4370.215033778217,1.8365244379989671,0.11241666666666664,20.3,0.0,0.08505575529588565,0.2156405814185572,0.13714988859473154,0.0,0.013333333333333319,196.95,0.12181491249504454,3.208543392326869,3.4692131760374663,3.183400370029516,0.593466461949234,12.475025962956872,-205.63112169633595,284.17994570331285,0.2738620549195989,0.05812054435340862,0.9760833333333334,8.965161693581619,269.8,0.0,0.0009495874501964801
ROUND_ROBIN,S8_noisy_rank,1.8046088414769936,4331.061219544785,1.8175897033653114,0.11324999999999996,18.15,0.0,0.08397782895852815,0.2161388318206901,0.13672873696790144,0.0,0.006666666666666659,190.35,0.11462447576565013,3.1603776816924545,3.099705691782865,2.9946123198083305,0.5808959788490196,11.858997492516112,-190.20361512158442,238.06624000075976,0.2809704483403782,0.05324434828268264,0.9775833333333332,9.001092969919906,271.8,0.0,0.000958953400083775
ROUND_ROBIN,S9_missing,2.107215331535459,5057.316795685101,2.1222614943043165,0.11410416666666663,17.3,0.0,0.08102402762308267,0.2114809055929337,0.126800866587881,0.0,0.01999999999999998,201.9,0.11989747578514051,3.427184480129161,3.4673477719916854,3.392490789311631,0.5849955461557702,12.030871437179036,-173.82473432295538,236.55907369517945,0.2589524657590563,0.05481324369487763,0.9800833333333333,8.936571709355553,273.85,0.0,0.001044042899854905
SCORE_RANK,S10_spam,2.220166953734778,5328.4006889634675,2.5428090324557346,0.1020208333333333,311.45,78.35,0.14772043891513353,0.33808841701626596,0.2565277200166189,0.0,0.07666666666666663,300.95,0.3054751554016486,2.875577661615925,1.8540915035594878,4.194126838003201,0.8594479157032435,11.453426934009105,-128.32945074663397,179.63598229566827,0.542384865681196,0.18379858132637755,0.624,8.877354124211761,244.85,0.0,0.001364687149913315
SCORE_RANK,S11_burst,1.1515156216404274,2763.6374919370255,2.6541514623259475,0.05022916666666664,1360.05,71.9,0.09780551410148186,0.22473577699559288,0.17338372607291547,0.019999999999999983,0.05999999999999996,454.15,0.1497378195975145,2.879399768987456,2.45081804646899,4.485043967427521,0.6381609610405313,9.430935592416535,-106.35967822343007,134.4793623835956,0.16550080588259358,0.34358021721534815,0.18266666666666664,8.779275547982312,120.55,0.0,0.000743762500570665
SCORE_RANK,S12_near_equal,2.934235489885277,7042.165175724664,2.9508042210114485,0.15366666666666665,13.6,5.4,0.08125712017087335,0.21284873544404892,0.13045101014229507,0.0,0.01666666666666665,186.1,0.13083388848348157,3.561524834176132,3.3165185513335422,4.285543463142102,0.713895937634897,11.04478710873772,-20.17266924218918,110.1890515134708,0.41654362914035065,0.048507952781453596,0.9846666666666666,6.527912465169405,368.8,0.0,0.0022440300000027497
SCORE_RANK,S1_sparse,0.8354438751178345,2005.0653002828026,2.6102550255741876,0.03806249999999997,1637.8,86.95,0.10128297167164002,0.23333651952207068,0.1822968074905147,0.0,0.012237762237762234,257.5,0.15492961104580893,0.9676098699868302,0.6075922451113576,4.165422563235934,0.9240469970191671,7.666054751450299,-129.74152443298735,167.88565144446548,0.1240442290590392,0.25857263110517165,0.03199999999999997,8.550396801887532,91.35,0.0,0.00065439355005304
SCORE_RANK,S2_moderate,1.652551818153298,3966.124363567915,2.2345453971656837,0.08379166666666663,624.1,162.95,0.0902501464903048,0.21973676472852074,0.15259789403288446,0.0033333333333333296,0.027142857142857118,281.1,0.13242284044500421,2.47788180682516,1.4436193301606992,3.5457997416028633,0.8287873154391869,10.367335368417613,-137.63705874997135,180.9254566145243,0.27420341973591206,0.2680842886200278,0.4165,9.008941775332406,201.1,0.0,0.00126852334993823
SCORE_RANK,S3_chronic,3.023739285538701,7256.974285292883,3.0576737685583395,0.12079166666666663,27.35,15.1,0.09068630796102199,0.22422373271616025,0.14731039153316708,0.0033333333333333296,0.049999999999999975,310.65,0.15738723115769684,3.2628507852218993,2.623247676539404,5.274447905279333,0.6680228459628725,13.29698416175357,-125.27478511089942,175.3082996707418,0.39476573323600894,0.06630742229606143,0.9668333333333333,8.420887376348627,289.9,0.0,0.001433441050164625
SCORE_RANK,S4_late_hq,1.8370882100552184,4409.011704132524,2.4048659064183533,0.07666666666666663,568.95,68.85,0.08236347556159446,0.212500624879699,0.1344666380678602,0.0,0.03333333333333331,301.5,0.12671381428673628,3.606526182401086,2.884492324912732,5.000127864742629,0.7265053965341257,12.273231103979859,-180.88378126270902,221.8393251208823,0.21353200310200565,0.32322118071842393,0.5838333333333333,10.035321604140874,184.0,0.0,0.001078623999575215
SCORE_RANK,S5_correlated,1.2968233264533369,3112.3759834880084,1.331733060009611,0.11095833333333331,66.85,45.65,0.09158439180567103,0.23669367662051402,0.15130468425991894,0.0,0.036666666666666646,268.9,0.14634690642420134,1.3843651641038108,1.1361316781376138,2.5970159048691097,0.6412924443255057,13.467646045307646,-363.6416505946853,770.325067799448,0.36671532266066426,0.09955028120725753,0.9167500000000001,8.918027779225456,266.3,0.0,0.00139161189997589
SCORE_RANK,S5b_corr_benign,2.1653655416517124,5196.87729996411,2.2385764772362338,0.11489583333333328,77.5,52.5,0.09081083531221101,0.23254776757832393,0.15887035466572855,0.0033333333333333296,0.02999999999999997,254.45,0.15930873578190988,2.3206848256468477,1.657988082419673,3.9696209370331372,0.6938578909871382,13.147567620631113,-195.5770270859926,239.47537259176974,0.3808238229772707,0.11075707392428207,0.9076666666666666,8.540132173770937,275.75,0.0,0.00150026190028707
SCORE_RANK,S6_short_vs_long,3.0822221017635227,7397.333044232454,3.1071489914835686,0.08468749999999997,19.35,7.6,0.13736876616918503,0.23410054022401733,0.19210094757988797,0.006666666666666659,0.11999999999999997,399.1,0.14769268623928733,5.151552880127883,5.581255612986395,5.144499879194951,0.36059880771243413,10.747135054034455,-79.45590234553931,104.37574927979328,0.40660032659957607,0.0535563366569462,0.9748333333333333,12.023083318318971,203.25,0.0,0.0010983395501170299
SCORE_RANK,S7_regime_shift,2.7646798910725683,6635.231738574164,2.840464200985715,0.11412499999999996,66.05,34.65,0.08390054409091738,0.21377418898351777,0.1324139133516314,0.0,0.01023809523809523,258.45,0.1363894292583434,1.9659969294756638,1.8589068590494666,4.772886600657194,0.7287416874334086,12.90078982260718,-102.05904814423765,171.40643776999087,0.3869782032362369,0.0996526081929597,0.9195,8.69175041970812,273.9,0.0,0.001389927999758755
SCORE_RANK,S8_noisy_rank,2.2932129596659157,5503.711103198198,2.408604044357749,0.10918749999999995,117.85,87.7,0.08851946568104267,0.2212639528945275,0.14679869544912663,0.0,0.01666666666666665,237.3,0.12693580188673576,3.0781531863439398,2.4653041588246083,4.039534426846995,0.6511070536933545,12.714018376521931,-143.48617712626165,195.45865575960596,0.3410617607701928,0.1336555636444668,0.8595,8.898812905981295,262.05,0.0,0.001524383899550185
SCORE_RANK,S9_missing,2.634220155131356,6322.128372315255,2.6785794802456033,0.11456249999999997,40.9,18.35,0.08616690531932769,0.21555136537621883,0.13665244620234793,0.0,0.02333333333333331,258.75,0.1351970120689974,3.107780730652276,2.5233447261191344,4.2101515600954755,0.6629484550672007,12.061502518004383,-105.41051985568154,160.98781065599087,0.348925790178943,0.0811471888500819,0.9525,8.87812358192771,274.95,0.0,0.00163693815023856
SLOTHOUR,S10_spam,2.2620169567523045,5428.8406962055315,2.585089210162156,0.10439583333333331,305.4,76.8,0.14588495631932416,0.33540666978155476,0.25093463689971357,0.0,0.05999999999999996,290.9,0.3115336828139553,2.7156240290124893,1.8269658669583595,4.202253395510121,0.8652039073473154,11.359730053007354,-131.86013557361704,183.84471246753668,0.5517194019214704,0.1828911327442678,0.6295,8.730814018216444,250.55,0.0,0.0015688333000979898
SLOTHOUR,S11_burst,1.1986358516416251,2876.7260439399006,2.8074753945996838,0.05210416666666663,1376.4,73.2,0.08963839564748567,0.21911179507328993,0.1537250310117084,0.01999999999999998,0.05999999999999996,447.55,0.16426341537116754,2.9759462856188046,2.312914844507597,4.672489422505713,0.6630348838777163,9.696237569256871,-99.70483907181644,127.62131546311882,0.19291908791419538,0.34443082817834353,0.18074999999999997,8.341510707369224,125.05,0.0,0.00101701804992439
SLOTHOUR,S12_near_equal,2.964986791592531,7115.968299822074,2.9811789275789,0.15537499999999999,13.05,4.95,0.07928658884558007,0.2107121733579426,0.1262956541535948,0.0,0.006666666666666659,186.8,0.12906122973802278,3.4866060093431033,3.260464199723858,4.323111568026857,0.7085901756943748,10.877992608892148,-7.32595544183193,75.80694186637626,0.4190925539003012,0.04853803305693176,0.9856666666666667,6.441326419709493,372.9,0.0,0.00244258825004517
SLOTHOUR,S1_sparse,0.8361326522764188,2006.718365463405,2.61184060523655,0.03806249999999997,1637.7,86.95,0.1012125140232059,0.2332355820825256,0.18227518116045788,0.0,0.012237762237762234,257.5,0.15492961104580893,0.9676098699868302,0.6075922451113576,4.16834568313454,0.9240469970191671,7.666399446643912,-129.74152443298735,167.88565144446548,0.1240442290590392,0.25859525981871767,0.03199999999999997,8.551438468554197,91.35,0.0,0.00059913705019875
SLOTHOUR,S2_moderate,1.6631602291516068,3991.5845499638554,2.2589617046260315,0.0838958333333333,630.15,165.3,0.09006807579045234,0.2183428794058751,0.1512212779880025,0.0033333333333333296,0.023809523809523787,277.55,0.1345334179571447,2.140987036738438,1.234386437910332,3.5847755787414,0.8336912144195047,10.363459147743303,-131.51872464974355,171.68014269919215,0.27530960922478476,0.2677355935915708,0.4109166666666666,8.982886992428538,201.35,0.0,0.00128931165000945
SLOTHOUR,S3_chronic,3.2130369640217267,7711.288713652144,3.2492090885063876,0.12779166666666664,27.85,15.6,0.0864083660953583,0.21736557510748883,0.1403044590263523,0.0,0.06333333333333331,300.5,0.16911979921908699,3.153469782218152,2.2657170542284097,5.450409390044022,0.7233937816898484,13.678484498725743,-82.57791566603791,152.26868303477207,0.4176701634291516,0.06794881031091358,0.9662499999999999,7.965041409584854,306.7,0.0,0.00204073505021819
SLOTHOUR,S4_late_hq,1.88522593830587,4524.542251934088,2.482301280368747,0.07654166666666662,577.4,70.0,0.08100953338931151,0.2115799536231436,0.13176263507736363,0.0,0.02333333333333331,307.05,0.12527215626860386,3.6094525512006967,2.9287855813921335,5.067801780705572,0.7287007954923458,12.353765142336638,-159.90830820766936,192.71268061309272,0.2159166937658603,0.32548951014533695,0.5779166666666666,10.0093047741403,183.7,0.0,0.001119458900018295
SLOTHOUR,S5_correlated,1.3449092596343948,3227.782223122548,1.3843782477268645,0.11472916666666663,73.45,50.5,0.08845278054007785,0.23097720893225243,0.14439967465313808,0.0,0.03999999999999998,272.05,0.15023618332947192,1.312291022435318,0.9564658792235836,2.6828232729887,0.6673636545036892,13.320848028573891,-347.36736786608594,731.3708419022017,0.3731835815650401,0.10351800609278254,0.90625,8.634933788026391,275.35,0.0,0.00163930620004744
SLOTHOUR,S5b_corr_benign,2.313725935863802,5552.942246073124,2.3998746499931354,0.12093749999999996,86.15,56.6,0.0851722693557686,0.22564971838463616,0.14388245833766494,0.0,0.026666666666666644,230.7,0.1638268979818056,2.105658452260021,1.4556900173324216,4.166710930029535,0.7224783579653382,13.223971870221513,-193.2364867547076,230.90689255505612,0.37000120775323964,0.11500534062408277,0.8966666666666667,8.09708773636119,290.25,0.0,0.00173501254982962
SLOTHOUR,S6_short_vs_long,3.440692667818717,8257.662402764921,3.489168025588197,0.12968749999999998,33.35,15.45,0.10750561580981947,0.22014277190473847,0.1651971109798261,0.0033333333333333296,0.02333333333333331,245.4,0.13632512035676841,5.016761799391597,4.925746933095025,5.966201320251399,0.6618667523806703,12.994146421412712,-20.744087304432178,109.73943343365818,0.373134785584128,0.06868515185672446,0.9557499999999999,7.773075115240893,311.25,0.0,0.0019356452499379802
SLOTHOUR,S7_regime_shift,2.726962214686842,6544.70931524842,2.799284965119461,0.11812499999999997,63.3,34.45,0.08000260868347399,0.21013070546890766,0.12460200231882741,0.0,0.00999999999999999,259.45,0.15605169711535666,1.9397631013349574,1.738660624351559,4.653649701611483,0.7437280719043384,12.926166435087154,-117.30704172983023,180.9209910976639,0.3916097772929751,0.09920958443817098,0.9239166666666666,8.40433196149289,283.5,0.0,0.0018912320004119
SLOTHOUR,S8_noisy_rank,2.261918169326473,5428.6036063835345,2.3684393359965528,0.11093749999999998,110.6,82.2,0.08337874641807193,0.21570229039802474,0.13730931636603175,0.0,0.019999999999999983,210.85,0.13842871149240407,2.9789359472964523,2.2908673770615944,4.128484728787461,0.6853464425684757,12.362649538599184,-168.90692822332431,202.28429494803018,0.3299542026404841,0.12801808782854962,0.8655833333333334,8.784219937334253,266.25,0.0,0.001828032950186235
SLOTHOUR,S9_missing,2.6938780946321303,6465.307427117114,2.7417221688964357,0.12316666666666662,42.3,19.35,0.08023656360491138,0.21132426564303436,0.1294191251412168,0.0,0.03999999999999998,258.7,0.1474398618692903,2.7756835732139655,2.07306055617905,4.377514661801293,0.7191888342376405,12.908214845569688,-119.35358312743085,164.58528841185728,0.3745986835632379,0.08133681616508563,0.9484166666666667,8.216602233960462,295.6,0.0,0.00240284115006938
SLOTHOUR_SHADOW,S10_spam,2.230008690960575,5352.020858305381,2.7607922177425426,0.09868749999999997,461.6,192.4,0.15431829736504027,0.35027605692153047,0.25946267736450335,0.0,0.13666666666666666,342.7,0.32524774621187436,2.6776732525317426,1.5516816497788883,4.44841652103093,0.8529992678900704,11.42945299587509,-122.08642739380969,173.37944210964648,0.5465394119618897,0.216458121078731,0.4939166666666666,8.552947807312332,236.85,0.0,0.002539099099982375
SLOTHOUR_SHADOW,S11_burst,1.1751428906953278,2820.342937668787,3.112333130256363,0.0473333333333333,1498.85,134.15,0.09511140200339845,0.22317548692504802,0.16481999175635573,0.01999999999999998,0.09999999999999996,474.05,0.1795436099756304,3.1075591946539918,2.249319656330165,5.121069246004925,0.6404618556175734,9.691645407882163,-90.86410031492048,118.77570264411936,0.1900283422054552,0.34943795431993113,0.1648333333333333,8.083454369900949,113.6,0.0,0.001302666449953395
SLOTHOUR_SHADOW,S12_near_equal,2.9136399422280914,6992.735861347419,2.9548840230903997,0.15360416666666662,34.05,25.75,0.08026528475987557,0.2114183038717694,0.12768964281099598,0.0,0.01666666666666665,247.05,0.13224524027860235,3.4680965857397297,3.2520723680502273,4.255187713695196,0.7041667606422639,10.819895226909209,-22.75794031007331,86.8082471319331,0.4258261042366619,0.07272469605529938,0.9577500000000001,6.469417426794562,368.65,0.0,0.00302641314980855
SLOTHOUR_SHADOW,S1_sparse,0.7886489342166564,1892.7574421199752,2.9045429208008486,0.032416666666666635,1750.4,156.35,0.10469843931575576,0.23658119335412336,0.1834645958114962,0.00839160839160839,0.024796037296037292,341.6,0.15994728698510935,1.462504022087102,1.0790620902714565,4.65417144851481,0.8431883442541419,7.216033651572275,-98.30985603589913,133.76184309077982,0.10829366288964437,0.24065301033229863,0.01624999999999997,8.504693887764528,77.8,0.0,0.00171402680015258
SLOTHOUR_SHADOW,S2_moderate,1.516258438831616,3639.0202531958785,2.408451955690658,0.07229166666666663,884.15,330.85,0.09439734367489619,0.22266006624974688,0.1631855393728073,0.0033333333333333296,0.06119047619047615,357.2,0.1477554592038856,1.6287801567379296,1.0065621190918022,3.947457176793894,0.7766656179613128,9.880437139077092,-112.64988479447568,148.31015085275493,0.250127873847022,0.2901057664286123,0.27249999999999996,8.885111728024144,173.5,0.0,0.00216660519968737
SLOTHOUR_SHADOW,S3_chronic,3.3038711130477862,7929.290671314686,3.4335106617742612,0.12785416666666663,89.8,76.1,0.08812495702293535,0.21973431255938736,0.1436041762900948,0.0,0.09666666666666664,333.55,0.17545765361660992,3.140281571262695,2.1639806314594185,5.632083488424487,0.7313229031911536,13.614947378501506,-50.22232641343724,127.10361548412706,0.4388060855856578,0.11279742213131463,0.8885833333333334,7.68925702255235,306.85,0.0,0.00320825380012475
SLOTHOUR_SHADOW,S4_late_hq,2.1429990898469486,5143.197815632677,3.4657166555743757,0.07135416666666664,900.95,321.9,0.08050811137769888,0.2121772004883687,0.12712528674898405,0.0,0.07666666666666663,411.05,0.16152923983693832,3.5946712876726656,2.1986427895896075,6.4480040806828995,0.7666988180659045,13.204130660151737,-128.4008033817533,152.41261012722165,0.25599168892786145,0.36400397837045817,0.3966666666666666,8.792344654876526,171.25,0.0,0.0023728493999385153
SLOTHOUR_SHADOW,S5_correlated,1.363293323519456,3271.9039764466947,1.4844603976742177,0.11139583333333329,197.45,166.8,0.0914568696816662,0.24164609956875055,0.1544669384266115,0.0,0.07357142857142854,332.35,0.15923530224546206,1.3287884875294966,0.9617673736222899,2.880809829249182,0.6655119639601729,13.238512131913499,-337.7214029738707,639.5958638446969,0.3798601541274011,0.16609175221307013,0.7699166666666667,8.393860748772369,267.35,0.0,0.003167743099720565
SLOTHOUR_SHADOW,S5b_corr_benign,2.426583038020523,5823.7992912492555,2.729065541637804,0.11541666666666664,250.8,211.05,0.09156283892842773,0.24040383095508333,0.16440928974043179,0.0,0.05666666666666663,311.9,0.18096852844577824,2.0523598633459543,1.3225857080466028,4.519931711884906,0.7180761553149313,12.766996613734804,-141.2193622201746,182.66936057049344,0.3955597333059434,0.18202724056503963,0.7271666666666666,7.864210741652033,277.0,0.0,0.0035023117500599652
SLOTHOUR_SHADOW,S6_short_vs_long,3.4118212833334574,8188.371080000297,3.494328708635917,0.128125,56.5,36.95,0.10917259827686587,0.22218956080023716,0.1746285450080004,0.0,0.01999999999999998,238.25,0.13860576556091778,4.893433076545446,4.840824318239458,5.867438507403374,0.654744328220805,12.814674380486528,-3.6660410181941687,72.19506881253321,0.3736394122393575,0.08999888893715513,0.9280833333333334,7.788312648592244,307.5,0.0,0.00291016484987376
SLOTHOUR_SHADOW,S7_regime_shift,2.7793673490737234,6670.481637776936,3.0054396505764602,0.1163958333333333,179.1,141.65,0.08036336599544083,0.21191387734241549,0.12715458036718047,0.0,0.023333333333333314,279.1,0.15962425388039853,1.8528442118678867,1.6265425756256313,4.960018005323107,0.7525548820270298,12.981961118047133,-113.68575895395433,167.81762767814718,0.39656899851404576,0.15759783009802308,0.7905,8.123768668930818,279.35,0.0,0.00307648600035572
SLOTHOUR_SHADOW,S8_noisy_rank,2.211990815329032,5308.777956789676,2.48111669076562,0.10627083333333329,260.4,221.0,0.08342892300790586,0.21593251122856646,0.14025030218984297,0.0,0.023333333333333314,277.25,0.14291456983475764,3.0355120732620757,2.297982673009241,4.363148210890634,0.6680114581275671,12.397881562595533,-152.93055577522938,194.44324300237284,0.32411403635124064,0.1944573547402164,0.7121666666666667,8.583773563921145,255.05,0.0,0.0035366190496574253
SLOTHOUR_SHADOW,S9_missing,2.6588807223248945,6381.313733579746,2.7456811083015067,0.12031249999999998,70.95,45.55,0.08044502238614824,0.2113932167078088,0.13092265966175026,0.0,0.0433333333333333,278.8,0.1500880398390294,2.8767238308918093,2.196785751124904,4.356084152958752,0.7007985272554417,13.076806759168226,-118.9976484584882,171.61467923950397,0.3679642708638827,0.10344283744213771,0.9130833333333334,8.325642539705722,288.75,0.0,0.00275572475000553
UNCERTAINTY_LCB,S10_spam,2.2752254200111994,5460.541008026879,2.5513857839835556,0.1086458333333333,262.35,42.6,0.14557553478955246,0.3362444541800114,0.2487806349245568,0.0,0.08666666666666664,322.75,0.3134604824568427,2.9302178333839914,1.6521846642384035,4.1926612131211805,0.8909262769180408,11.80676962844811,-122.63407806053822,173.83353920363004,0.5509685675949308,0.17045129792051433,0.6700833333333334,8.602180444634465,260.75,0.0,0.00316387335001305
UNCERTAINTY_LCB,S11_burst,1.2124971211070144,2909.9930906568343,2.731749212320184,0.054520833333333296,1336.6,45.25,0.09047583383322015,0.2187638878534576,0.15256684857244626,0.02333333333333332,0.0833333333333333,438.3,0.1672485837376007,3.0792893087261985,2.2180513616622775,4.68101796911901,0.6839631516307658,9.869338239902765,-112.30692753537741,133.73773378833482,0.21102990926729995,0.3444336057655496,0.18849999999999997,8.293313810414253,130.85,0.0,0.0017975149002608648
UNCERTAINTY_LCB,S12_near_equal,3.1093715757899196,7462.491781895807,3.121097412828727,0.15493749999999998,9.05,1.4,0.08408227525746587,0.21374464072942753,0.13769814006104716,0.0,0.04333333333333329,273.75,0.13990115440845757,3.5718632397780157,3.2407923627022805,4.4097287026204715,0.696940041075486,10.85181620190333,-4.265920866614301,93.99259137381135,0.46561115693063726,0.04149961242193286,0.9906666666666666,6.4826358308851955,371.85,0.0,0.00395374004999094
UNCERTAINTY_LCB,S1_sparse,0.8323945923399343,1997.7470216158422,2.5112150834627043,0.03964583333333331,1600.85,67.65,0.103895123767476,0.23577740315940532,0.18658930268162516,0.012237762237762234,0.03718364968364968,323.0,0.15688489170552597,1.1848919077449058,0.40820263614881325,4.0300785273653315,0.9418479402975279,7.708762385949187,-139.97966801310653,176.99792070595592,0.1288846593610467,0.26277212176647213,0.03824999999999997,8.574761200614265,95.15,0.0,0.00085489790000105
UNCERTAINTY_LCB,S2_moderate,1.6042763337209962,3850.263200930391,2.103102712887671,0.08672916666666663,568.2,119.8,0.09076407434654235,0.21865834571433762,0.15056739758195287,0.006666666666666659,0.03428571428571426,302.35,0.1395830926274547,2.2826326639527617,1.1966856515500859,3.4569401713924988,0.8420041032320971,10.592590822707393,-143.89852762828573,177.25118282751095,0.293433661297171,0.26085787215585626,0.45808333333333334,8.98944994192509,208.15,0.0,0.0018212215001482848
UNCERTAINTY_LCB,S3_chronic,3.255902150757895,7814.165161818947,3.282576664027572,0.12941666666666662,19.75,9.35,0.08909573954549027,0.22317860008860727,0.1419569837096299,0.006666666666666665,0.09666666666666664,373.05,0.18030880738220473,3.2375365298316403,2.151944853370143,5.5873898257019645,0.7392591764447551,13.702584665005801,-73.64641389764054,162.3059198044676,0.44417988253016405,0.05757335941304381,0.976,7.888121238760405,310.6,0.0,0.00429285729956626
UNCERTAINTY_LCB,S4_late_hq,1.952476603542939,4685.943848503053,2.5509762896880472,0.07739583333333329,562.35,57.85,0.08253599385165454,0.21362001961751725,0.13716082748735037,0.0,0.039999999999999966,341.75,0.13258101906952574,3.8273970441211964,2.8459794217628076,5.201005721848048,0.731889669838709,12.337927949892016,-158.65721899357337,199.26941448143756,0.23299821059034076,0.32243112228454496,0.5880833333333333,9.97206278308162,185.75,0.0,0.00190434874969579
UNCERTAINTY_LCB,S5_correlated,1.3919804655449548,3340.753117307891,1.4235445933838926,0.11656249999999997,54.3,32.45,0.09326325963158154,0.2432437918650761,0.15231036056098354,0.0033333333333333296,0.09333333333333331,352.35,0.16792906165985244,1.294295305210276,0.8858980007277759,2.788228130370059,0.6788869426541048,13.577329011331338,-379.3614624683011,703.6237073461417,0.4143933791246804,0.0924972194513444,0.9331666666666667,8.582735584091152,279.75,0.0,0.0033687253000038555
UNCERTAINTY_LCB,S5b_corr_benign,2.283587004761415,5480.608811427396,2.3473312828014903,0.12204166666666663,63.95,37.05,0.08923063957790148,0.2331897809466934,0.15785280999221932,0.0,0.0533333333333333,308.2,0.1728638590110429,2.181191916608326,1.3555748751688168,3.952521223504244,0.7213969680540853,13.084326692011112,-209.8931659191097,257.2650740513084,0.40959320527402776,0.10014332679817191,0.92275,8.101054482908273,292.9,0.0,0.00306536479964729
UNCERTAINTY_LCB,S6_short_vs_long,3.491750678320334,8380.2016279688,3.5292324001207414,0.12993749999999998,24.75,4.2,0.10770235791856535,0.22317036145644198,0.16974939304531703,0.0033333333333333296,0.043333333333333314,308.1,0.14986839323759443,4.90017335717466,4.797884662651691,6.141018717074489,0.6571490028397861,12.978900875670453,-46.599528118111,115.08571762804877,0.39631028413613334,0.060769460597225614,0.9695833333333332,7.788898176177606,311.85,0.0,0.00355001349950608
UNCERTAINTY_LCB,S7_regime_shift,2.818701151498961,6764.882763597506,2.8722928392961404,0.11935416666666665,46.3,19.85,0.07977569251317028,0.21017066743134283,0.12324118557610327,0.0,0.00999999999999999,274.95,0.16048051444319136,1.9075251265489648,1.6176755936913954,4.815756912470208,0.7593460106533853,13.143705972362241,-116.04208888874318,166.6329454742816,0.4157036398031078,0.08380138205830326,0.94275,8.374515481072276,286.45,0.0,0.00300599775031283
UNCERTAINTY_LCB,S8_noisy_rank,2.522696181458161,6054.470835499587,2.6043935697853065,0.11408333333333329,78.2,50.7,0.08654676160421655,0.21923930849948953,0.14245419046915767,0.0,0.03666666666666664,265.1,0.15021549620708902,2.817110447990218,1.9027838686609595,4.4558260664104115,0.7126945450682074,12.861966311393044,-129.2580548934342,171.67417541039492,0.3598607536897052,0.10738048492871925,0.9025833333333333,8.692034363110837,273.8,0.0,0.00381288479987911
UNCERTAINTY_LCB,S9_missing,2.8591920317076114,6862.060876098267,2.911373389017315,0.12060416666666662,44.95,22.5,0.08938485379377618,0.21990085542399168,0.1406981582410969,0.006666666666666659,0.1033333333333333,412.8,0.15842149222956609,2.7583262092155705,1.7527419288731056,4.723943157194386,0.7258750564230094,12.943957081541773,-103.52026418806793,150.2059974521725,0.41487373446763015,0.08449019865779651,0.9459166666666666,8.376892873499676,289.45,0.0,0.00350171769986782
