policy,macro_diff_vs_random,lo,hi
FIFO,0.04188559206248559,-0.0014362217365783449,0.08740524355424077
ROUND_ROBIN,0.03603471708727456,-0.009500540683467913,0.07985250532083604
EQUAL_QUOTA,0.0010736066386858687,-0.04301738921428178,0.045674485903228874
OLDEST_SLOT,0.22696990674975284,0.1797272734453925,0.27494277957080393
FIFO_SCREEN,0.20569170410205534,0.15867725351458076,0.24959368845815905
SCORE_RANK,0.40673353346756674,0.3582990108243476,0.457075498623193
SLOTHOUR,0.47704249468606635,0.4239777621890962,0.5291925719682857
SLOTHOUR_SHADOW,0.48605971820326976,0.4358744444414525,0.5376120872692943
UNCERTAINTY_LCB,0.5389478473673657,0.492920783269382,0.5865071872517642
CORR_AWARE,0.4553782351492141,0.4091827221597533,0.5019154492245331
LINTS,0.4575194382010546,0.40522215767305697,0.5076225209260375
