K,policy,macro_diff_vs_FIFO,lo,hi
3,SLOTHOUR,0.6789214594032624,0.6070004368871931,0.755708450536334
3,UNCERTAINTY_LCB,0.7451625893614688,0.6468339392831156,0.841629460129987
3,FIFO_SCREEN,0.184646315289271,0.1100239883015554,0.2594559780754082
4,SLOTHOUR,0.4759150615158864,0.4130646769169757,0.5392530172221399
4,UNCERTAINTY_LCB,0.5262393393755616,0.45919233133073967,0.5932718154468308
4,FIFO_SCREEN,0.14137256305067067,0.08761701192193629,0.1994109847410458
6,SLOTHOUR,0.1557738239691717,0.10203615920268228,0.21099212524193375
6,UNCERTAINTY_LCB,0.21266994890736202,0.16424732238584322,0.25971615147609695
6,FIFO_SCREEN,0.07893247616742344,0.034936804128565715,0.12243831618651978
10,SLOTHOUR,-0.04134598490491865,-0.05893726196775495,-0.024112725154791084
10,UNCERTAINTY_LCB,-0.0018915043765445527,-0.017168395681404665,0.01421327476159076
10,FIFO_SCREEN,-0.04337504242002048,-0.060497982077168534,-0.026973987079716988
