cand,asset,target,n,first,last,klass,p_incr,p_univ,sign_cos,red_base,red_price_lagged,oos_n,oos_r2_base,oos_r2_full,oos_gain_pct,dm_t,dm_p_onesided,react_ctmp,react_past,lag_days,family,sens,is_control,q_bh
cm_exchange_flows,BTC,ret,2008,2021-01-01,2026-09-01,"{'lag': 2, 'klass': 'on-chain exchange flows (labelled clusters)'}",0.14624798554716062,0.12632815833862393,-0.9537537349481079,0.24281488323898115,0.18327883726474514,1608,-0.03834669164109328,-0.04647799931270935,-0.7831014185410989,-1.6861650194638371,0.9541179902854051,0.3972465473686019,0.16979535058737227,2,on-chain exchange flows (labelled clusters),primary,False,0.3133885404582013
cm_exchange_flows,BTC,lrange,2008,2021-01-01,2026-09-01,"{'lag': 2, 'klass': 'on-chain exchange flows (labelled clusters)'}",0.00028392352391161884,0.04865518479593739,0.9961880417324941,0.24281488323898115,0.18327883726474514,1608,0.34545979654280423,0.3479971067315779,0.38764772207602327,1.1609686675173,0.1228273208377606,0.3972465473686019,0.16979535058737227,2,on-chain exchange flows (labelled clusters),primary,False,0.0025553117152045694
cm_exchange_flows,BTC,absret,2008,2021-01-01,2026-09-01,"{'lag': 2, 'klass': 'on-chain exchange flows (labelled clusters)'}",0.10913243637243915,0.4200864574108606,0.8094843873536328,0.24281488323898115,0.18327883726474514,1608,0.10505771353205184,0.10011031992571762,-0.5528170566015067,-0.7235420582230483,0.7653265377666313,0.3972465473686019,0.16979535058737227,2,on-chain exchange flows (labelled clusters),primary,False,0.24998673733301593
cm_active_addresses,BTC,ret,2008,2021-01-01,2026-09-01,"{'lag': 2, 'klass': 'on-chain activity'}",0.7701741168741117,0.6815898334970383,0.9873566335670717,0.07835825930459606,0.06641439662172532,1608,-0.03834669164109328,-0.049108494838784766,-1.0364364122625203,-2.8023611105973414,0.9974634972664622,0.21091562001876474,0.12856525241532035,2,on-chain activity,primary,False,0.8351285604659043
cm_active_addresses,BTC,lrange,2008,2021-01-01,2026-09-01,"{'lag': 2, 'klass': 'on-chain activity'}",2.0109107089455488e-05,0.0024128298258250538,0.13144773694358555,0.07835825930459606,0.06641439662172532,1608,0.34545979654280423,0.34858976123691543,0.47819288678969674,1.0133015253806317,0.15545807957836444,0.21091562001876474,0.12856525241532035,2,on-chain activity,primary,False,0.00020109107089455488
cm_active_addresses,BTC,absret,2008,2021-01-01,2026-09-01,"{'lag': 2, 'klass': 'on-chain activity'}",0.09434697203228003,0.19859071426792493,0.7053367110321784,0.07835825930459606,0.06641439662172532,1608,0.10505771353205184,0.10294786140518586,-0.23575287018706703,-0.5095674565648424,0.6948227359414552,0.21091562001876474,0.12856525241532035,2,on-chain activity,primary,False,0.23586743008070007
cm_tx_count,BTC,ret,2008,2021-01-01,2026-09-01,"{'lag': 2, 'klass': 'on-chain activity'}",0.8328851987552547,0.8269942969442932,-0.8744115727995004,0.018784614137004496,0.005079996239387263,1608,-0.03834669164109328,-0.047522754107956366,-0.8837185634366973,-2.906937607246829,0.9981750700556574,0.008569659085769898,0.009116423206169788,2,on-chain activity,primary,False,0.8716240452089875
cm_tx_count,BTC,lrange,2008,2021-01-01,2026-09-01,"{'lag': 2, 'klass': 'on-chain activity'}",0.007740208525261649,0.014198667251481724,0.9937659031015046,0.018784614137004496,0.005079996239387263,1608,0.34545979654280423,0.34475010236160764,-0.10842636975516573,-0.1913469990516364,0.5758731293175475,0.008569659085769898,0.009116423206169788,2,on-chain activity,primary,False,0.035215219721587816
cm_tx_count,BTC,absret,2008,2021-01-01,2026-09-01,"{'lag': 2, 'klass': 'on-chain activity'}",0.002847490968523836,0.0022356270276116036,0.99916339472838,0.018784614137004496,0.005079996239387263,1608,0.10505771353205184,0.10670604357849911,0.18418283182848327,0.3822222451702499,0.3511482614907705,0.008569659085769898,0.009116423206169788,2,on-chain activity,primary,False,0.018305299083367515
cm_hashrate,BTC,ret,2008,2021-01-01,2026-09-01,"{'lag': 2, 'klass': 'mining'}",0.03323963026742303,0.026089431199881958,0.8331914672481683,0.02226756984220357,0.011618635529675125,1608,-0.03834669164109328,-0.04234549391216191,-0.3851124391554439,-0.8629061200045843,0.8059054572283288,0.008415691864630204,0.008425958505955511,2,mining,primary,False,0.10684166871671687
cm_hashrate,BTC,lrange,2008,2021-01-01,2026-09-01,"{'lag': 2, 'klass': 'mining'}",0.35173865735698173,0.2894489144696381,-0.13459365618979843,0.02226756984220357,0.011618635529675125,1608,0.34545979654280423,0.3443484473156895,-0.16979082739987383,-1.2492810258440035,0.8942188473449821,0.008415691864630204,0.008425958505955511,2,mining,primary,False,0.5105883735827155
cm_hashrate,BTC,absret,2008,2021-01-01,2026-09-01,"{'lag': 2, 'klass': 'mining'}",0.6464171318677414,0.4792067761819615,-0.9866235023302853,0.02226756984220357,0.011618635529675125,1608,0.10505771353205184,0.10282049515044667,-0.2499846543663642,-2.7316687085658504,0.9968492765346717,0.008415691864630204,0.008425958505955511,2,mining,primary,False,0.7274075792153221
cm_mvrv_CONTROL_price_derived,BTC,ret,2008,2021-01-01,2026-09-01,"{'lag': 2, 'klass': 'control'}",0.6798372058520418,0.2771236154666711,0.07797479203421996,0.7260149783592488,0.6875697636528513,1608,-0.03834669164109328,-0.046055417227951034,-0.7424038280195333,-1.626065087085628,0.9480320949562623,0.8747583872554476,0.4190091072285623,2,control,primary,True,
cm_mvrv_CONTROL_price_derived,BTC,lrange,2008,2021-01-01,2026-09-01,"{'lag': 2, 'klass': 'control'}",0.6830987294176374,0.036390232211409954,-0.8489167719515366,0.7260149783592488,0.6875697636528513,1608,0.34545979654280423,0.34304625781042797,-0.36873804231249974,-1.44700561769595,0.9260523249019076,0.8747583872554476,0.4190091072285623,2,control,primary,True,
cm_mvrv_CONTROL_price_derived,BTC,absret,2008,2021-01-01,2026-09-01,"{'lag': 2, 'klass': 'control'}",0.5046781422391764,0.07065644975882088,-0.4823027452649503,0.7260149783592488,0.6875697636528513,1608,0.10505771353205184,0.10152141370772094,-0.3951427793503548,-1.3110025755560548,0.9050715532704219,0.8747583872554476,0.4190091072285623,2,control,primary,True,
bc_tx_count,BTC,ret,2008,2021-01-01,2026-09-01,"{'lag': 2, 'klass': 'on-chain activity (lookahead-risk source)'}",0.8928902185805894,0.8157724619137976,-0.8874736329088426,0.018656596134919545,0.007670478251013302,1608,-0.03834669164109328,-0.048060853949313476,-0.9355413164428894,-3.1234701505084006,0.999106340032943,0.013495497148186764,0.013257777638272072,2,on-chain activity (lookahead-risk source),primary,False,0.9080387262947365
bc_tx_count,BTC,lrange,2008,2021-01-01,2026-09-01,"{'lag': 2, 'klass': 'on-chain activity (lookahead-risk source)'}",0.02779348609216699,0.01500291422987907,0.9919270780926223,0.018656596134919545,0.007670478251013302,1608,0.34545979654280423,0.34404703225358657,-0.21584072021179068,-0.3715253036633893,0.644876843577487,0.013495497148186764,0.013257777638272072,2,on-chain activity (lookahead-risk source),primary,False,0.10005654993180116
bc_tx_count,BTC,absret,2008,2021-01-01,2026-09-01,"{'lag': 2, 'klass': 'on-chain activity (lookahead-risk source)'}",0.014388266622900768,0.004546904204866967,0.9967626336618612,0.018656596134919545,0.007670478251013302,1608,0.10505771353205184,0.10575833000864909,0.0782862188088429,0.162010963327038,0.43564861022127677,0.013495497148186764,0.013257777638272072,2,on-chain activity (lookahead-risk source),primary,False,0.06166399981243186
bc_mempool_size,BTC,ret,2008,2021-01-01,2026-09-01,"{'lag': 2, 'klass': 'mempool congestion'}",0.33607238461067673,0.2919639098841625,0.0006909992928608406,0.007314285132748011,0.004848936483918265,1608,-0.03834669164109328,-0.04339389999658683,-0.48608122856506064,-1.4893353923419799,0.9318004638379637,0.019035664525309803,0.004006400041415614,2,mempool congestion,primary,False,0.508306159623757
bc_mempool_size,BTC,lrange,2008,2021-01-01,2026-09-01,"{'lag': 2, 'klass': 'mempool congestion'}",0.39003888043715296,0.45786737136094,0.2618618045725492,0.007314285132748011,0.004848936483918265,1608,0.34545979654280423,0.344079021462822,-0.21095344070376498,-0.8203532536841234,0.7939926219738893,0.019035664525309803,0.004006400041415614,2,mempool congestion,primary,False,0.5400538344514426
bc_mempool_size,BTC,absret,2008,2021-01-01,2026-09-01,"{'lag': 2, 'klass': 'mempool congestion'}",0.7895186655662305,0.7629329336416226,-0.942328768958527,0.007314285132748011,0.004848936483918265,1608,0.10505771353205184,0.10204923862429538,-0.33616412513368665,-1.0244438558959486,0.8471871617459752,0.019035664525309803,0.004006400041415614,2,mempool congestion,primary,False,0.8459128559638184
bc_tx_fees_btc,BTC,ret,2008,2021-01-01,2026-09-01,"{'lag': 2, 'klass': 'fees'}",0.14510631278267336,0.19217254681273127,0.15404430551089962,0.06308435125916945,0.04684176643894189,1608,-0.03834669164109328,-0.041264765405811143,-0.28103077596421944,-0.8500355085224475,0.8023473275609143,0.12730343083814832,0.05688209226180374,2,fees,primary,False,0.3133885404582013
bc_tx_fees_btc,BTC,lrange,2008,2021-01-01,2026-09-01,"{'lag': 2, 'klass': 'fees'}",1.1674792455695333e-05,0.06741822174437663,0.7270249267782856,0.06308435125916945,0.04684176643894189,1608,0.34545979654280423,0.34908010736601125,0.5531074797369251,1.047030006648624,0.14754286947983086,0.12730343083814832,0.05688209226180374,2,fees,primary,False,0.0001313414151265725
bc_tx_fees_btc,BTC,absret,2008,2021-01-01,2026-09-01,"{'lag': 2, 'klass': 'fees'}",0.0009854316227974483,0.09004124835692673,0.9999667383174915,0.06308435125916945,0.04684176643894189,1608,0.10505771353205184,0.10435119609220356,-0.07894558683072539,-0.1330498882024165,0.5529230369462262,0.12730343083814832,0.05688209226180374,2,fees,primary,False,0.00806262236834276
bc_unique_addresses,BTC,ret,2008,2021-01-01,2026-09-01,"{'lag': 2, 'klass': 'on-chain activity'}",0.9581482675349315,0.9853580908847063,-0.10092954601329548,0.11861849443595784,0.10610488596993117,1608,-0.03834669164109328,-0.045495562142685575,-0.688485893887103,-2.9360068077305956,0.9983376648695637,0.2146836827213151,0.15894557996130454,2,on-chain activity,primary,False,0.9581482675349317
bc_unique_addresses,BTC,lrange,2008,2021-01-01,2026-09-01,"{'lag': 2, 'klass': 'on-chain activity'}",3.409243685550583e-10,1.6815556433028834e-06,0.504574938357774,0.11861849443595784,0.10610488596993117,1608,0.34545979654280423,0.3543291372200653,1.3550490299013451,2.2529019088228748,0.012132667246848916,0.2146836827213151,0.15894557996130454,2,on-chain activity,primary,False,6.959024871941896e-09
bc_unique_addresses,BTC,absret,2008,2021-01-01,2026-09-01,"{'lag': 2, 'klass': 'on-chain activity'}",0.006034373242981903,0.02198032768607966,0.6694368641252094,0.11861849443595784,0.10610488596993117,1608,0.10505771353205184,0.1058643696744509,0.09013499022184623,0.17538672319536805,0.430387886124594,0.2146836827213151,0.15894557996130454,2,on-chain activity,primary,False,0.031946681874610076
deribit_dvol_CONTROL_implied_vol,BTC,ret,1896,2021-04-23,2026-09-01,"{'lag': 1, 'klass': 'control'}",0.006416917947097499,0.01078812595387952,0.20620773780301904,0.2799294177441185,0.23493702357640966,1496,-0.03977535333662163,-0.03748704836274985,0.22007686242310198,0.3730896330747357,0.354540867081642,0.18988585317136075,0.13073280135987597,1,control,primary,True,
deribit_dvol_CONTROL_implied_vol,BTC,lrange,1896,2021-04-23,2026-09-01,"{'lag': 1, 'klass': 'control'}",6.092088895630597e-26,1.1051337662944493e-34,0.9757834238358589,0.2799294177441185,0.23493702357640966,1496,0.303717990021832,0.3439221145269411,5.774115075351394,4.63997199853423,1.7422819521550892e-06,0.18988585317136075,0.13073280135987597,1,control,primary,True,
deribit_dvol_CONTROL_implied_vol,BTC,absret,1896,2021-04-23,2026-09-01,"{'lag': 1, 'klass': 'control'}",1.4682038510083493e-08,1.9448180298800921e-10,0.9358300796913129,0.2799294177441185,0.23493702357640966,1496,0.09513515425465546,0.10821847411069874,1.4458866335189002,0.8508227532570334,0.19743391013346734,0.18988585317136075,0.13073280135987597,1,control,primary,True,
cftc_tff_btc_cme,BTC,ret,2008,2021-01-01,2026-09-01,"{'lag': 0, 'klass': 'positioning'}",0.34240772164783284,0.41142023837559094,0.8319743903996586,0.1242652537256208,0.06082638799981632,1608,-0.03834669164109328,-0.04316146479510641,-0.4636961038902543,-1.1991128454689903,0.8847579650301368,0.04243245636291293,0.0398909214254104,0,positioning,primary,False,0.508306159623757
cftc_tff_btc_cme,BTC,lrange,2008,2021-01-01,2026-09-01,"{'lag': 0, 'klass': 'positioning'}",0.40278536709802987,0.0008033612240654221,0.5862926931689169,0.1242652537256208,0.06082638799981632,1608,0.34545979654280423,0.3421253438369162,-0.509434361445793,-1.7384487932475767,0.9589341172578759,0.04243245636291293,0.0398909214254104,0,positioning,primary,False,0.5492527733154953
cftc_tff_btc_cme,BTC,absret,2008,2021-01-01,2026-09-01,"{'lag': 0, 'klass': 'positioning'}",0.5243543175149873,0.0050317551051796364,0.3570002725213326,0.1242652537256208,0.06082638799981632,1608,0.10505771353205184,0.09554851586378577,-1.0625487042070558,-2.2782897743240405,0.9886453407463001,0.04243245636291293,0.0398909214254104,0,positioning,primary,False,0.6554428968937341
llama_stablecoin_supply,BTC,ret,2008,2021-01-01,2026-09-01,"{'lag': 2, 'klass': 'stablecoin liquidity (restated history)'}",0.34451861930054645,0.9231090498149603,0.8731392909996106,0.5390599643247074,0.2711263801774145,1608,-0.03834669164109328,-0.041730781568590336,-0.32591136994415404,-0.9423681734322286,0.8269979120751897,0.16786901495029316,0.1586930599845936,2,stablecoin liquidity (restated history),primary,False,0.508306159623757
llama_stablecoin_supply,BTC,lrange,2008,2021-01-01,2026-09-01,"{'lag': 2, 'klass': 'stablecoin liquidity (restated history)'}",0.7134505171005783,0.00011114908417638802,-0.9732948763025454,0.5390599643247074,0.2711263801774145,1608,0.34545979654280423,0.34337692339116954,-0.31821928441266856,-2.179054787294595,0.9853362007775888,0.16786901495029316,0.1586930599845936,2,stablecoin liquidity (restated history),primary,False,0.7906661304479735
llama_stablecoin_supply,BTC,absret,2008,2021-01-01,2026-09-01,"{'lag': 2, 'klass': 'stablecoin liquidity (restated history)'}",0.6422004027331236,0.003583455941105909,0.4639560771349397,0.5390599643247074,0.2711263801774145,1608,0.10505771353205184,0.10254643387428408,-0.28060800073255177,-1.2668952908217856,0.8974036336015607,0.16786901495029316,0.1586930599845936,2,stablecoin liquidity (restated history),primary,False,0.7274075792153221
llama_dex_volume,BTC,ret,2008,2021-01-01,2026-09-01,"{'lag': 2, 'klass': 'DeFi activity (USD, price-linked)'}",0.24610763863875498,0.3304240125988979,0.17568613327035823,0.3933641898576221,0.29583090402224077,1608,-0.03834669164109328,-0.044205616367716694,-0.5642551542552221,-1.3107921843011965,0.9050360080957525,0.4898095482233137,0.12428099935624082,2,"DeFi activity (USD, price-linked)",primary,False,0.44835476784459893
llama_dex_volume,BTC,lrange,2008,2021-01-01,2026-09-01,"{'lag': 2, 'klass': 'DeFi activity (USD, price-linked)'}",0.16208080052314944,0.001323613155534464,-0.11695543536660047,0.3933641898576221,0.29583090402224077,1608,0.34545979654280423,0.3451080399095334,-0.05374102788688884,-0.2674378239565258,0.6054339598390006,0.4898095482233137,0.12428099935624082,2,"DeFi activity (USD, price-linked)",primary,False,0.33923888481589415
llama_dex_volume,BTC,absret,2008,2021-01-01,2026-09-01,"{'lag': 2, 'klass': 'DeFi activity (USD, price-linked)'}",0.2245876503633928,0.05419023279809914,0.4970732716501468,0.3933641898576221,0.29583090402224077,1608,0.10505771353205184,0.10194753018904168,-0.347528928964258,-1.5147052820852676,0.9350764719137429,0.4898095482233137,0.12428099935624082,2,"DeFi activity (USD, price-linked)",primary,False,0.43941062027620326
alternative_me_fear_greed,BTC,ret,2008,2021-01-01,2026-09-01,"{'lag': 1, 'klass': 'sentiment composite'}",0.1908167966065044,0.28826120360337176,0.803038114684768,0.5198242840377649,0.43017167130963874,1608,-0.03834669164109328,-0.04228720996393398,-0.3794992900312266,-0.7630001853351805,0.7772683573350307,0.42577753561714515,0.4246995489060055,1,sentiment composite,primary,False,0.3903070839678499
alternative_me_fear_greed,BTC,lrange,2008,2021-01-01,2026-09-01,"{'lag': 1, 'klass': 'sentiment composite'}",0.2538312067709115,0.3106253948192666,0.43574553503738017,0.5198242840377649,0.43017167130963874,1608,0.34545979654280423,0.34286982885819683,-0.3956926818135198,-1.3727773577260949,0.9150892141068885,0.42577753561714515,0.4246995489060055,1,sentiment composite,primary,False,0.44835476784459893
alternative_me_fear_greed,BTC,absret,2008,2021-01-01,2026-09-01,"{'lag': 1, 'klass': 'sentiment composite'}",0.0796609911822772,0.08606407480948075,0.15234386463813943,0.5198242840377649,0.43017167130963874,1608,0.10505771353205184,0.10199184576846265,-0.3425771482638673,-0.6767172864372318,0.7507073267523479,0.42577753561714515,0.4246995489060055,1,sentiment composite,primary,False,0.2048425487544271
treasury_tga_liquidity,BTC,ret,1534,2022-05-20,2026-09-01,"{'lag': 3, 'klass': 'public gov liquidity'}",0.11110521659245153,0.15283971736476243,0.16715170004514587,0.0590918879851402,0.029580974081226508,1134,-0.019503524507130665,-0.021106356624424727,-0.1572169275303903,-0.491240014080131,0.6883716495299663,0.01665206514391404,0.016634838565530607,3,public gov liquidity,primary,False,0.24998673733301593
treasury_tga_liquidity,BTC,lrange,1534,2022-05-20,2026-09-01,"{'lag': 3, 'klass': 'public gov liquidity'}",0.007444489987290981,0.0010794014652238454,0.9775933727977175,0.0590918879851402,0.029580974081226508,1134,0.18391481162168244,0.1898993839777553,0.7333269174955914,1.5309862425760643,0.06288639639646987,0.01665206514391404,0.016634838565530607,3,public gov liquidity,primary,False,0.035215219721587816
treasury_tga_liquidity,BTC,absret,1534,2022-05-20,2026-09-01,"{'lag': 3, 'klass': 'public gov liquidity'}",0.00233868143273823,0.00202530069894887,0.9511538074504091,0.0590918879851402,0.029580974081226508,1134,0.038042805924323186,0.038284568489800774,0.025132362122404217,0.02818042511159053,0.48875912476094474,0.01665206514391404,0.016634838565530607,3,public gov liquidity,primary,False,0.016190871457418512
nyfed_reverse_repo,BTC,ret,2008,2021-01-01,2026-09-01,"{'lag': 1, 'klass': 'public gov liquidity'}",0.09752611706754673,0.20831753177944112,0.45215141799286435,0.11379791054533994,0.09424806821544662,1608,-0.03834669164109328,-0.04291310308685614,-0.4397771459690114,-0.7923445563863053,0.7859201009015993,0.044111987833273525,0.03933518167377126,1,public gov liquidity,primary,False,0.23722569016430287
nyfed_reverse_repo,BTC,lrange,2008,2021-01-01,2026-09-01,"{'lag': 1, 'klass': 'public gov liquidity'}",0.04293623834950283,8.582609141228456e-07,0.9563059923280386,0.11379791054533994,0.09424806821544662,1608,0.34545979654280423,0.3461015454757731,0.09804576244195617,0.248294074929955,0.4019534415105188,0.044111987833273525,0.03933518167377126,1,public gov liquidity,primary,False,0.1332503948777674
nyfed_reverse_repo,BTC,absret,2008,2021-01-01,2026-09-01,"{'lag': 1, 'klass': 'public gov liquidity'}",0.022390695409540282,2.4476881553130682e-05,0.859117046849587,0.11379791054533994,0.09424806821544662,1608,0.10505771353205184,0.10186255655964305,-0.35702380150335333,-0.647081860518207,0.7412105177318604,0.044111987833273525,0.03933518167377126,1,public gov liquidity,primary,False,0.09159829940266478
wikipedia_pageviews_Bitcoin,BTC,ret,2008,2021-01-01,2026-09-01,"{'lag': 2, 'klass': 'attention'}",0.3365876600726318,0.5469716866277239,-0.35445940767933903,0.21866548443357592,0.17417143243059507,1608,-0.03834669164109328,-0.04936700670897198,-1.0613329012934214,-2.230093559666338,0.9871293838495807,0.1258767366062825,0.06745213685307894,2,attention,primary,False,0.508306159623757
wikipedia_pageviews_Bitcoin,BTC,lrange,2008,2021-01-01,2026-09-01,"{'lag': 2, 'klass': 'attention'}",0.2666103979030981,0.030988386496645343,0.9509726145863884,0.21866548443357592,0.17417143243059507,1608,0.34545979654280423,0.3435059152390939,-0.29851203843402896,-1.1532738510937643,0.8756010002654602,0.1258767366062825,0.06745213685307894,2,attention,primary,False,0.45273463794865715
wikipedia_pageviews_Bitcoin,BTC,absret,2008,2021-01-01,2026-09-01,"{'lag': 2, 'klass': 'attention'}",0.3351975498331501,0.10309607814138501,0.9715270387800863,0.21866548443357592,0.17417143243059507,1608,0.10505771353205184,0.09928176117501064,-0.6453994234463023,-1.6297380591531812,0.9484215650454119,0.1258767366062825,0.06745213685307894,2,attention,primary,False,0.508306159623757
npm_downloads_npm_bitcoinjs-lib,BTC,ret,1967,2021-01-01,2026-09-01,"{'lag': 2, 'klass': 'developer ecosystem'}",0.6191963144107264,0.5543330411772811,0.9965643069330089,0.05886047079735646,0.03138607209127442,1567,-0.0391080216421289,-0.04268437138240899,-0.3441749717828513,-1.517025443170055,0.9353698698273041,0.29145674501201213,0.13394417239772605,2,developer ecosystem,primary,False,0.7237359519086413
npm_downloads_npm_bitcoinjs-lib,BTC,lrange,1967,2021-01-01,2026-09-01,"{'lag': 2, 'klass': 'developer ecosystem'}",3.183334074776524e-20,1.2086869821872933e-07,0.9550988209916229,0.05886047079735646,0.03138607209127442,1567,0.34792086802420186,0.3712447020694838,3.576841046056911,3.8862962746720013,5.0892635366506234e-05,0.29145674501201213,0.13394417239772605,2,developer ecosystem,primary,False,2.8650006672988716e-18
npm_downloads_npm_bitcoinjs-lib,BTC,absret,1967,2021-01-01,2026-09-01,"{'lag': 2, 'klass': 'developer ecosystem'}",8.048759354639194e-06,0.001499096383510746,0.947728495549182,0.05886047079735646,0.03138607209127442,1567,0.10567479731523455,0.1143741805768902,0.9727315338469822,1.106918923887717,0.13416449165005417,0.29145674501201213,0.13394417239772605,2,developer ecosystem,primary,False,0.00010348404884536107
binance_um_positioning_ratios,BTC,ret,1671,2021-01-01,2026-09-01,"{'lag': 1, 'klass': 'exchange positioning (public)'}",0.41060466991666356,0.10476247378139635,0.9227993978364152,0.4107159486511397,0.30184756975692517,1271,-0.02771244392420269,-0.031929733273192484,-0.41035694117768085,-0.8220286095005224,0.7944696928204035,0.31291342219899865,0.20990751673024288,1,exchange positioning (public),primary,False,0.551558511828354
binance_um_positioning_ratios,BTC,lrange,1671,2021-01-01,2026-09-01,"{'lag': 1, 'klass': 'exchange positioning (public)'}",0.00782560438257507,0.0006309861035079734,0.8162499556665167,0.4107159486511397,0.30184756975692517,1271,0.35020433287005437,0.35157019497199715,0.2101987087688162,0.42635631614989294,0.33492411376979514,0.31291342219899865,0.20990751673024288,1,exchange positioning (public),primary,False,0.035215219721587816
binance_um_positioning_ratios,BTC,absret,1671,2021-01-01,2026-09-01,"{'lag': 1, 'klass': 'exchange positioning (public)'}",0.003930581595809848,0.10454739170603286,0.9144839288978025,0.4107159486511397,0.30184756975692517,1271,0.1463117243844242,0.15078855641766842,0.5244106263514126,0.884432162971689,0.1882314835717327,0.31291342219899865,0.20990751673024288,1,exchange positioning (public),primary,False,0.022109521476430395
CONTROL_noise_A,BTC,ret,2008,2021-01-01,2026-09-01,"{'lag': 1, 'klass': 'control'}",0.865951140348441,0.8483642120820419,-0.7992062856930099,-0.0010591101003194492,-0.0012402998744536209,1608,-0.03834669164109328,-0.040950255363292554,-0.2507412739077175,-1.1083192002075901,0.8661380068622593,0.007588678228810042,0.007427547041688132,1,control,primary,True,
CONTROL_noise_A,BTC,lrange,2008,2021-01-01,2026-09-01,"{'lag': 1, 'klass': 'control'}",0.42837789871874443,0.3699279260206972,-0.7065933428765117,-0.0010591101003194492,-0.0012402998744536209,1608,0.34545979654280423,0.34386244290072754,-0.2440420975884594,-1.2964069492341626,0.9025823404102906,0.007588678228810042,0.007427547041688132,1,control,primary,True,
CONTROL_noise_A,BTC,absret,2008,2021-01-01,2026-09-01,"{'lag': 1, 'klass': 'control'}",0.7879110534616375,0.7413105189923285,-0.7932595035611734,-0.0010591101003194492,-0.0012402998744536209,1608,0.10505771353205184,0.10296853447162646,-0.23344288140307867,-1.4501159207941519,0.9264869019340111,0.007588678228810042,0.007427547041688132,1,control,primary,True,
CONTROL_noise_B,BTC,ret,2008,2021-01-01,2026-09-01,"{'lag': 1, 'klass': 'control'}",0.17778276503496523,0.2023063419934938,-0.7060554334456445,0.0007271483163798775,-0.0007248462112638965,1608,-0.03834669164109328,-0.04414205668252835,-0.5581339150101838,-1.2999791027244068,0.9031959342290501,-0.00024170092610842353,0.0004450768913751846,1,control,primary,True,
CONTROL_noise_B,BTC,lrange,2008,2021-01-01,2026-09-01,"{'lag': 1, 'klass': 'control'}",0.8481219426542501,0.942166889876767,-0.6924064767287361,0.0007271483163798775,-0.0007248462112638965,1608,0.34545979654280423,0.34421382000553824,-0.1903590536814992,-1.4582140658640113,0.9276092260403648,-0.00024170092610842353,0.0004450768913751846,1,control,primary,True,
CONTROL_noise_B,BTC,absret,2008,2021-01-01,2026-09-01,"{'lag': 1, 'klass': 'control'}",0.9661306335412092,0.9984031244175984,-0.85022127603541,0.0007271483163798775,-0.0007248462112638965,1608,0.10505771353205184,0.10332662999257003,-0.19342962844162148,-1.65830985193506,0.951372529247129,-0.00024170092610842353,0.0004450768913751846,1,control,primary,True,
CONTROL_price_derived_drawdown_mom,BTC,ret,2008,2021-01-01,2026-09-01,"{'lag': 1, 'klass': 'control'}",0.7683497428563923,0.6314369559768782,-0.30844550687575034,0.7262408408973215,0.6971363027615297,1608,-0.03834669164109328,-0.043745468672984344,-0.5199397345176049,-1.3083343352351782,0.904620032928602,0.3317428853062796,0.2880930541504725,1,control,primary,True,
CONTROL_price_derived_drawdown_mom,BTC,lrange,2008,2021-01-01,2026-09-01,"{'lag': 1, 'klass': 'control'}",0.08373689938592545,9.576146709754237e-24,0.7944138939354966,0.7262408408973215,0.6971363027615297,1608,0.34545979654280423,0.3445329176583686,-0.14160763227988316,-0.578756605118023,0.7186232921824502,0.3317428853062796,0.2880930541504725,1,control,primary,True,
CONTROL_price_derived_drawdown_mom,BTC,absret,2008,2021-01-01,2026-09-01,"{'lag': 1, 'klass': 'control'}",0.3063679340422859,1.739500879171059e-08,0.46456748171170886,0.7262408408973215,0.6971363027615297,1608,0.10505771353205184,0.10274812405506695,-0.25807133173918473,-1.1132031775779387,0.8671894108609395,0.3317428853062796,0.2880930541504725,1,control,primary,True,
cm_exchange_flows,ETH,ret,1676,2021-12-31,2026-09-01,"{'lag': 2, 'klass': 'on-chain exchange flows (labelled clusters)'}",0.2517397127348639,0.31076798963274405,0.7754303402659063,0.2770260364621102,0.21090253172126783,1276,-0.01433450199470987,-0.015886310212666954,-0.15298781761887703,-0.5580397916399602,0.7115913937159019,0.41432480895638346,0.15528959921096275,2,on-chain exchange flows (labelled clusters),primary,False,0.44835476784459893
cm_exchange_flows,ETH,lrange,1676,2021-12-31,2026-09-01,"{'lag': 2, 'klass': 'on-chain exchange flows (labelled clusters)'}",2.9087940120772904e-06,0.7927295654097916,0.999091007721861,0.2770260364621102,0.21090253172126783,1276,0.2680634308281391,0.27587182755040873,1.0668133074843156,2.405492325768631,0.008075345585357163,0.41432480895638346,0.15528959921096275,2,on-chain exchange flows (labelled clusters),primary,False,4.363191018115936e-05
cm_exchange_flows,ETH,absret,1676,2021-12-31,2026-09-01,"{'lag': 2, 'klass': 'on-chain exchange flows (labelled clusters)'}",0.27283841181359436,0.9621421665695764,0.9091864536494678,0.2770260364621102,0.21090253172126783,1276,0.05105505640366381,0.05063150593223109,-0.04463382984343234,-0.2131319080979623,0.5843879613485353,0.41432480895638346,0.15528959921096275,2,on-chain exchange flows (labelled clusters),primary,False,0.4547306863559906
cm_active_addresses,ETH,ret,1676,2021-12-31,2026-09-01,"{'lag': 2, 'klass': 'on-chain activity'}",0.8290405602248081,0.7507713250534238,-0.3971693719754587,0.028703343932212633,0.012120542634577514,1276,-0.01433450199470987,-0.019055689885665084,-0.46544684043292595,-1.720437800967452,0.9573235546370628,0.029384334880637186,0.02079332423439173,2,on-chain activity,primary,False,0.8716240452089875
cm_active_addresses,ETH,lrange,1676,2021-12-31,2026-09-01,"{'lag': 2, 'klass': 'on-chain activity'}",0.032083359575203724,0.41266870692506497,0.6256092679345604,0.028703343932212633,0.012120542634577514,1276,0.2680634308281391,0.26848508996728027,0.05760869956508152,0.14030027265654754,0.444211374453499,0.029384334880637186,0.02079332423439173,2,on-chain activity,primary,False,0.10684166871671687
cm_active_addresses,ETH,absret,1676,2021-12-31,2026-09-01,"{'lag': 2, 'klass': 'on-chain activity'}",0.026363408614873816,0.3969888245487207,0.8487959472195048,0.028703343932212633,0.012120542634577514,1276,0.05105505640366381,0.05149883121404619,0.04676507455749768,0.10456955373276695,0.45835868740998154,0.029384334880637186,0.02079332423439173,2,on-chain activity,primary,False,0.10005654993180116
cm_tx_count,ETH,ret,1676,2021-12-31,2026-09-01,"{'lag': 2, 'klass': 'on-chain activity'}",0.06571564945814999,0.08962430502375102,0.6977071387965114,0.07718827328208311,0.06687486711386403,1276,-0.01433450199470987,-0.014668912321812444,-0.03296844644886665,-0.07499125294936804,0.5298891642840498,0.12891826784432092,0.0857229151646699,2,on-chain activity,primary,False,0.17395318974216176
cm_tx_count,ETH,lrange,1676,2021-12-31,2026-09-01,"{'lag': 2, 'klass': 'on-chain activity'}",0.0011756282845886922,0.10900437668118845,0.9797798239392514,0.07718827328208311,0.06687486711386403,1276,0.2680634308281391,0.27164555659242096,0.48940385207625337,0.9553932613911934,0.1696894302328531,0.12891826784432092,0.0857229151646699,2,on-chain activity,primary,False,0.00881721213441519
cm_tx_count,ETH,absret,1676,2021-12-31,2026-09-01,"{'lag': 2, 'klass': 'on-chain activity'}",0.6175602558933666,0.3987239219733199,0.39622265575651383,0.07718827328208311,0.06687486711386403,1276,0.05105505640366381,0.04657126753147289,-0.47250253056811964,-1.8239612789823574,0.9659210368415053,0.12891826784432092,0.0857229151646699,2,on-chain activity,primary,False,0.7237359519086413
llama_stablecoin_supply,ETH,ret,1676,2021-12-31,2026-09-01,"{'lag': 2, 'klass': 'stablecoin liquidity (restated history)'}",0.5460647656095712,0.4492931278241067,-0.4270322605083215,0.13460959362629,0.1048343902469423,1276,-0.01433450199470987,-0.015620211089678815,-0.12675395468069173,-0.7332918232261809,0.7683097694496115,0.18721699719718865,0.1766735626342787,2,stablecoin liquidity (restated history),primary,False,0.6641328230386676
llama_stablecoin_supply,ETH,lrange,1676,2021-12-31,2026-09-01,"{'lag': 2, 'klass': 'stablecoin liquidity (restated history)'}",0.3839707278446113,0.3982996329942137,0.9329167540802547,0.13460959362629,0.1048343902469423,1276,0.2680634308281391,0.26910026523371755,0.14165631958401592,1.4471114291407294,0.07393285875300015,0.18721699719718865,0.1766735626342787,2,stablecoin liquidity (restated history),primary,False,0.5399588360314846
llama_stablecoin_supply,ETH,absret,1676,2021-12-31,2026-09-01,"{'lag': 2, 'klass': 'stablecoin liquidity (restated history)'}",0.36530059561056366,0.24029940635788682,0.39910010883782215,0.13460959362629,0.1048343902469423,1276,0.05105505640366381,0.048656045650969926,-0.25280821283497623,-1.3528938548368734,0.9119552285621468,0.18721699719718865,0.1766735626342787,2,stablecoin liquidity (restated history),primary,False,0.5218579937293767
llama_dex_volume,ETH,ret,1676,2021-12-31,2026-09-01,"{'lag': 2, 'klass': 'DeFi activity (USD, price-linked)'}",0.25406770177860605,0.3423007107506641,-0.01741298681011428,0.4567415187899342,0.33193034053849924,1276,-0.01433450199470987,-0.02092818223148285,-0.6500498823422074,-1.7082779651000508,0.956207611047245,0.49951200706955023,0.13738722379363444,2,"DeFi activity (USD, price-linked)",primary,False,0.44835476784459893
llama_dex_volume,ETH,lrange,1676,2021-12-31,2026-09-01,"{'lag': 2, 'klass': 'DeFi activity (USD, price-linked)'}",0.05530596661254533,0.10080076329656319,0.8608514943474561,0.4567415187899342,0.33193034053849924,1276,0.2680634308281391,0.2689433094349184,0.12021241236447322,0.39546697906132566,0.3462491433005237,0.49951200706955023,0.13738722379363444,2,"DeFi activity (USD, price-linked)",primary,False,0.165917899837636
llama_dex_volume,ETH,absret,1676,2021-12-31,2026-09-01,"{'lag': 2, 'klass': 'DeFi activity (USD, price-linked)'}",0.5160327335543333,0.6043326698567832,0.3809189755258747,0.4567415187899342,0.33193034053849924,1276,0.05105505640366381,0.04957594665896148,-0.15586886833462987,-0.6838164208888526,0.7529544519536038,0.49951200706955023,0.13738722379363444,2,"DeFi activity (USD, price-linked)",primary,False,0.6541260002801409
alternative_me_fear_greed,ETH,ret,1676,2021-12-31,2026-09-01,"{'lag': 1, 'klass': 'sentiment composite'}",0.43051500454202896,0.2693003995220383,0.9624733539039642,0.48259954213852774,0.311188888404183,1276,-0.01433450199470987,-0.016390532146128622,-0.2026974481668109,-0.49549553023042214,0.6898748118099984,0.3078366990314956,0.308622773651717,1,sentiment composite,primary,False,0.5697992707173912
alternative_me_fear_greed,ETH,lrange,1676,2021-12-31,2026-09-01,"{'lag': 1, 'klass': 'sentiment composite'}",0.5359919830960502,0.003457288803750868,-0.7855912579776092,0.48259954213852774,0.311188888404183,1276,0.2680634308281391,0.26472122398741293,-0.45662520244174054,-0.9497534232465656,0.8288812212970182,0.3078366990314956,0.308622773651717,1,sentiment composite,primary,False,0.6608120339540345
alternative_me_fear_greed,ETH,absret,1676,2021-12-31,2026-09-01,"{'lag': 1, 'klass': 'sentiment composite'}",0.5639685449236813,0.009758144788008308,-0.9870004928529111,0.48259954213852774,0.311188888404183,1276,0.05105505640366381,0.0398427026797703,-1.1815599840176771,-1.6692296954663013,0.9524640664310374,0.3078366990314956,0.308622773651717,1,sentiment composite,primary,False,0.6767622539084176
treasury_tga_liquidity,ETH,ret,1566,2022-05-20,2026-09-01,"{'lag': 3, 'klass': 'public gov liquidity'}",0.10075212019811125,0.16537458505279518,0.5001869684552757,0.08548528575562286,0.025407203952685475,1166,-0.01831072405331069,-0.02032219206148289,-0.1975298855898977,-1.1406823688905445,0.8729989369096336,0.013011291222502885,0.01387188100968817,3,public gov liquidity,primary,False,0.23862344257447402
treasury_tga_liquidity,ETH,lrange,1566,2022-05-20,2026-09-01,"{'lag': 3, 'klass': 'public gov liquidity'}",0.06264408413272925,0.013095135664662265,0.9870220383782248,0.08548528575562286,0.025407203952685475,1166,0.23754841844042174,0.23972624544586552,0.2856347941450954,0.7272931328814556,0.2335232019851503,0.013011291222502885,0.01387188100968817,3,public gov liquidity,primary,False,0.17339116152217007
treasury_tga_liquidity,ETH,absret,1566,2022-05-20,2026-09-01,"{'lag': 3, 'klass': 'public gov liquidity'}",0.06149634303896848,0.03152910105295834,0.9254632477139849,0.08548528575562286,0.025407203952685475,1166,0.027282300576191965,0.02354838227527567,-0.3838645377922223,-0.6259470057518887,0.7343251492786225,0.013011291222502885,0.01387188100968817,3,public gov liquidity,primary,False,0.17339116152217007
nyfed_reverse_repo,ETH,ret,1676,2021-12-31,2026-09-01,"{'lag': 1, 'klass': 'public gov liquidity'}",0.2225930342412961,0.17689824154286604,0.8691505681534129,0.05281264629129501,0.03236752025995915,1276,-0.01433450199470987,-0.017190449161371024,-0.2815587127367847,-1.066916170933849,0.85699515404489,0.03116294431631328,0.02843649467353271,1,public gov liquidity,primary,False,0.43941062027620326
nyfed_reverse_repo,ETH,lrange,1676,2021-12-31,2026-09-01,"{'lag': 1, 'klass': 'public gov liquidity'}",0.720384696630376,0.20685521859455555,-0.8591862915358851,0.05281264629129501,0.03236752025995915,1276,0.2680634308281391,0.2573002386696991,-1.4705088680864842,-1.229570585331427,0.8905710247047327,0.03116294431631328,0.02843649467353271,1,public gov liquidity,primary,False,0.7906661304479735
nyfed_reverse_repo,ETH,absret,1676,2021-12-31,2026-09-01,"{'lag': 1, 'klass': 'public gov liquidity'}",0.8979494071136839,0.5760981928628465,-0.8523496141932912,0.05281264629129501,0.03236752025995915,1276,0.05105505640366381,0.04671641245571445,-0.4572071306378156,-1.7426081737840529,0.9592989593593997,0.03116294431631328,0.02843649467353271,1,public gov liquidity,primary,False,0.9080387262947365
wikipedia_pageviews_Ethereum,ETH,ret,1676,2021-12-31,2026-09-01,"{'lag': 2, 'klass': 'attention'}",0.646584514858064,0.6824352417658139,0.6565023124474411,0.21626193460652532,0.1312165209185734,1276,-0.01433450199470987,-0.02199181952618745,-0.7549104872622614,-2.6061725978220864,0.995421984459771,0.15295758673490156,0.07914920560142236,2,attention,primary,False,0.7274075792153221
wikipedia_pageviews_Ethereum,ETH,lrange,1676,2021-12-31,2026-09-01,"{'lag': 2, 'klass': 'attention'}",0.0034348167061568325,0.01933975909684873,0.9068397076087343,0.21626193460652532,0.1312165209185734,1276,0.2680634308281391,0.26857708513985434,0.07017743522452768,0.12507244953437344,0.4502330970436631,0.15295758673490156,0.07914920560142236,2,attention,primary,False,0.020608900236940994
wikipedia_pageviews_Ethereum,ETH,absret,1676,2021-12-31,2026-09-01,"{'lag': 2, 'klass': 'attention'}",0.45711125564516897,0.2034805447759773,-0.6535501704255768,0.21626193460652532,0.1312165209185734,1276,0.05105505640366381,0.04601326153645491,-0.531305309252339,-1.4701207230489655,0.9292354696390499,0.15295758673490156,0.07914920560142236,2,attention,primary,False,0.5902748860585304
npm_downloads_npm_ethers,ETH,ret,1635,2021-12-31,2026-09-01,"{'lag': 2, 'klass': 'developer ecosystem'}",0.45910268915663477,0.3552404654175731,-0.4698891658699837,0.029020352160210705,0.020938279605934196,1235,-0.015100363424845886,-0.021199736359769794,-0.6008640282961997,-1.6405805708347085,0.949557744577581,0.21234492813113304,0.08643900388595238,2,developer ecosystem,primary,False,0.5902748860585304
npm_downloads_npm_ethers,ETH,lrange,1635,2021-12-31,2026-09-01,"{'lag': 2, 'klass': 'developer ecosystem'}",3.8661249288566087e-10,0.0067457753767159526,0.9952234588023923,0.029020352160210705,0.020938279605934196,1235,0.26913612820051336,0.2831054970571819,1.9113503069010718,1.9289079766228066,0.026871143703094846,0.21234492813113304,0.08643900388595238,2,developer ecosystem,primary,False,6.959024871941896e-09
npm_downloads_npm_ethers,ETH,absret,1635,2021-12-31,2026-09-01,"{'lag': 2, 'klass': 'developer ecosystem'}",0.06357675922479569,0.36304139711585803,0.9958546272498565,0.029020352160210705,0.020938279605934196,1235,0.052207133587087284,0.046068852259301796,-0.6476395365811127,-0.7782662302474573,0.7817939603352253,0.21234492813113304,0.08643900388595238,2,developer ecosystem,primary,False,0.17339116152217007
npm_downloads_npm_solana_web3.js,ETH,ret,1635,2021-12-31,2026-09-01,"{'lag': 2, 'klass': 'developer ecosystem'}",0.2856447378322003,0.2576324543265078,0.9745931965641204,0.03720154228519468,0.02613584684200343,1235,-0.015100363424845886,-0.017494647638863103,-0.23586674779023653,-0.764745997796633,0.7777885949630379,0.21428135392373493,0.09168209094338886,2,developer ecosystem,primary,False,0.4674186619072368
npm_downloads_npm_solana_web3.js,ETH,lrange,1635,2021-12-31,2026-09-01,"{'lag': 2, 'klass': 'developer ecosystem'}",2.583407105948092e-13,0.0050180941202500814,0.9724336474263255,0.03720154228519468,0.02613584684200343,1235,0.26913612820051336,0.2868750749376585,2.42712048325352,2.4301754364997206,0.007545757953376975,0.21428135392373493,0.09168209094338886,2,developer ecosystem,primary,False,1.1625331976766416e-11
npm_downloads_npm_solana_web3.js,ETH,absret,1635,2021-12-31,2026-09-01,"{'lag': 2, 'klass': 'developer ecosystem'}",0.027293835744254306,0.612950128789491,0.1809174928429693,0.03720154228519468,0.02613584684200343,1235,0.052207133587087284,0.04645253672000371,-0.607157647098866,-0.8451205181994349,0.8009782232700869,0.21428135392373493,0.09168209094338886,2,developer ecosystem,primary,False,0.10005654993180116
npm_downloads_npm_web3,ETH,ret,1635,2021-12-31,2026-09-01,"{'lag': 2, 'klass': 'developer ecosystem'}",0.8574915673365409,0.7879555567943465,-0.8762165778506229,0.025930300905925963,0.019802733370633985,1235,-0.015100363424845886,-0.023174458445767376,-0.7953986927637713,-1.7808950504353307,0.9625352013166123,0.19808780147834382,0.0777443062849672,2,developer ecosystem,primary,False,0.8870602420722836
npm_downloads_npm_web3,ETH,lrange,1635,2021-12-31,2026-09-01,"{'lag': 2, 'klass': 'developer ecosystem'}",1.3980541335427917e-10,0.004332499029205319,0.9789593360614064,0.025930300905925963,0.019802733370633985,1235,0.26913612820051336,0.28327376951466,1.9343740824591338,1.98150308713355,0.023767441754557694,0.19808780147834382,0.0777443062849672,2,developer ecosystem,primary,False,4.194162400628375e-09
npm_downloads_npm_web3,ETH,absret,1635,2021-12-31,2026-09-01,"{'lag': 2, 'klass': 'developer ecosystem'}",0.03307905573386078,0.4710232779614121,0.12381454956194209,0.025930300905925963,0.019802733370633985,1235,0.052207133587087284,0.04630236280738509,-0.6230022390915302,-0.8168198795219553,0.7929843150821765,0.19808780147834382,0.0777443062849672,2,developer ecosystem,primary,False,0.10684166871671687
binance_um_positioning_ratios,ETH,ret,1339,2021-12-31,2026-09-01,"{'lag': 1, 'klass': 'exchange positioning (public)'}",0.2594925161961593,0.5435254234464311,-0.3575579426493615,0.41614571276043,0.32110040294273434,939,-0.024441034279444107,-0.028465490531808024,-0.39284410890418897,-0.7196780161318547,0.7641383675921358,0.3236502596329698,0.2573460988716205,1,exchange positioning (public),primary,False,0.4491216626471988
binance_um_positioning_ratios,ETH,lrange,1339,2021-12-31,2026-09-01,"{'lag': 1, 'klass': 'exchange positioning (public)'}",0.2446719763906624,3.3827907580159785e-07,0.7933086239827314,0.41614571276043,0.32110040294273434,939,0.23143972550838843,0.22825064671714357,-0.4149419241522123,-0.7702702225831353,0.779430191919685,0.3236502596329698,0.2573460988716205,1,exchange positioning (public),primary,False,0.44835476784459893
binance_um_positioning_ratios,ETH,absret,1339,2021-12-31,2026-09-01,"{'lag': 1, 'klass': 'exchange positioning (public)'}",0.3013388131650698,0.04720028387266139,0.998182392221352,0.41614571276043,0.32110040294273434,939,0.027430046492671556,0.025607023805817364,-0.18744386254991863,-0.3584228261638934,0.6399865439901083,0.3236502596329698,0.2573460988716205,1,exchange positioning (public),primary,False,0.48429452115814786
CONTROL_noise_A,ETH,ret,1676,2021-12-31,2026-09-01,"{'lag': 1, 'klass': 'control'}",0.8668299658324102,0.8991246556721059,-0.5740744587664681,-0.00010687256517449839,0.0007555529940365124,1276,-0.01433450199470987,-0.01638055520997872,-0.2017138538859875,-1.0980834275202163,0.8639159693889794,0.0016082647444340958,0.0018942325557385065,1,control,primary,True,
CONTROL_noise_A,ETH,lrange,1676,2021-12-31,2026-09-01,"{'lag': 1, 'klass': 'control'}",0.1962400532793654,0.1944489814760381,0.054109719618174235,-0.00010687256517449839,0.0007555529940365124,1276,0.2680634308281391,0.26827033084086394,0.028267478554722114,0.1906498150835442,0.42439997956974296,0.0016082647444340958,0.0018942325557385065,1,control,primary,True,
CONTROL_noise_A,ETH,absret,1676,2021-12-31,2026-09-01,"{'lag': 1, 'klass': 'control'}",0.5154204880011379,0.48965394076235147,-0.49046196709120315,-0.00010687256517449839,0.0007555529940365124,1276,0.05105505640366381,0.04977545432399677,-0.13484471236209217,-0.6953321622440716,0.7565764185240484,0.0016082647444340958,0.0018942325557385065,1,control,primary,True,
CONTROL_noise_B,ETH,ret,1676,2021-12-31,2026-09-01,"{'lag': 1, 'klass': 'control'}",0.8389583865541175,0.8238983844617788,-0.905630136595095,-0.0012764450174267417,-0.00034564927196267803,1276,-0.01433450199470987,-0.01691326522263359,-0.25423203320527055,-1.449310043805634,0.9263744912774491,-0.0006088303919196125,-0.0004558450021898697,1,control,primary,True,
CONTROL_noise_B,ETH,lrange,1676,2021-12-31,2026-09-01,"{'lag': 1, 'klass': 'control'}",0.6859781769159765,0.8147822348609333,0.1169466563811219,-0.0012764450174267417,-0.00034564927196267803,1276,0.2680634308281391,0.2666383804740069,-0.19469588133089744,-0.7702273051502644,0.7794174652725915,-0.0006088303919196125,-0.0004558450021898697,1,control,primary,True,
CONTROL_noise_B,ETH,absret,1676,2021-12-31,2026-09-01,"{'lag': 1, 'klass': 'control'}",0.8959877881450802,0.8809922495173456,-0.9938374772931747,-0.0012764450174267417,-0.00034564927196267803,1276,0.05105505640366381,0.049017204638477474,-0.21474920952349041,-2.4252618965758073,0.9923513266405076,-0.0006088303919196125,-0.0004558450021898697,1,control,primary,True,
CONTROL_price_derived_drawdown_mom,ETH,ret,1676,2021-12-31,2026-09-01,"{'lag': 1, 'klass': 'control'}",0.05214585697197316,0.1958370816280005,0.9800225709477272,0.7253891471108147,0.6988377101166324,1276,-0.01433450199470987,-0.01509833311951203,-0.07530367184591658,-0.2199713242396506,0.5870532561641258,0.29361991143632815,0.2506523587193441,1,control,primary,True,
CONTROL_price_derived_drawdown_mom,ETH,lrange,1676,2021-12-31,2026-09-01,"{'lag': 1, 'klass': 'control'}",0.12279671311583969,2.8280607877386157e-21,0.992446349903481,0.7253891471108147,0.6988377101166324,1276,0.2680634308281391,0.26897471893018754,0.12450369887646584,0.5167949969827523,0.3026496364344924,0.29361991143632815,0.2506523587193441,1,control,primary,True,
CONTROL_price_derived_drawdown_mom,ETH,absret,1676,2021-12-31,2026-09-01,"{'lag': 1, 'klass': 'control'}",0.35426562667310746,3.622220230201793e-07,0.9581512401193384,0.7253891471108147,0.6988377101166324,1276,0.05105505640366381,0.048969920228566166,-0.21973204970093807,-0.7275100232537802,0.766543211290249,0.29361991143632815,0.2506523587193441,1,control,primary,True,
cm_exchange_flows,BTC,ret,2008,2021-01-01,2026-09-01,{'lag': 1},0.4016101406993286,0.7075796965501244,0.5403892616897285,0.5333392712581468,0.3969687011501014,1608,-0.03834669164109328,-0.03886404056401083,-0.049824295399814034,-0.17489222974840749,0.5694178420310201,0.3972465473686019,0.16979535058737227,1,on-chain exchange flows (labelled clusters),optimistic_lag,False,
cm_exchange_flows,BTC,lrange,2008,2021-01-01,2026-09-01,{'lag': 1},2.519782086826628e-05,0.00035372791531212977,0.9999182600504488,0.5333392712581468,0.3969687011501014,1608,0.34545979654280423,0.3505498994275854,0.7776608461781076,2.9372219872321907,0.0016558347743433899,0.3972465473686019,0.16979535058737227,1,on-chain exchange flows (labelled clusters),optimistic_lag,False,
cm_exchange_flows,BTC,absret,2008,2021-01-01,2026-09-01,{'lag': 1},0.04298621881427443,0.1177068482315123,0.7523481277308103,0.5333392712581468,0.3969687011501014,1608,0.10505771353205184,0.10555012318809154,0.05502138668439516,0.22892866559445949,0.4094621801062568,0.3972465473686019,0.16979535058737227,1,on-chain exchange flows (labelled clusters),optimistic_lag,False,
cm_active_addresses,BTC,ret,2008,2021-01-01,2026-09-01,{'lag': 1},0.9377187031449488,0.8077646659112633,0.5615268546192076,0.21803285212101464,0.14638117088034852,1608,-0.03834669164109328,-0.046810329623624414,-0.8151071362450857,-2.0981319404370025,0.9820532541355135,0.21091562001876474,0.12856525241532035,1,on-chain activity,optimistic_lag,False,
cm_active_addresses,BTC,lrange,2008,2021-01-01,2026-09-01,{'lag': 1},4.845460076037388e-09,0.00041606633988070007,0.9646427113054064,0.21803285212101464,0.14638117088034852,1608,0.34545979654280423,0.3546822839597319,1.4090024368580645,2.5494045920914585,0.005395351603643794,0.21091562001876474,0.12856525241532035,1,on-chain activity,optimistic_lag,False,
cm_active_addresses,BTC,absret,2008,2021-01-01,2026-09-01,{'lag': 1},0.03271281643089538,0.22775307317104773,0.9544470122613001,0.21803285212101464,0.14638117088034852,1608,0.10505771353205184,0.10452970014069618,-0.05899971420946226,-0.09838166700682778,0.5391853841693919,0.21091562001876474,0.12856525241532035,1,on-chain activity,optimistic_lag,False,
cm_tx_count,BTC,ret,2008,2021-01-01,2026-09-01,{'lag': 1},0.8686482554280741,0.9348594207434865,-0.9622663797757245,0.03653184939468279,0.0064798770383566184,1608,-0.03834669164109328,-0.04436158474616092,-0.5792759926418478,-2.292746402703684,0.9890686953264304,0.008569659085769898,0.009116423206169788,1,on-chain activity,optimistic_lag,False,
cm_tx_count,BTC,lrange,2008,2021-01-01,2026-09-01,{'lag': 1},0.01507100472800745,0.06311079030441692,0.8940051808557732,0.03653184939468279,0.0064798770383566184,1608,0.34545979654280423,0.3431861889395029,-0.34735950386126646,-0.6287760112027901,0.7352521464660552,0.008569659085769898,0.009116423206169788,1,on-chain activity,optimistic_lag,False,
cm_tx_count,BTC,absret,2008,2021-01-01,2026-09-01,{'lag': 1},0.0008783439758695111,0.0021250417773107386,0.8527454734285991,0.03653184939468279,0.0064798770383566184,1608,0.10505771353205184,0.10438262031713519,-0.07543427382128431,-0.09111017994050416,0.5362974780671877,0.008569659085769898,0.009116423206169788,1,on-chain activity,optimistic_lag,False,
cm_hashrate,BTC,ret,2008,2021-01-01,2026-09-01,{'lag': 1},0.3644887602708583,0.353173810748088,-0.7358952775306088,0.02312435329761131,0.012580753362907426,1608,-0.03834669164109328,-0.039269152935166085,-0.08883943113593418,-0.25756897077775615,0.6016302102065736,0.008415691864630204,0.008425958505955511,1,mining,optimistic_lag,False,
cm_hashrate,BTC,lrange,2008,2021-01-01,2026-09-01,{'lag': 1},0.9444853312792083,0.6034701121593216,-0.9993110996184275,0.02312435329761131,0.012580753362907426,1608,0.34545979654280423,0.3439581759042435,-0.2294161047143417,-1.6740518761046206,0.9529397977630474,0.008415691864630204,0.008425958505955511,1,mining,optimistic_lag,False,
cm_hashrate,BTC,absret,2008,2021-01-01,2026-09-01,{'lag': 1},0.9497010741526674,0.7281410563144284,-0.9992202405455618,0.02312435329761131,0.012580753362907426,1608,0.10505771353205184,0.10264005240518714,-0.2701471551206369,-1.7087409426101534,0.9562505267454959,0.008415691864630204,0.008425958505955511,1,mining,optimistic_lag,False,
cm_mvrv_CONTROL_price_derived,BTC,ret,2008,2021-01-01,2026-09-01,{'lag': 1},0.20062140316364663,0.06876167768181972,0.8308188609743634,0.8755253454878934,0.8701968081616407,1608,-0.03834669164109328,-0.040726736684232545,-0.22921487228679815,-0.8162788794437698,0.7928296743698053,0.8747583872554476,0.4190091072285623,1,control,optimistic_lag,True,
cm_mvrv_CONTROL_price_derived,BTC,lrange,2008,2021-01-01,2026-09-01,{'lag': 1},0.24307460328693178,0.0006643726699396542,-0.7156934156871825,0.8755253454878934,0.8701968081616407,1608,0.34545979654280423,0.34406491075152557,-0.21310926111355322,-0.8576661375593333,0.8044615782803137,0.8747583872554476,0.4190091072285623,1,control,optimistic_lag,True,
cm_mvrv_CONTROL_price_derived,BTC,absret,2008,2021-01-01,2026-09-01,{'lag': 1},0.5257051957415161,0.004987645452050756,-0.8671659977569375,0.8755253454878934,0.8701968081616407,1608,0.10505771353205184,0.099111180628076,-0.664459931538719,-1.7542951895088137,0.9603100301830441,0.8747583872554476,0.4190091072285623,1,control,optimistic_lag,True,
bc_tx_count,BTC,ret,2008,2021-01-01,2026-09-01,{'lag': 1},0.8743268606071559,0.8290309793549085,-0.9867438698089326,0.035913975483883864,0.010312751001786191,1608,-0.03834669164109328,-0.04481060907594836,-0.6225201550591031,-2.3456684722446943,0.9905035035502759,0.013495497148186764,0.013257777638272072,1,on-chain activity (lookahead-risk source),optimistic_lag,False,
bc_tx_count,BTC,lrange,2008,2021-01-01,2026-09-01,{'lag': 1},0.04757231876214411,0.06712660600681408,0.7448172025619596,0.035913975483883864,0.010312751001786191,1608,0.34545979654280423,0.3424601907157214,-0.4582767889946826,-0.8234503091617282,0.79487401810341,0.013495497148186764,0.013257777638272072,1,on-chain activity (lookahead-risk source),optimistic_lag,False,
bc_tx_count,BTC,absret,2008,2021-01-01,2026-09-01,{'lag': 1},0.004529282066781221,0.004023363733775089,0.7291857807745115,0.035913975483883864,0.010312751001786191,1608,0.10505771353205184,0.10291902571874723,-0.23897494236699846,-0.29204208428512946,0.6148727764020181,0.013495497148186764,0.013257777638272072,1,on-chain activity (lookahead-risk source),optimistic_lag,False,
bc_mempool_size,BTC,ret,2008,2021-01-01,2026-09-01,{'lag': 1},0.7366461940493559,0.7438430559094745,-0.9293613684779899,0.01367485892425857,0.01398077676550502,1608,-0.03834669164109328,-0.04835826637723284,-0.9641841994330935,-2.070856462738194,0.9808138940831695,0.019035664525309803,0.004006400041415614,1,mempool congestion,optimistic_lag,False,
bc_mempool_size,BTC,lrange,2008,2021-01-01,2026-09-01,{'lag': 1},0.09387606393471395,0.704137973683119,0.1498052069538957,0.01367485892425857,0.01398077676550502,1608,0.34545979654280423,0.3451274917826208,-0.05076919010142955,-0.16412237956159426,0.5651825978239928,0.019035664525309803,0.004006400041415614,1,mempool congestion,optimistic_lag,False,
bc_mempool_size,BTC,absret,2008,2021-01-01,2026-09-01,{'lag': 1},0.15809807587294572,0.3797154103441331,0.26617498553169233,0.01367485892425857,0.01398077676550502,1608,0.10505771353205184,0.10442631049874951,-0.07055237447706197,-0.20364030985739937,0.5806827047919262,0.019035664525309803,0.004006400041415614,1,mempool congestion,optimistic_lag,False,
bc_tx_fees_btc,BTC,ret,2008,2021-01-01,2026-09-01,{'lag': 1},0.14289990210874082,0.19106813902383,0.932994368828684,0.11301219763431625,0.09745961716243856,1608,-0.03834669164109328,-0.04044431220413358,-0.20201543279585454,-0.5935447662183919,0.7235916834905218,0.12730343083814832,0.05688209226180374,1,fees,optimistic_lag,False,
bc_tx_fees_btc,BTC,lrange,2008,2021-01-01,2026-09-01,{'lag': 1},2.731396457448124e-05,0.00019822327110661722,0.7957446832245744,0.11301219763431625,0.09745961716243856,1608,0.34545979654280423,0.3487039871730566,0.4956442114811166,0.8739684503208928,0.19106771773997555,0.12730343083814832,0.05688209226180374,1,fees,optimistic_lag,False,
bc_tx_fees_btc,BTC,absret,2008,2021-01-01,2026-09-01,{'lag': 1},0.002497584996245494,0.05287565435548948,0.31175167895901995,0.11301219763431625,0.09745961716243856,1608,0.10505771353205184,0.1023850380835799,-0.29864221289845894,-0.41434408878890894,0.6606889352497474,0.12730343083814832,0.05688209226180374,1,fees,optimistic_lag,False,
bc_unique_addresses,BTC,ret,2008,2021-01-01,2026-09-01,{'lag': 1},0.9285527673370478,0.9961986870142563,-0.9327230984526029,0.2207733611732663,0.15487477549658335,1608,-0.03834669164109328,-0.04422919580254714,-0.5665260176402676,-2.363994791004219,0.9909604666088313,0.2146836827213151,0.15894557996130454,1,on-chain activity,optimistic_lag,False,
bc_unique_addresses,BTC,lrange,2008,2021-01-01,2026-09-01,{'lag': 1},2.858203729771761e-19,2.0189046585435514e-05,0.9798305114709611,0.2207733611732663,0.15487477549658335,1608,0.34545979654280423,0.36838914180856686,3.503122519388846,3.9432101333809366,4.0199075760694036e-05,0.2146836827213151,0.15894557996130454,1,on-chain activity,optimistic_lag,False,
bc_unique_addresses,BTC,absret,2008,2021-01-01,2026-09-01,{'lag': 1},0.0001912706550721541,0.03979759759313665,0.9975116003125942,0.2207733611732663,0.15487477549658335,1608,0.10505771353205184,0.10787384649163378,0.31467201876183015,0.30904976086053754,0.3786418373086561,0.2146836827213151,0.15894557996130454,1,on-chain activity,optimistic_lag,False,
llama_stablecoin_supply,BTC,ret,2008,2021-01-01,2026-09-01,{'lag': 1},0.29363367729721607,0.6401903056929925,-0.12924399683081467,0.545377415788352,0.2714945079157488,1608,-0.03834669164109328,-0.0425387640496957,-0.40372569608488895,-0.9775077838458054,0.8358410869442855,0.16786901495029316,0.1586930599845936,1,stablecoin liquidity (restated history),optimistic_lag,False,
llama_stablecoin_supply,BTC,lrange,2008,2021-01-01,2026-09-01,{'lag': 1},0.8202258870568686,0.00021593912011183598,0.029470293431754575,0.545377415788352,0.2714945079157488,1608,0.34545979654280423,0.34451288991880524,-0.1446674503716494,-1.3406505850488577,0.9099830373318869,0.16786901495029316,0.1586930599845936,1,stablecoin liquidity (restated history),optimistic_lag,False,
llama_stablecoin_supply,BTC,absret,2008,2021-01-01,2026-09-01,{'lag': 1},0.9802663888265675,0.0005164877564365441,-0.9292138329390208,0.545377415788352,0.2714945079157488,1608,0.10505771353205184,0.10232694114675467,-0.3051339093691485,-2.6683320220521156,0.99618855571171,0.16786901495029316,0.1586930599845936,1,stablecoin liquidity (restated history),optimistic_lag,False,
llama_dex_volume,BTC,ret,2008,2021-01-01,2026-09-01,{'lag': 1},0.36008713824184885,0.30234884953605157,-0.8204089619192694,0.6214752770282346,0.4851769635496347,1608,-0.03834669164109328,-0.045189430093893534,-0.6590032508299704,-1.396918897939329,0.9187810194895416,0.4898095482233137,0.12428099935624082,1,"DeFi activity (USD, price-linked)",optimistic_lag,False,
llama_dex_volume,BTC,lrange,2008,2021-01-01,2026-09-01,{'lag': 1},3.706830322728972e-05,3.412395269084101e-17,0.37109491370505304,0.6214752770282346,0.4851769635496347,1608,0.34545979654280423,0.3518523736956565,0.9766515668689912,3.2562551924502987,0.0005644611790959209,0.4898095482233137,0.12428099935624082,1,"DeFi activity (USD, price-linked)",optimistic_lag,False,
llama_dex_volume,BTC,absret,2008,2021-01-01,2026-09-01,{'lag': 1},0.04717595138782893,2.3794569852125295e-05,-0.15114670760734483,0.6214752770282346,0.4851769635496347,1608,0.10505771353205184,0.10658474356165182,0.17062888330225956,0.6495720997745656,0.2579843299680704,0.4898095482233137,0.12428099935624082,1,"DeFi activity (USD, price-linked)",optimistic_lag,False,
treasury_tga_liquidity,BTC,ret,1535,2022-05-19,2026-09-01,{'lag': 2},0.9945074445395868,0.9951615203604881,-0.9996558095502986,0.061318544492653504,0.03299877900674719,1135,-0.018839997174086687,-0.022084457941055957,-0.31844654469479483,-1.124529264833086,0.8696057186645767,0.01665206514391404,0.016634838565530607,2,public gov liquidity,optimistic_lag,False,
treasury_tga_liquidity,BTC,lrange,1535,2022-05-19,2026-09-01,{'lag': 2},0.2730477175323941,0.034471147289595834,0.9364274885928018,0.061318544492653504,0.03299877900674719,1135,0.18548829373945452,0.18309715040646868,-0.29356770622286366,-0.9352778318545674,0.825177431679454,0.01665206514391404,0.016634838565530607,2,public gov liquidity,optimistic_lag,False,
treasury_tga_liquidity,BTC,absret,1535,2022-05-19,2026-09-01,{'lag': 2},0.013327857507634587,0.012635908425474018,0.9122686658866918,0.061318544492653504,0.03299877900674719,1135,0.03812254510439694,0.03160616946316275,-0.6774642245816587,-0.8281704360861804,0.79621300793922,0.01665206514391404,0.016634838565530607,2,public gov liquidity,optimistic_lag,False,
wikipedia_pageviews_Bitcoin,BTC,ret,2008,2021-01-01,2026-09-01,{'lag': 1},0.4958733792485812,0.5139030727844487,-0.0513835935994098,0.26532330825523665,0.2025614056286098,1608,-0.03834669164109328,-0.04502556844268324,-0.6432222354399109,-1.5977646834371972,0.9449523214142995,0.1258767366062825,0.06745213685307894,1,attention,optimistic_lag,False,
wikipedia_pageviews_Bitcoin,BTC,lrange,2008,2021-01-01,2026-09-01,{'lag': 1},0.00016479744605320192,2.356970929013162e-06,0.7109598684512277,0.26532330825523665,0.2025614056286098,1608,0.34545979654280423,0.34862674252692527,0.4838428514235771,0.9953225617052616,0.15978970402452597,0.1258767366062825,0.06745213685307894,1,attention,optimistic_lag,False,
wikipedia_pageviews_Bitcoin,BTC,absret,2008,2021-01-01,2026-09-01,{'lag': 1},0.45490731752332714,0.044126539270676474,-0.4567571420202634,0.26532330825523665,0.2025614056286098,1608,0.10505771353205184,0.09217381806777447,-1.4396342265964535,-3.2111659808781052,0.9993390122274001,0.1258767366062825,0.06745213685307894,1,attention,optimistic_lag,False,
npm_downloads_npm_bitcoinjs-lib,BTC,ret,1967,2021-01-01,2026-09-01,{'lag': 1},0.14222202907201129,0.23493446712326857,0.8458932067114383,0.29066998528967103,0.2087009059114422,1567,-0.03914697030977621,-0.039700326789264384,-0.05325103140352283,-0.15092741186019742,0.5599835116824101,0.29145674501201213,0.13394417239772605,1,developer ecosystem,optimistic_lag,False,
npm_downloads_npm_bitcoinjs-lib,BTC,lrange,1967,2021-01-01,2026-09-01,{'lag': 1},2.7126958855617875e-10,8.331695436633153e-06,0.9985178090042288,0.29066998528967103,0.2087009059114422,1567,0.34847363537203857,0.36148688706127374,1.9973484414043674,1.9784285374649173,0.023940191506782837,0.29145674501201213,0.13394417239772605,1,developer ecosystem,optimistic_lag,False,
npm_downloads_npm_bitcoinjs-lib,BTC,absret,1967,2021-01-01,2026-09-01,{'lag': 1},0.0003758720791731182,0.003492195782129495,0.9959750672192129,0.29066998528967103,0.2087009059114422,1567,0.10588855210349102,0.1084875509140899,0.290679513914438,0.27528226562151453,0.3915496941535621,0.29145674501201213,0.13394417239772605,1,developer ecosystem,optimistic_lag,False,
cm_exchange_flows,ETH,ret,1676,2021-12-31,2026-09-01,{'lag': 1},0.18316688255848215,0.3271070818157067,0.17666564735067075,0.643439268819874,0.4342661861483633,1276,-0.01433450199470987,-0.0171166880434499,-0.2742868396242937,-0.6856376044817788,0.753529168954293,0.41432480895638346,0.15528959921096275,1,on-chain exchange flows (labelled clusters),optimistic_lag,False,
cm_exchange_flows,ETH,lrange,1676,2021-12-31,2026-09-01,{'lag': 1},0.0246695312345679,6.776490357778972e-06,-0.7845558129555545,0.643439268819874,0.4342661861483633,1276,0.2680634308281391,0.2699062299606776,0.25177033231492674,1.2477610769113052,0.1060592833500098,0.41432480895638346,0.15528959921096275,1,on-chain exchange flows (labelled clusters),optimistic_lag,False,
cm_exchange_flows,ETH,absret,1676,2021-12-31,2026-09-01,{'lag': 1},0.3050335503794162,0.04931162263466296,-0.5850070566275312,0.643439268819874,0.4342661861483633,1276,0.05105505640366381,0.050055438197634805,-0.10533995810553254,-0.5852712557657397,0.7208173303898907,0.41432480895638346,0.15528959921096275,1,on-chain exchange flows (labelled clusters),optimistic_lag,False,
cm_active_addresses,ETH,ret,1676,2021-12-31,2026-09-01,{'lag': 1},0.7026769269598757,0.7397865068652052,-0.7628777645576805,0.04121805440308879,0.03156971113987117,1276,-0.01433450199470987,-0.021395777639217073,-0.6961486206592538,-2.0616105891424614,0.9803775874631345,0.029384334880637186,0.02079332423439173,1,on-chain activity,optimistic_lag,False,
cm_active_addresses,ETH,lrange,1676,2021-12-31,2026-09-01,{'lag': 1},0.012237584739344103,0.0026273464095343535,0.9097408321951163,0.04121805440308879,0.03156971113987117,1276,0.2680634308281391,0.2711961696384555,0.4280068713961027,1.3307468301906717,0.0916361641516027,0.029384334880637186,0.02079332423439173,1,on-chain activity,optimistic_lag,False,
cm_active_addresses,ETH,absret,1676,2021-12-31,2026-09-01,{'lag': 1},0.022823748288091795,0.03037143396970388,0.7511951883243997,0.04121805440308879,0.03156971113987117,1276,0.05105505640366381,0.05410442590582709,0.32134314248060125,0.9154617844596614,0.17997462792897867,0.029384334880637186,0.02079332423439173,1,on-chain activity,optimistic_lag,False,
cm_tx_count,ETH,ret,1676,2021-12-31,2026-09-01,{'lag': 1},0.19395610404352417,0.26163049898833846,0.8019390291908142,0.16293857810285806,0.1051830209745106,1276,-0.01433450199470987,-0.017605239745646317,-0.32245159210344543,-0.8609576796213881,0.8053693240194466,0.12891826784432092,0.0857229151646699,1,on-chain activity,optimistic_lag,False,
cm_tx_count,ETH,lrange,1676,2021-12-31,2026-09-01,{'lag': 1},0.0015852169762227604,0.0691809202786028,0.8541509442378725,0.16293857810285806,0.1051830209745106,1276,0.2680634308281391,0.2717483704530078,0.5034506786616766,1.1651687135705338,0.12197535357179656,0.12891826784432092,0.0857229151646699,1,on-chain activity,optimistic_lag,False,
cm_tx_count,ETH,absret,1676,2021-12-31,2026-09-01,{'lag': 1},0.24742451967681706,0.6287080337063902,0.09303298129634356,0.16293857810285806,0.1051830209745106,1276,0.05105505640366381,0.04989123506605442,-0.12264371557728637,-0.4976942916600477,0.6906502339334709,0.12891826784432092,0.0857229151646699,1,on-chain activity,optimistic_lag,False,
llama_stablecoin_supply,ETH,ret,1676,2021-12-31,2026-09-01,{'lag': 1},0.6321538801044287,0.6339108928472865,-0.09529513734841046,0.14138462644657945,0.10985538035092057,1276,-0.01433450199470987,-0.01733171352711138,-0.2954855155284042,-2.0015383433285705,0.9773327970235781,0.18721699719718865,0.1766735626342787,1,stablecoin liquidity (restated history),optimistic_lag,False,
llama_stablecoin_supply,ETH,lrange,1676,2021-12-31,2026-09-01,{'lag': 1},0.8412515162866888,0.6315565803381462,-0.37155932255186647,0.14138462644657945,0.10985538035092057,1276,0.2680634308281391,0.26723228184931536,-0.11355478245391737,-1.4848236563089299,0.9312047281890534,0.18721699719718865,0.1766735626342787,1,stablecoin liquidity (restated history),optimistic_lag,False,
llama_stablecoin_supply,ETH,absret,1676,2021-12-31,2026-09-01,{'lag': 1},0.36725475092557774,0.5622259061856667,-0.9879059727119112,0.14138462644657945,0.10985538035092057,1276,0.05105505640366381,0.04458667095202529,-0.6816396984133277,-2.2173280388333874,0.9866996583967,0.18721699719718865,0.1766735626342787,1,stablecoin liquidity (restated history),optimistic_lag,False,
llama_dex_volume,ETH,ret,1676,2021-12-31,2026-09-01,{'lag': 1},0.435712969165135,0.6418918798230404,0.9013153523079863,0.7614057376224821,0.5496499033973012,1276,-0.01433450199470987,-0.0154449862718824,-0.10947909934926336,-0.5293749699411183,0.7017273209800152,0.49951200706955023,0.13738722379363444,1,"DeFi activity (USD, price-linked)",optimistic_lag,False,
llama_dex_volume,ETH,lrange,1676,2021-12-31,2026-09-01,{'lag': 1},0.002427523921801057,1.8119601641620822e-13,0.27740869495889947,0.7614057376224821,0.5496499033973012,1276,0.2680634308281391,0.27262446092610004,0.6231455415762865,1.1890616541116585,0.11720770319221929,0.49951200706955023,0.13738722379363444,1,"DeFi activity (USD, price-linked)",optimistic_lag,False,
llama_dex_volume,ETH,absret,1676,2021-12-31,2026-09-01,{'lag': 1},0.052280554634247474,0.00043071812405131644,0.4697377026688021,0.7614057376224821,0.5496499033973012,1276,0.05105505640366381,0.052407093513230474,0.14247792969345197,0.30620565101755126,0.3797240350215356,0.49951200706955023,0.13738722379363444,1,"DeFi activity (USD, price-linked)",optimistic_lag,False,
treasury_tga_liquidity,ETH,ret,1567,2022-05-19,2026-09-01,{'lag': 2},0.6740734792895173,0.7693747907888363,-0.9794394086558614,0.0890753668014086,0.02629888725875218,1167,-0.01765008798431178,-0.019147835975925176,-0.14717711021674518,-1.3667304519622505,0.914145095408516,0.013011291222502885,0.01387188100968817,2,public gov liquidity,optimistic_lag,False,
treasury_tga_liquidity,ETH,lrange,1567,2022-05-19,2026-09-01,{'lag': 2},0.19762575835602064,0.03176437458310339,0.7651245267959891,0.0890753668014086,0.02629888725875218,1167,0.23846568256302236,0.23673514559643338,-0.22724346453790734,-0.7053425926993194,0.7597014698679905,0.013011291222502885,0.01387188100968817,2,public gov liquidity,optimistic_lag,False,
treasury_tga_liquidity,ETH,absret,1567,2022-05-19,2026-09-01,{'lag': 2},0.12019243120870877,0.08317547961751473,0.36331625030431314,0.0890753668014086,0.02629888725875218,1167,0.027526695123080813,0.02108423736081455,-0.6624817082337975,-1.196235314620231,0.8841976283167796,0.013011291222502885,0.01387188100968817,2,public gov liquidity,optimistic_lag,False,
wikipedia_pageviews_Ethereum,ETH,ret,1676,2021-12-31,2026-09-01,{'lag': 1},0.9013944976323982,0.9521032111474376,-0.18266657836483396,0.30849948141236383,0.17898028361008267,1276,-0.01433450199470987,-0.01746628081684376,-0.30875207497873536,-2.0060853487411885,0.9775764286243358,0.15295758673490156,0.07914920560142236,1,attention,optimistic_lag,False,
wikipedia_pageviews_Ethereum,ETH,lrange,1676,2021-12-31,2026-09-01,{'lag': 1},0.004079103032067774,1.1133480943851075e-06,0.46259606072218207,0.30849948141236383,0.17898028361008267,1276,0.2680634308281391,0.2687668477906856,0.0961035412320399,0.062122691685485364,0.4752325632722202,0.15295758673490156,0.07914920560142236,1,attention,optimistic_lag,False,
wikipedia_pageviews_Ethereum,ETH,absret,1676,2021-12-31,2026-09-01,{'lag': 1},0.09338114835060105,0.0010844083750740498,-0.3410947364849659,0.30849948141236383,0.17898028361008267,1276,0.05105505640366381,0.050701165706006135,-0.037293069534305445,-0.08530590867250411,0.5339909028914267,0.15295758673490156,0.07914920560142236,1,attention,optimistic_lag,False,
npm_downloads_npm_ethers,ETH,ret,1635,2021-12-31,2026-09-01,{'lag': 1},0.08384826880000926,0.06448786288478296,0.9009842391757573,0.25381197098949215,0.16113812985094633,1235,-0.01504009332119427,-0.014893012813383955,0.014490118053267498,0.04412301743907573,0.4824031726930045,0.21234492813113304,0.08643900388595238,1,developer ecosystem,optimistic_lag,False,
npm_downloads_npm_ethers,ETH,lrange,1635,2021-12-31,2026-09-01,{'lag': 1},0.0016427676366621423,0.0030461096412773133,0.8709295320937228,0.25381197098949215,0.16113812985094633,1235,0.2693614279075375,0.2698551842299248,0.06757873745608656,0.06474706559704069,0.4741876942428923,0.21234492813113304,0.08643900388595238,1,developer ecosystem,optimistic_lag,False,
npm_downloads_npm_ethers,ETH,absret,1635,2021-12-31,2026-09-01,{'lag': 1},0.12336356231917525,0.3952517596635819,0.6362533208850704,0.25381197098949215,0.16113812985094633,1235,0.05227259784166738,0.049968344795431,-0.24313458078648598,-0.435413761292015,0.668368938288545,0.21234492813113304,0.08643900388595238,1,developer ecosystem,optimistic_lag,False,
npm_downloads_npm_solana_web3.js,ETH,ret,1635,2021-12-31,2026-09-01,{'lag': 1},0.29046654082202084,0.19432330112249918,0.9773651772523805,0.26707167801734977,0.16559635032002207,1235,-0.01504009332119427,-0.015932164335933585,-0.08788529838466008,-0.31005191296151224,0.6217392603393039,0.21428135392373493,0.09168209094338886,1,developer ecosystem,optimistic_lag,False,
npm_downloads_npm_solana_web3.js,ETH,lrange,1635,2021-12-31,2026-09-01,{'lag': 1},4.0110120557228954e-07,2.568235565763025e-05,0.9962483519128439,0.26707167801734977,0.16559635032002207,1235,0.2693614279075375,0.27727108031876924,1.082567046601357,1.0203434719769504,0.1537827964596472,0.21428135392373493,0.09168209094338886,1,developer ecosystem,optimistic_lag,False,
npm_downloads_npm_solana_web3.js,ETH,absret,1635,2021-12-31,2026-09-01,{'lag': 1},0.003959576245971228,0.001242408377751527,0.8956622843322801,0.26707167801734977,0.16559635032002207,1235,0.05227259784166738,0.05624677668683109,0.4193377585277158,0.7776471976852427,0.21838851426964356,0.21428135392373493,0.09168209094338886,1,developer ecosystem,optimistic_lag,False,
npm_downloads_npm_web3,ETH,ret,1635,2021-12-31,2026-09-01,{'lag': 1},0.4848927000993636,0.39259644378512953,0.9280701466480072,0.2335611413534493,0.1501175644510928,1235,-0.01504009332119427,-0.01793115688111957,-0.28482259754547545,-0.8171844822571882,0.7930884954337922,0.19808780147834382,0.0777443062849672,1,developer ecosystem,optimistic_lag,False,
npm_downloads_npm_web3,ETH,lrange,1635,2021-12-31,2026-09-01,{'lag': 1},0.0015489450507321985,0.0003617416014277146,0.9469654013526043,0.2335611413534493,0.1501175644510928,1235,0.2693614279075375,0.27207108731503027,0.37086180650613976,0.36975081252970066,0.3557840838515216,0.19808780147834382,0.0777443062849672,1,developer ecosystem,optimistic_lag,False,
npm_downloads_npm_web3,ETH,absret,1635,2021-12-31,2026-09-01,{'lag': 1},0.050518645696737974,0.04068711816518494,0.9987970448529218,0.2335611413534493,0.1501175644510928,1235,0.05227259784166738,0.05442477452044947,0.2270881557165927,0.3638415276187146,0.35798817516233516,0.19808780147834382,0.0777443062849672,1,developer ecosystem,optimistic_lag,False,
