cand,target,n,first,last,coef_s,t_s,p_incr,p_univ,react_past,oos_n,oos_r2_base,oos_r2_full,oos_gain_pct,dm_t,dm_p_onesided,q_bh
eia_crude_stock_surprise_vs_WTI,release_day:y,1026,2007-01-03,2026-09-16,-0.0042145172895359,-5.320385183371876,1.0354778231549437e-07,1.9286787920878394e-06,0.0278040861761241,626,-0.005339621577812,0.0197578493116085,2.4964171659754064,1.5684648235142766,0.0583863465547498,1.2425733877859325e-06
eia_crude_stock_surprise_vs_WTI,release_day:absy,1026,2007-01-03,2026-09-16,-0.0002507435047398,-0.4533713312709173,0.650281376565151,0.1979344728287976,0.0278040861761241,626,0.1272461365971042,0.1255885058752529,-0.1899310666340747,-0.7626025044993601,0.7771497547501038,0.8391592066096989
eia_crude_stock_surprise_vs_WTI,next_day:y,1026,2007-01-04,2026-09-17,-0.0001342880273801,-0.1748330044062594,0.8612108539623334,0.8264701755397541,0.0492909768443774,626,-0.0034060301326419,-0.0054645334768832,-0.2051515819542215,-0.7426113126211572,0.7711414812396845,0.8631981067606768
eia_crude_stock_surprise_vs_WTI,next_day:absy,1026,2007-01-04,2026-09-17,0.0001938209845107,0.3862664583804882,0.6992993388414157,0.0173970362407409,0.0492909768443774,626,0.078470988948249,0.0758541198547566,-0.2839703429960982,-1.0122823257563036,0.8442984584778669,0.8391592066096989
eia_gas_storage_surprise_vs_HenryHub,release_day:y,661,2014-01-09,2026-09-17,0.0059583609687433,2.234077323151749,0.0254779858095197,0.0571048943861895,0.0421959724689513,261,-0.0140133310288366,0.0005538790283141,1.4365896000963607,1.106955933396137,0.1341564905335472,0.0764339574285591
eia_gas_storage_surprise_vs_HenryHub,release_day:absy,661,2014-01-09,2026-09-17,0.0009186423827062,0.5559049319208701,0.5782758465220004,0.5473905853228025,0.0421959724689513,261,0.1591384394590975,0.1581481846586158,-0.1177666868068971,-0.4395314877883517,0.6698617642419505,0.8391592066096989
eia_gas_storage_surprise_vs_HenryHub,next_day:y,661,2014-01-10,2026-09-18,0.00184864150426,0.6120913732210884,0.5404773048693254,0.4048022407980305,0.020221612881319,261,-0.0301014645499277,-0.0341634502728953,-0.3943287008860041,-3.183746200914668,0.999273087895978,0.8391592066096989
eia_gas_storage_surprise_vs_HenryHub,next_day:absy,661,2014-01-10,2026-09-18,-0.0051442711472475,-2.442218860243849,0.0145972941871196,0.0036942346464168,0.020221612881319,261,0.154320877406536,0.1653583643346445,1.305162517700531,0.9414061339932722,0.1732483856831983,0.0758291945081792
cpc_hdd_weekly_anomaly_vs_HenryHub,release_day:y,902,2007-04-09,2026-09-21,-0.0098379086618676,-2.3463695958183424,0.0189572986270448,0.019447008824082,0.0063125363088509,502,-0.0304140984571688,-0.0131022774430167,1.680083865319093,1.4361644387970782,0.0754777777018669,0.0758291945081792
cpc_hdd_weekly_anomaly_vs_HenryHub,release_day:absy,902,2007-04-09,2026-09-21,0.0038776887755815,1.4802089034677843,0.1388175050890788,0.0794856452374434,0.0063125363088509,502,0.1870491273824392,0.1896341888064669,0.317984949779837,0.4822316115263004,0.3148207114741175,0.33316201221378916
cpc_hdd_weekly_anomaly_vs_HenryHub,next_day:y,902,2007-04-10,2026-09-22,-0.0034466279795349,-1.346010133147826,0.1782992486551417,0.1543349363553496,0.0286437553405684,502,0.0018823932566079,0.0023507017904735,0.0469191737227814,0.1356468666443406,0.4460502268067486,0.3565984973102834
cpc_hdd_weekly_anomaly_vs_HenryHub,next_day:absy,902,2007-04-10,2026-09-22,-0.0002942833570882,-0.172304550901491,0.8631981067606767,0.8150126309401107,0.0286437553405684,502,0.1537801763153257,0.1463534608150464,-0.8776343087711469,-1.3242517639354143,0.9072902777409696,0.8631981067606768
