date,oi,mm_net,mm_net_pct_oi
2023-06-06,528997.0,-33322.0,-0.06299090543046558
2023-06-13,525534.0,-31476.0,-0.05989336560527007
2023-06-20,495063.0,-27835.0,-0.05622516730193935
2023-06-27,512855.0,-25752.0,-0.05021302317419154
2023-07-03,519512.0,-22517.0,-0.04334259843853462
2023-07-11,531107.0,-21661.0,-0.04078462532032152
2023-07-18,527903.0,-20079.0,-0.0380353966543096
2023-07-25,507655.0,-13835.0,-0.027252760240714657
2023-08-01,521014.0,-25640.0,-0.049211729435293484
2023-08-08,527899.0,-31095.0,-0.058903312944332153
2023-08-15,556799.0,-28501.0,-0.05118723273569098
2023-08-22,563454.0,-27679.0,-0.049123797151142776
2023-08-29,576100.0,-34135.0,-0.059251865995486895
2023-09-05,614114.0,-22972.0,-0.03740673555724181
2023-09-12,637631.0,-26545.0,-0.04163066099358406
2023-09-19,623682.0,-25656.0,-0.04113634833136118
2023-09-26,606220.0,-30483.0,-0.050283725380225
2023-10-03,599680.0,-27387.0,-0.04566935699039488
2023-10-10,607668.0,-30535.0,-0.050249478333563725
2023-10-17,601987.0,-39315.0,-0.06530871929128038
2023-10-24,578470.0,-37135.0,-0.0641952045914222
2023-10-31,589111.0,-36042.0,-0.06118032085634117
2023-11-07,596499.0,-44972.0,-0.0753932529643805
2023-11-14,612369.0,-47207.0,-0.07708914069784721
2023-11-21,562070.0,-36587.0,-0.06509331577917342
2023-11-28,587653.0,-37875.0,-0.06445130034220875
2023-12-05,594106.0,-41875.0,-0.07048405503395017
2023-12-12,600293.0,-44169.0,-0.07357906888802634
2023-12-19,558534.0,-42815.0,-0.07665603168294141
2023-12-26,557199.0,-42599.0,-0.07645203957652473
2024-01-02,572387.0,-39541.0,-0.0690808840871648
2024-01-09,584069.0,-45129.0,-0.07726655583501264
2024-01-16,623387.0,-48750.0,-0.07820182326548356
2024-01-23,597807.0,-36582.0,-0.06119366283767169
2024-01-30,603073.0,-34523.0,-0.05724514279365848
2024-02-06,619955.0,-40719.0,-0.06568057359001864
2024-02-13,613065.0,-36936.0,-0.060248097673166794
2024-02-20,545588.0,-26187.0,-0.0479977565488977
2024-02-27,553479.0,-31531.0,-0.0569687377479543
2024-03-05,572853.0,-26400.0,-0.046085121313844915
2024-03-12,586254.0,-25533.0,-0.04355279452251072
2024-03-19,578096.0,-18909.0,-0.032709100218648805
2024-03-26,569734.0,-21021.0,-0.0368961655790246
2024-04-02,568166.0,-23200.0,-0.04083313679452836
2024-04-09,571895.0,-20782.0,-0.036338838423137114
2024-04-16,593161.0,-23392.0,-0.03943617331550793
2024-04-23,561069.0,-24668.0,-0.043966071909159125
2024-04-30,567663.0,-35441.0,-0.06243316897525469
2024-05-07,575862.0,-37059.0,-0.06435395980286944
2024-05-14,565264.0,-30517.0,-0.053987163520054345
2024-05-21,532593.0,-34289.0,-0.06438124421462543
2024-05-28,530025.0,-31958.0,-0.06029526909108061
2024-06-04,530681.0,-35805.0,-0.06746991130264697
2024-06-11,634583.0,-34117.0,-0.05376286474740105
2024-06-18,614012.0,-33026.0,-0.053787222399562226
2024-06-25,629261.0,-25034.0,-0.039783174231360276
2024-07-02,613245.0,-24379.0,-0.039754095019119605
2024-07-09,635639.0,-27555.0,-0.043350077638407966
2024-07-16,624660.0,-26318.0,-0.04213171965549259
2024-07-23,607921.0,-33979.0,-0.05589377567150995
2024-07-30,606826.0,-37718.0,-0.06215620293131804
2024-08-06,634719.0,-44163.0,-0.06957882149423603
2024-08-13,652448.0,-39035.0,-0.05982852273284614
2024-08-20,606596.0,-35796.0,-0.05901126944457266
2024-08-27,603068.0,-35813.0,-0.05938467967128085
2024-09-03,600494.0,-39496.0,-0.06577251396350338
2024-09-10,597403.0,-47120.0,-0.07887472945398667
2024-09-17,601000.0,-44574.0,-0.07416638935108152
2024-09-24,607376.0,-40450.0,-0.06659795579673876
2024-10-01,617401.0,-43769.0,-0.07089233739498316
2024-10-08,637812.0,-46534.0,-0.07295880290743981
2024-10-15,627956.0,-51058.0,-0.08130824452668658
2024-10-22,629344.0,-51201.0,-0.0813561422687751
2024-10-29,643322.0,-49016.0,-0.07619201581789524
2024-11-05,679338.0,-51560.0,-0.07589741778025078
2024-11-12,693238.0,-57384.0,-0.08277676642076746
2024-11-19,708539.0,-55253.0,-0.07798159310920076
2024-11-26,702683.0,-53866.0,-0.07665761089993639
2024-12-03,703087.0,-56077.0,-0.0797582660467339
2024-12-10,714185.0,-57064.0,-0.07990086602210912
2024-12-17,710746.0,-54512.0,-0.0766968790538392
2024-12-24,721736.0,-41959.0,-0.058136216012503183
2024-12-31,718014.0,-42264.0,-0.05886236201522533
2025-01-07,741067.0,-41925.0,-0.056573832055671076
2025-01-14,747010.0,-18457.0,-0.024707835236476086
2025-01-21,751280.0,-17884.0,-0.023804706634011286
2025-01-28,755644.0,-16880.0,-0.022338561544854457
2025-02-04,761253.0,-20209.0,-0.026547021817976416
2025-02-11,756270.0,-29210.0,-0.03862377193330424
2025-02-18,739889.0,-34153.0,-0.04615962664669971
2025-02-25,734037.0,-31214.0,-0.04252374199120753
2025-03-04,736377.0,-31490.0,-0.04276342145395633
2025-03-11,751292.0,-38939.0,-0.05182938191808245
2025-03-18,770978.0,-42135.0,-0.05465136488978933
2025-03-25,774245.0,-27653.0,-0.035716084701870855
2025-04-01,789199.0,-31015.0,-0.0392993402171062
2025-04-08,790075.0,-33859.0,-0.04285542511786856
2025-04-15,795370.0,-34482.0,-0.043353407847919835
2025-04-22,752684.0,-36274.0,-0.048192867126177784
2025-04-29,766631.0,-39908.0,-0.052056334794705665
2025-05-06,791551.0,-53683.0,-0.06782001412416888
2025-05-13,782720.0,-49212.0,-0.06287305805396566
2025-05-20,738260.0,-51890.0,-0.0702868907972801
2025-05-27,756331.0,-57861.0,-0.07650221926643229
2025-06-03,785105.0,-61122.0,-0.077852007056381
2025-06-10,773321.0,-62258.0,-0.08050731843568194
2025-06-17,809036.0,-59706.0,-0.07379894096183606
2025-06-24,782607.0,-61449.0,-0.0785183367897297
2025-07-01,784078.0,-66107.0,-0.08431176490094097
2025-07-08,783947.0,-65160.0,-0.08311786383518273
2025-07-15,809617.0,-61142.0,-0.07551965929569167
2025-07-22,781337.0,-61632.0,-0.07888017590361138
2025-07-29,793386.0,-58620.0,-0.07388585127541954
2025-08-05,783604.0,-59453.0,-0.07587123087682043
2025-08-12,780239.0,-57536.0,-0.07374150740990902
2025-08-19,758730.0,-44457.0,-0.05859396623304733
2025-08-26,800590.0,-40862.0,-0.051039858104647826
2025-09-02,799084.0,-40779.0,-0.05103218184821621
2025-09-09,802403.0,-40586.0,-0.05058056861701664
2025-09-16,811785.0,-35887.0,-0.04420751800045578
2025-09-23,807783.0,-34194.0,-0.042330675441300446
2025-09-30,827704.0,-30899.0,-0.037330978224099434
2025-10-07,839161.0,-29539.0,-0.03520063491987831
2025-10-14,831782.0,-28203.0,-0.03390672075135071
2025-10-21,808887.0,-30793.0,-0.03806835812666046
2025-10-28,788199.0,-31087.0,-0.039440547374457464
2025-11-04,793140.0,-29695.0,-0.03743979625286835
2025-11-10,801648.0,-25983.0,-0.032411981318483926
2025-11-18,793994.0,-28999.0,-0.03652294601722431
2025-11-25,772795.0,-27134.0,-0.03511151081464036
2025-12-02,766596.0,-23718.0,-0.03093937354225694
2025-12-09,781559.0,-24809.0,-0.03174296502247431
2025-12-16,802736.0,-34608.0,-0.043112555061689026
2025-12-23,773263.0,-33737.0,-0.043629399053103535
2025-12-30,782141.0,-36522.0,-0.04669490539429591
2026-01-06,794768.0,-38075.0,-0.04790706218670102
2026-01-13,825340.0,-37375.0,-0.04528436765454237
2026-01-20,787465.0,-38322.0,-0.04866502003263637
2026-01-27,807684.0,-38718.0,-0.04793706449552052
2026-02-03,823911.0,-21802.0,-0.02646159597335149
2026-02-10,852624.0,-20517.0,-0.024063362044699655
2026-02-17,870334.0,-19479.0,-0.022381062902288088
2026-02-24,827970.0,-23384.0,-0.028242569175211663
2026-03-03,859757.0,-17089.0,-0.019876546512561107
2026-03-10,846189.0,-28145.0,-0.03326089088844218
2026-03-17,849074.0,-31287.0,-0.03684837835100356
2026-03-24,846034.0,-29280.0,-0.034608538191136524
2026-03-31,855613.0,-33814.0,-0.03952020364346965
2026-04-07,858838.0,-35690.0,-0.041556149122418895
2026-04-14,872032.0,-45234.0,-0.05187194965322373
2026-04-21,842828.0,-40971.0,-0.048611341815886513
2026-04-28,855542.0,-37833.0,-0.04422109025623523
2026-05-05,866504.0,-37321.0,-0.04307077636110162
2026-05-12,875230.0,-43791.0,-0.05003370542600231
2026-05-19,836880.0,-34877.0,-0.04167503106777555
2026-05-26,830992.0,-30858.0,-0.03713393149392533
2026-06-02,816733.0,-26694.0,-0.0326838758811019
2026-06-09,818492.0,-27568.0,-0.033681453209072294
2026-06-16,822990.0,-23666.0,-0.028756120973523373
2026-06-23,803067.0,-18387.0,-0.02289597256517825
2026-06-30,806905.0,-14657.0,-0.01816446793612631
2026-07-07,801410.0,-15417.0,-0.019237344180881195
2026-07-14,791680.0,-24220.0,-0.030593168957154405
2026-07-21,770415.0,-17208.0,-0.02233601370689823
2026-07-28,781193.0,-9959.0,-0.01274845012692126
2026-08-04,782189.0,-7090.0,-0.009064305430017553
2026-08-11,797158.0,-8436.0,-0.010582594667556495
2026-08-18,815351.0,-10696.0,-0.013118276668575865
2026-08-25,778174.0,-10359.0,-0.013311932806801563
2026-09-01,767357.0,-10747.0,-0.014005215303958913
2026-09-08,753433.0,-9687.0,-0.01285714854539156
2026-09-15,753881.0,-10022.0,-0.013293875293315523
2026-09-22,734302.0,-4834.0,-0.006583122475493734
