date,oi,mm_net,swap_net,mm_net_pct_oi
2023-06-06,436301.0,93428.0,-168409.0,0.21413657085360793
2023-06-13,432898.0,74643.0,-158903.0,0.1724262990358006
2023-06-20,438037.0,76039.0,-159658.0,0.1735903588053064
2023-06-27,431861.0,69675.0,-149102.0,0.161336633777998
2023-07-03,448063.0,83148.0,-157292.0,0.18557211820659147
2023-07-11,483170.0,82443.0,-158675.0,0.1706293851025519
2023-07-18,482104.0,115318.0,-174441.0,0.2391973516087815
2023-07-25,476176.0,95287.0,-159266.0,0.20010878330701254
2023-08-01,439383.0,80009.0,-156633.0,0.1820939817880983
2023-08-08,427759.0,58606.0,-141104.0,0.13700705303687358
2023-08-15,433611.0,29536.0,-120400.0,0.06811635313679773
2023-08-22,430239.0,9109.0,-103434.0,0.021171953263186275
2023-08-29,442806.0,39242.0,-120127.0,0.08862120206139935
2023-09-05,438672.0,50365.0,-133865.0,0.11481243389138127
2023-09-12,441221.0,34571.0,-122462.0,0.07835302490135329
2023-09-19,438078.0,47390.0,-127644.0,0.10817708261999005
2023-09-26,435620.0,23438.0,-108169.0,0.05380377393140811
2023-10-03,431226.0,-7561.0,-89786.0,-0.017533729413347063
2023-10-10,436499.0,-26767.0,-72001.0,-0.06132201906533578
2023-10-17,439581.0,15103.0,-98033.0,0.0343577179177444
2023-10-24,463476.0,55748.0,-125728.0,0.12028238786905902
2023-10-31,475808.0,74840.0,-138522.0,0.15729033559755196
2023-11-07,484347.0,78235.0,-141108.0,0.16152675664348082
2023-11-14,486634.0,64315.0,-133954.0,0.13216298080282102
2023-11-21,508429.0,79135.0,-144326.0,0.15564611774702072
2023-11-28,505658.0,114893.0,-167984.0,0.2272148369055765
2023-12-05,487469.0,109387.0,-177251.0,0.22439785914591492
2023-12-12,469939.0,95528.0,-167693.0,0.20327744664733083
2023-12-19,481203.0,108276.0,-179042.0,0.2250110660157979
2023-12-26,491343.0,106454.0,-187332.0,0.21665923804755538
2024-01-02,500364.0,109149.0,-193777.0,0.21813919466628295
2024-01-09,489849.0,88459.0,-172700.0,0.18058422085173187
2024-01-16,489334.0,83229.0,-166866.0,0.17008628053640254
2024-01-23,465872.0,61033.0,-153144.0,0.13100808805852251
2024-01-30,430328.0,56024.0,-136159.0,0.1301890650852373
2024-02-06,419121.0,68069.0,-143623.0,0.16240894634246436
2024-02-13,420812.0,34176.0,-120737.0,0.0812144140376225
2024-02-20,407063.0,49923.0,-120960.0,0.12264194977190263
2024-02-27,411195.0,56153.0,-118680.0,0.136560512652148
2024-03-05,471616.0,109763.0,-157905.0,0.23273807504410368
2024-03-12,516057.0,141083.0,-169833.0,0.27338646699880054
2024-03-19,535047.0,142896.0,-168320.0,0.26707186471468863
2024-03-26,503642.0,135795.0,-170835.0,0.26962604389625966
2024-04-02,500045.0,147080.0,-180827.0,0.2941335279824816
2024-04-09,505214.0,141732.0,-182556.0,0.2805385440625161
2024-04-16,517193.0,134736.0,-188855.0,0.2605139667396891
2024-04-23,516249.0,142139.0,-194279.0,0.27533031540981195
2024-04-30,519791.0,135027.0,-196771.0,0.25977171593967574
2024-05-07,529835.0,126099.0,-195096.0,0.23799673483254222
2024-05-14,522952.0,130435.0,-202551.0,0.2494205969190289
2024-05-21,530591.0,148523.0,-221693.0,0.27991993833291556
2024-05-28,485430.0,148828.0,-220306.0,0.3065900335784768
2024-06-04,447488.0,152299.0,-226045.0,0.3403420873855835
2024-06-11,436857.0,152965.0,-219704.0,0.35014890456144687
2024-06-18,444345.0,160621.0,-225172.0,0.3614781307317512
2024-06-25,452190.0,158202.0,-228885.0,0.3498573608438931
2024-07-02,454730.0,150815.0,-220054.0,0.33165834671123523
2024-07-09,516324.0,157467.0,-228238.0,0.3049771073976805
2024-07-16,579862.0,184532.0,-248986.0,0.31823433851502597
2024-07-23,572306.0,162860.0,-246710.0,0.28456804576572675
2024-07-30,510914.0,152364.0,-228092.0,0.2982184868686315
2024-08-06,480645.0,150786.0,-221889.0,0.3137159441999813
2024-08-13,505872.0,177915.0,-239567.0,0.35169963943448146
2024-08-20,532867.0,193305.0,-252511.0,0.3627640668309353
2024-08-27,521759.0,200291.0,-253935.0,0.3838764640379946
2024-09-03,511136.0,192090.0,-242258.0,0.37580996055844235
2024-09-10,511501.0,190455.0,-231525.0,0.37234531310789226
2024-09-17,537627.0,216355.0,-257540.0,0.40242584542815
2024-09-24,564640.0,219029.0,-259676.0,0.3879091102295268
2024-10-01,533107.0,214462.0,-252298.0,0.40228697053312
2024-10-08,520316.0,194059.0,-232825.0,0.3729637374211056
2024-10-15,541232.0,199421.0,-237960.0,0.3684575191415142
2024-10-22,573760.0,205160.0,-242606.0,0.35757110987172336
2024-10-29,579468.0,195173.0,-229051.0,0.33681411225468877
2024-11-05,558034.0,183003.0,-213696.0,0.32794238343900195
2024-11-12,535981.0,165296.0,-198126.0,0.3083989917553048
2024-11-19,502952.0,155174.0,-192005.0,0.3085264597814503
2024-11-26,472660.0,179290.0,-205440.0,0.37932128802945037
2024-12-03,462040.0,180735.0,-223934.0,0.39116743139122157
2024-12-10,483346.0,196078.0,-230426.0,0.4056679893906229
2024-12-17,466571.0,183502.0,-212778.0,0.3932991977641131
2024-12-24,454646.0,165497.0,-198547.0,0.3640128803508664
2024-12-31,458584.0,166169.0,-197935.0,0.36235237164837847
2025-01-07,477043.0,177641.0,-207679.0,0.3723794291080678
2025-01-14,526467.0,195622.0,-228465.0,0.3715750464891437
2025-01-21,571387.0,215869.0,-246002.0,0.37779823482158326
2025-01-28,577505.0,210540.0,-242824.0,0.364568272136172
2025-02-04,542004.0,209533.0,-264731.0,0.3865893978642224
2025-02-11,528719.0,194803.0,-248987.0,0.3684433508158398
2025-02-18,522330.0,185329.0,-235652.0,0.3548120919725078
2025-02-25,512179.0,179812.0,-227610.0,0.35107257423674143
2025-03-04,489270.0,166658.0,-212536.0,0.34062583031863797
2025-03-11,511276.0,167576.0,-207929.0,0.3277603486179676
2025-03-18,533566.0,183834.0,-220788.0,0.34453844510332365
2025-03-25,511482.0,174732.0,-215841.0,0.3416190599082666
2025-04-01,498746.0,141999.0,-202746.0,0.2847120578410654
2025-04-08,445468.0,130986.0,-179536.0,0.2940413228335144
2025-04-15,456628.0,124854.0,-180307.0,0.27342607111259054
2025-04-22,465351.0,120902.0,-156958.0,0.2598081877980277
2025-04-29,451868.0,105895.0,-145687.0,0.23434941177512017
2025-05-06,452414.0,102091.0,-146818.0,0.22565835716843421
2025-05-13,440842.0,101227.0,-149674.0,0.2296219507215737
2025-05-20,448000.0,107629.0,-158831.0,0.24024330357142856
2025-05-27,437538.0,110816.0,-161395.0,0.2532717158281109
2025-06-03,415941.0,123582.0,-172718.0,0.29711425418508874
2025-06-10,417143.0,124091.0,-173353.0,0.2974783227813963
2025-06-17,441214.0,130511.0,-184765.0,0.29579977063284485
2025-06-24,434958.0,125128.0,-180145.0,0.28767835055338675
2025-07-01,437662.0,130360.0,-186656.0,0.29785542267777415
2025-07-08,443144.0,128942.0,-191542.0,0.2909708807972126
2025-07-15,448531.0,136727.0,-203952.0,0.3048328878048563
2025-07-22,489423.0,159934.0,-230975.0,0.32678071933685177
2025-07-29,445259.0,134256.0,-210909.0,0.3015233830197705
2025-08-05,449647.0,153987.0,-236129.0,0.3424619757276263
2025-08-12,446152.0,148287.0,-223315.0,0.33236878911223083
2025-08-19,438541.0,137385.0,-209960.0,0.31327743586118517
2025-08-26,443760.0,141917.0,-208637.0,0.31980575085631874
2025-09-02,492908.0,161502.0,-218596.0,0.3276514075649006
2025-09-09,509625.0,163519.0,-210821.0,0.3208614177090998
2025-09-16,516221.0,158971.0,-236987.0,0.3079514394028914
2025-09-23,528789.0,160549.0,-231251.0,0.30361637628619353
2025-09-30,493748.0,145227.0,-222839.0,0.2941318243314403
2025-10-07,485559.0,129759.0,-198420.0,0.2672363193762241
2025-10-14,485788.0,108310.0,-175410.0,0.22295733941554752
2025-10-21,472421.0,92227.0,-152339.0,0.19522205829122752
2025-10-28,457122.0,104159.0,-178833.0,0.22785820853076422
2025-11-04,450399.0,100545.0,-177091.0,0.22323539794715352
2025-11-10,459997.0,104087.0,-186077.0,0.2262775626797566
2025-11-18,471953.0,98205.0,-186688.0,0.20808216072363137
2025-11-25,432946.0,109309.0,-194711.0,0.25247721424842823
2025-12-02,418490.0,120324.0,-206641.0,0.2875194150397859
2025-12-09,432569.0,123548.0,-213186.0,0.2856145493551318
2025-12-16,471093.0,132596.0,-230109.0,0.28146459403981805
2025-12-23,492103.0,136270.0,-232242.0,0.27691357297151203
2025-12-30,481866.0,126040.0,-220765.0,0.2615664935895041
2026-01-06,488116.0,123213.0,-221493.0,0.25242565291856855
2026-01-13,527455.0,134745.0,-245941.0,0.2554625513076945
2026-01-20,528004.0,137444.0,-247400.0,0.2603086340254998
2026-01-27,488463.0,118159.0,-207696.0,0.2418995911665776
2026-02-03,409694.0,92072.0,-183144.0,0.22473358164874271
2026-02-10,404391.0,92022.0,-179293.0,0.22755699310815522
2026-02-17,407078.0,95893.0,-175384.0,0.23556419162912268
2026-02-24,420182.0,95974.0,-180988.0,0.22841054590629775
2026-03-03,409789.0,97917.0,-179792.0,0.23894492043466273
2026-03-10,413956.0,98399.0,-183280.0,0.23770400718916987
2026-03-17,411388.0,102043.0,-180814.0,0.24804564061178255
2026-03-24,403925.0,91621.0,-181612.0,0.22682676239400879
2026-03-31,361409.0,92814.0,-181730.0,0.25681153485386365
2026-04-07,354877.0,90032.0,-174455.0,0.25369916900785344
2026-04-14,362274.0,95141.0,-182552.0,0.2626216620568962
2026-04-21,365842.0,92976.0,-182522.0,0.25414249867429106
2026-04-28,369530.0,89752.0,-174621.0,0.24288149811923254
2026-05-05,367932.0,94254.0,-179823.0,0.2561723361925573
2026-05-12,376496.0,98015.0,-190056.0,0.2603347711529472
2026-05-19,379325.0,93540.0,-173715.0,0.24659592697554866
2026-05-26,353489.0,97446.0,-166256.0,0.2756691155877552
2026-06-02,326052.0,112179.0,-186191.0,0.3440524824261161
2026-06-09,332709.0,105863.0,-181736.0,0.31818496043088706
2026-06-16,339330.0,113721.0,-190516.0,0.33513394041198835
2026-06-23,352167.0,115395.0,-196068.0,0.32767124688003135
2026-06-30,369541.0,120091.0,-204024.0,0.3249734129636495
2026-07-07,371776.0,116161.0,-201296.0,0.3124488939576519
2026-07-14,383689.0,120779.0,-195639.0,0.3147835877494533
2026-07-21,383368.0,124831.0,-193878.0,0.3256166398864798
2026-07-28,384603.0,119795.0,-191760.0,0.31147702956035184
2026-08-04,371551.0,130766.0,-207635.0,0.3519463007770131
2026-08-11,400309.0,137662.0,-224705.0,0.3438893454806162
2026-08-18,406260.0,141648.0,-228657.0,0.34866341751587654
2026-08-25,427957.0,144747.0,-245027.0,0.33822790607467573
2026-09-01,415196.0,136771.0,-233429.0,0.3294130964652839
2026-09-08,411227.0,134972.0,-239313.0,0.3282177483482359
2026-09-15,409899.0,133116.0,-233660.0,0.32475317090307615
2026-09-22,412800.0,127389.0,-236126.0,0.3085973837209302
