date,oi,lev_net,am_net,dealer_net,lev_net_pct_oi,am_net_pct_oi
2023-06-06,13026.0,-5228.0,5830.0,-1638.0,-0.4013511438661139,0.447566405650238
2023-06-13,13251.0,-5775.0,5718.0,-1582.0,-0.4358161648177496,0.4315146026714965
2023-06-20,15687.0,-5771.0,6279.0,-2453.0,-0.36788423535411485,0.4002677376171352
2023-06-27,18829.0,-4266.0,7533.0,-3937.0,-0.22656540442933773,0.40007435339104575
2023-07-03,17008.0,-5108.0,8241.0,-3525.0,-0.30032925682031986,0.48453668861712135
2023-07-11,16302.0,-5742.0,8091.0,-3363.0,-0.3522267206477733,0.49631947000368054
2023-07-18,15455.0,-6343.0,8845.0,-3550.0,-0.41041734066645097,0.572306696861857
2023-07-25,16017.0,-6404.0,8503.0,-3379.0,-0.3998251857401511,0.5308734469626022
2023-08-01,14860.0,-6646.0,8099.0,-2897.0,-0.44724091520861375,0.5450201884253029
2023-08-08,16743.0,-6527.0,8698.0,-3785.0,-0.38983455772561665,0.5195006868542077
2023-08-15,15432.0,-6563.0,8471.0,-3745.0,-0.4252851218247797,0.548924313115604
2023-08-22,17262.0,-7392.0,7051.0,-2467.0,-0.4282238442822384,0.40846947051326615
2023-08-29,16172.0,-7529.0,6822.0,-2220.0,-0.46555775414296313,0.42184021766015334
2023-09-05,14962.0,-7085.0,6085.0,-1557.0,-0.47353295014035557,0.406696965646304
2023-09-12,15423.0,-7561.0,6004.0,-1149.0,-0.4902418465927511,0.38928872463204306
2023-09-19,16670.0,-8100.0,6542.0,-1491.0,-0.4859028194361128,0.39244151169766045
2023-09-26,14844.0,-6626.0,6075.0,-1426.0,-0.44637563998922125,0.40925626515763947
2023-10-03,14447.0,-6192.0,6713.0,-2471.0,-0.42860109365266147,0.4646639440714335
2023-10-10,14683.0,-7168.0,6885.0,-2171.0,-0.48818361370292174,0.4689096233739699
2023-10-17,16561.0,-7853.0,7217.0,-2416.0,-0.47418634140450455,0.43578286335366223
2023-10-24,19678.0,-7953.0,8358.0,-3087.0,-0.4041569265169225,0.42473828641122063
2023-10-31,19603.0,-7042.0,9181.0,-4074.0,-0.3592307299903076,0.4683466816303627
2023-11-07,21749.0,-7406.0,10268.0,-4557.0,-0.3405214032829096,0.4721136603981792
2023-11-14,21203.0,-6677.0,10886.0,-4705.0,-0.31490826769796726,0.5134179125595435
2023-11-21,21939.0,-7542.0,10939.0,-5376.0,-0.3437713660604403,0.49860978166735037
2023-11-28,23027.0,-8824.0,11448.0,-5732.0,-0.38320232770226254,0.49715551309332523
2023-12-05,23035.0,-8145.0,11735.0,-5792.0,-0.3535923594530063,0.5094421532450618
2023-12-12,21211.0,-8171.0,11469.0,-5558.0,-0.3852246475885154,0.5407100089576163
2023-12-19,23239.0,-9228.0,11606.0,-5529.0,-0.39709109686303196,0.49941907999483626
2023-12-26,22526.0,-9831.0,11862.0,-4865.0,-0.4364290153600284,0.5265914942732842
2024-01-02,23579.0,-10299.0,12724.0,-4985.0,-0.436786971457653,0.5396327240340981
2024-01-09,26846.0,-11419.0,14339.0,-5355.0,-0.4253520077478954,0.5341205393727184
2024-01-16,23286.0,-9835.0,12809.0,-3118.0,-0.4223567808983939,0.5500730052391996
2024-01-23,22815.0,-8356.0,12385.0,-2429.0,-0.36625027394258164,0.5428446197676967
2024-01-30,20679.0,-9481.0,12793.0,-3209.0,-0.458484452826539,0.6186469365056337
2024-02-06,20897.0,-9314.0,12290.0,-3282.0,-0.4457099105134708,0.5881226970378524
2024-02-13,24769.0,-10124.0,13220.0,-3539.0,-0.4087367273608139,0.5337316807299447
2024-02-20,25530.0,-10277.0,13690.0,-3665.0,-0.40254602428515474,0.5362318840579711
2024-02-27,25229.0,-10896.0,13754.0,-3498.0,-0.4318839430813746,0.5451662769035633
2024-03-05,27747.0,-12409.0,15531.0,-2668.0,-0.44721951922730385,0.5597361876959671
2024-03-12,30398.0,-15474.0,18472.0,-2058.0,-0.5090466478057767,0.6076715573392987
2024-03-19,33196.0,-14369.0,17573.0,-2225.0,-0.43285335582600315,0.5293710085552477
2024-03-26,31238.0,-16102.0,18696.0,-1712.0,-0.5154619373839554,0.598501824700685
2024-04-02,29745.0,-16081.0,18929.0,-1996.0,-0.5406286770885863,0.6363758614893259
2024-04-09,29074.0,-16016.0,19039.0,-2593.0,-0.5508701932998555,0.6548462543853615
2024-04-16,29526.0,-15183.0,18266.0,-2692.0,-0.5142247510668563,0.6186411975885661
2024-04-23,27932.0,-16493.0,18493.0,-2679.0,-0.5904697121580983,0.6620721752828297
2024-04-30,24795.0,-14464.0,16461.0,-1955.0,-0.5833434160112926,0.6638838475499093
2024-05-07,26155.0,-15221.0,16779.0,-2480.0,-0.5819537373351176,0.6415216975721659
2024-05-14,27077.0,-15646.0,16386.0,-2150.0,-0.5778335857000406,0.6051630535140525
2024-05-21,30694.0,-16822.0,18028.0,-2910.0,-0.5480549944614582,0.587346061119437
2024-05-28,30255.0,-17051.0,17821.0,-2647.0,-0.5635762683853909,0.5890266071723682
2024-06-04,31086.0,-17950.0,17891.0,-2729.0,-0.5774303545004182,0.5755323940037316
2024-06-11,30503.0,-17643.0,17891.0,-2571.0,-0.5784021243812084,0.5865324722158476
2024-06-18,30627.0,-17071.0,17257.0,-2585.0,-0.5573840075750155,0.563457080353936
2024-06-25,30171.0,-16937.0,16905.0,-2603.0,-0.5613668754764509,0.5603062543502039
2024-07-02,27063.0,-16771.0,16798.0,-2539.0,-0.6197021764032073,0.6206998485016443
2024-07-09,28241.0,-17776.0,17132.0,-2743.0,-0.6294394674409547,0.606635742360398
2024-07-16,31183.0,-18803.0,19343.0,-2751.0,-0.6029888080043614,0.6203059359266266
2024-07-23,32435.0,-18674.0,19802.0,-2606.0,-0.5757360875597348,0.6105133343610297
2024-07-30,28605.0,-17593.0,19124.0,-3155.0,-0.6150323370040203,0.6685544485229855
2024-08-06,27535.0,-17245.0,17081.0,-3295.0,-0.6262938078808789,0.620337751952061
2024-08-13,27874.0,-17288.0,18010.0,-3381.0,-0.6202195594460788,0.6461218339671378
2024-08-20,29630.0,-17131.0,18164.0,-3338.0,-0.5781640229497131,0.6130273371582855
2024-08-27,29817.0,-17932.0,18699.0,-3451.0,-0.6014018848308013,0.6271254653385653
2024-09-03,26859.0,-16692.0,17293.0,-2988.0,-0.62146766447001,0.6438437767601176
2024-09-10,28157.0,-17138.0,17829.0,-2802.0,-0.6086585928898676,0.6331995596121746
2024-09-17,30995.0,-18049.0,11258.0,-2746.0,-0.5823197289885466,0.36321987417325374
2024-09-24,30542.0,-18638.0,8868.0,-2793.0,-0.6102416344705651,0.2903542662563028
2024-10-01,28539.0,-17341.0,8804.0,-3139.0,-0.6076246539822698,0.30849013630470584
2024-10-08,29382.0,-18848.0,9273.0,-3032.0,-0.6414811789531005,0.31560138860526854
2024-10-15,34494.0,-20384.0,9572.0,7366.0,-0.5909433524670957,0.2774975358033281
2024-10-22,33562.0,-20249.0,9007.0,7570.0,-0.6033311483225076,0.2683689887372624
2024-10-29,33787.0,-20915.0,9526.0,8097.0,-0.619025068813449,0.2819427590493385
2024-11-05,32011.0,-19254.0,9267.0,8051.0,-0.6014807409952829,0.28949423635625254
2024-11-12,38531.0,-20359.0,10136.0,9969.0,-0.5283797461784018,0.26306091199294074
2024-11-19,41203.0,-20108.0,10446.0,9839.0,-0.48802271679246656,0.2535252287454797
2024-11-26,40510.0,-19205.0,10159.0,8591.0,-0.47408047395704767,0.25077758578128856
2024-12-03,37021.0,-21655.0,10116.0,9692.0,-0.5849382782744929,0.2732503173874288
2024-12-10,37588.0,-20986.0,10061.0,9951.0,-0.5583164839842503,0.26766521230179846
2024-12-17,42524.0,-23197.0,10598.0,11406.0,-0.5455037155488666,0.24922396764180227
2024-12-24,37125.0,-21102.0,9986.0,11223.0,-0.5684040404040404,0.268983164983165
2024-12-31,33893.0,-20064.0,9770.0,11166.0,-0.5919806449709379,0.28826011270763874
2025-01-07,35079.0,-21204.0,9539.0,11179.0,-0.604464209356025,0.2719290743749822
2025-01-14,35471.0,-21336.0,9819.0,10759.0,-0.6015054551605536,0.27681768205012547
2025-01-21,38556.0,-22869.0,10639.0,11627.0,-0.5931372549019608,0.27593630044610434
2025-01-28,34317.0,-22218.0,9537.0,11424.0,-0.6474342162776466,0.2779089081213393
2025-02-04,32892.0,-20998.0,9247.0,10915.0,-0.6383923142405448,0.2811321901982245
2025-02-11,32949.0,-20083.0,8808.0,10469.0,-0.60951773953686,0.2673222252572157
2025-02-18,33833.0,-19782.0,8343.0,10417.0,-0.5846954157183815,0.2465935624981527
2025-02-25,32060.0,-19199.0,8225.0,9752.0,-0.5988459139114161,0.25655021834061137
2025-03-04,28209.0,-18477.0,7891.0,8914.0,-0.655003722216314,0.2797334184125634
2025-03-11,28545.0,-18271.0,7334.0,8342.0,-0.6400770712909442,0.2569276580837275
2025-03-18,30213.0,-17968.0,6960.0,7479.0,-0.594710886042432,0.2303644126700427
2025-03-25,29036.0,-18812.0,7591.0,7816.0,-0.6478853836616614,0.2614340818294531
2025-04-01,27069.0,-17141.0,7392.0,6723.0,-0.6332335882374672,0.2730799069045772
2025-04-08,26909.0,-13945.0,6650.0,4873.0,-0.5182281021219667,0.24712921327436918
2025-04-15,27126.0,-14440.0,6741.0,5552.0,-0.532330605323306,0.24850696748506967
2025-04-22,28202.0,-16203.0,7201.0,6281.0,-0.5745337210126942,0.2553365009573789
2025-04-29,26966.0,-15898.0,7619.0,6284.0,-0.5895572202032189,0.28254097752725654
2025-05-06,27971.0,-16276.0,7382.0,6040.0,-0.5818883843981266,0.2639161989203103
2025-05-13,29070.0,-14139.0,8172.0,6474.0,-0.48637770897832816,0.28111455108359135
2025-05-20,32033.0,-14711.0,8504.0,7145.0,-0.45924515343551964,0.265476227640246
2025-05-27,31964.0,-15261.0,8734.0,7845.0,-0.47744337379552,0.2732449005130772
2025-06-03,29758.0,-14444.0,8142.0,7366.0,-0.48538208212917533,0.27360709725115934
2025-06-10,30261.0,-15136.0,8212.0,7217.0,-0.500181752090149,0.2713723935097981
2025-06-17,30860.0,-15018.0,8124.0,7333.0,-0.48664938431626703,0.26325340246273493
2025-06-24,31352.0,-15683.0,8231.0,7341.0,-0.500223271242664,0.26253508548099
2025-07-01,29388.0,-14641.0,7970.0,6433.0,-0.4981965428065877,0.2711991288961481
2025-07-08,29591.0,-14824.0,8439.0,6553.0,-0.5009631306816261,0.28518806393835966
2025-07-15,31309.0,-14347.0,8734.0,7251.0,-0.4582388450605257,0.2789613210259031
2025-07-22,30797.0,-14983.0,8673.0,8211.0,-0.4865084261454038,0.2816183394486476
2025-07-29,28068.0,-15808.0,8548.0,8598.0,-0.5632036482827419,0.30454610232293
2025-08-05,27561.0,-14098.0,7959.0,7401.0,-0.5115199013098218,0.28877762055077827
2025-08-12,27851.0,-15616.0,8438.0,8086.0,-0.5606980000718107,0.3029693727334746
2025-08-19,28971.0,-14826.0,7962.0,7595.0,-0.5117531324427876,0.27482655068861966
2025-08-26,27481.0,-15006.0,7956.0,7943.0,-0.5460499981805611,0.2895091153888141
2025-09-02,26684.0,-15322.0,8199.0,7448.0,-0.5742017688502473,0.3072627791935242
2025-09-09,26930.0,-14751.0,7846.0,7157.0,-0.5477534348310434,0.2913479391013739
2025-09-16,28844.0,-16369.0,8267.0,7650.0,-0.5675010400776591,0.28661073360144224
2025-09-23,27809.0,-14393.0,7885.0,6824.0,-0.5175662555287857,0.2835412995792729
2025-09-30,26874.0,-13873.0,8125.0,6277.0,-0.5162238594924462,0.30233683113790283
2025-10-07,29001.0,-14047.0,8600.0,6359.0,-0.48436260818592464,0.29654149856901485
2025-10-14,28503.0,-13431.0,8043.0,6327.0,-0.4712135564677402,0.28218082307125564
2025-10-21,28477.0,-14002.0,7842.0,6604.0,-0.491695052147347,0.2753801313340591
2025-10-28,28717.0,-17223.0,7945.0,7331.0,-0.5997492774314865,0.2766653898387715
2025-11-04,27093.0,-15168.0,6968.0,6557.0,-0.5598494075960581,0.25718820359502453
2025-11-10,27544.0,-15810.0,7426.0,6799.0,-0.5739907057798431,0.2696049956433343
2025-11-18,27116.0,-13564.0,6248.0,5305.0,-0.5002212715739784,0.23041746570290603
2025-11-25,26260.0,-13764.0,6500.0,4887.0,-0.5241431835491241,0.24752475247524752
2025-12-02,24329.0,-14126.0,6886.0,5170.0,-0.5806239467302396,0.2830367051666735
2025-12-09,24793.0,-14870.0,7352.0,5658.0,-0.5997660630016537,0.2965353123865607
2025-12-16,24502.0,-12543.0,6825.0,4580.0,-0.5119173944984083,0.2785486899028651
2025-12-23,21988.0,-11251.0,6248.0,4517.0,-0.5116881935601237,0.28415499363289065
2025-12-30,20166.0,-10911.0,6597.0,4500.0,-0.5410592085688783,0.3271347813150848
2026-01-06,22168.0,-11740.0,6925.0,4654.0,-0.5295922049801516,0.3123872248285817
2026-01-13,23843.0,-12718.0,7349.0,4785.0,-0.533406031120245,0.3082246361615569
2026-01-20,24541.0,-11558.0,7252.0,4390.0,-0.47096695326188825,0.29550548062426146
2026-01-27,24276.0,-12396.0,7278.0,4628.0,-0.5106277805239743,0.2998022738507168
2026-02-03,23044.0,-11425.0,6302.0,4078.0,-0.49579066134351674,0.2734768269397674
2026-02-10,24157.0,-9499.0,6504.0,3276.0,-0.3932193567082005,0.2692387299747485
2026-02-17,23335.0,-8876.0,5938.0,3251.0,-0.3803728305121063,0.25446753803299765
2026-02-24,22919.0,-8236.0,5718.0,3151.0,-0.35935250229067583,0.24948732492691653
2026-03-03,20302.0,-9195.0,6025.0,3643.0,-0.45291104324697073,0.2967687912520934
2026-03-10,21047.0,-9679.0,5891.0,3513.0,-0.45987551670071747,0.27989737254715635
2026-03-17,23807.0,-10860.0,5886.0,4045.0,-0.45616835384550763,0.2472382072499685
2026-03-24,23268.0,-8351.0,5068.0,3809.0,-0.3589049338146811,0.21780986762936222
2026-03-31,20631.0,-8052.0,4804.0,3866.0,-0.39028646212011053,0.23285347292908729
2026-04-07,22308.0,-8427.0,4573.0,3726.0,-0.3777568585260893,0.20499372422449347
2026-04-14,23761.0,-10239.0,5261.0,4194.0,-0.4309162072303354,0.22141324018349395
2026-04-21,24994.0,-10722.0,5358.0,4561.0,-0.42898295590941826,0.21437144914779546
2026-04-28,21692.0,-10360.0,5425.0,4561.0,-0.47759542688548773,0.25009219988936016
2026-05-05,23402.0,-11738.0,6187.0,4469.0,-0.5015810614477395,0.26437911289633365
2026-05-12,23535.0,-11070.0,5800.0,3881.0,-0.47036328871892924,0.24644147015083917
2026-05-19,23000.0,-8961.0,4821.0,4061.0,-0.38960869565217393,0.2096086956521739
2026-05-26,21625.0,-8634.0,4352.0,4082.0,-0.3992601156069364,0.2012485549132948
2026-06-02,19882.0,-6558.0,3103.0,3471.0,-0.3298460919424605,0.1560708178251685
2026-06-09,19776.0,-5995.0,2888.0,3689.0,-0.3031452265372168,0.14603559870550162
2026-06-16,21125.0,-6607.0,2507.0,4010.0,-0.31275739644970413,0.11867455621301776
2026-06-23,20554.0,-6130.0,2585.0,4031.0,-0.29823878563783207,0.1257662742045344
2026-06-30,18336.0,-5313.0,2000.0,4525.0,-0.28975785340314136,0.10907504363001745
2026-07-07,18832.0,-6717.0,2385.0,4779.0,-0.3566801189464741,0.12664613423959217
2026-07-14,19385.0,-7491.0,2815.0,4616.0,-0.3864328088728398,0.1452153727108589
2026-07-21,20527.0,-7949.0,2727.0,4623.0,-0.38724606615676915,0.13284941783991816
2026-07-28,20019.0,-6873.0,2299.0,4080.0,-0.3433238423497677,0.11484090114391328
2026-08-04,20143.0,-7240.0,2542.0,2969.0,-0.35943007496400736,0.1261976865412302
2026-08-11,21185.0,-7052.0,2234.0,3079.0,-0.3328770356384234,0.10545197073400991
2026-08-18,21760.0,-7439.0,2732.0,2971.0,-0.3418658088235294,0.1255514705882353
2026-08-25,22216.0,-8089.0,2945.0,3579.0,-0.36410694994598486,0.13256211739287
2026-09-01,19697.0,-7620.0,3698.0,2784.0,-0.38686094329085646,0.18774432654718992
2026-09-08,21083.0,-7892.0,3743.0,2943.0,-0.3743300289332638,0.1775364037376085
2026-09-15,20773.0,-6354.0,2760.0,3419.0,-0.30587782217301307,0.1328647763924325
2026-09-22,22315.0,-7953.0,3171.0,3647.0,-0.3563970423481963,0.1421017252968855
