,volume,low,open,high,close
2023-06-01,395393.0,67.51000213623047,67.5999984741211,71.06999969482422,70.0999984741211
2023-06-02,322596.0,70.0,70.20999908447266,72.16999816894531,71.73999786376953
2023-06-05,383943.0,71.7300033569336,75.02999877929688,75.05999755859375,72.1500015258789
2023-06-06,314962.0,70.12999725341797,71.98999786376953,72.33000183105469,71.73999786376953
2023-06-07,299127.0,71.01000213623047,71.55999755859375,73.19000244140625,72.52999877929688
2023-06-08,485396.0,69.02999877929688,72.47000122070312,73.27999877929688,71.29000091552734
2023-06-09,300724.0,70.0999984741211,70.94000244140625,71.7699966430664,70.16999816894531
2023-06-12,404769.0,66.80000305175781,70.2699966430664,70.33000183105469,67.12000274658203
2023-06-13,366354.0,67.1500015258789,67.30999755859375,69.83000183105469,69.41999816894531
2023-06-14,304449.0,68.06999969482422,69.3499984741211,70.48999786376953,68.2699966430664
2023-06-15,115613.0,67.97000122070312,68.69999694824219,70.95999908447266,70.62000274658203
2023-06-16,99185.0,69.94999694824219,70.55000305175781,71.88999938964844,71.77999877929688
2023-06-20,430492.0,69.6500015258789,71.44999694824219,72.08999633789062,70.5
2023-06-21,264656.0,70.80000305175781,70.9000015258789,72.72000122070312,72.52999877929688
2023-06-22,421348.0,68.93000030517578,72.43000030517578,72.6500015258789,69.51000213623047
2023-06-23,322475.0,67.3499984741211,69.52999877929688,69.6500015258789,69.16000366210938
2023-06-26,280116.0,68.70999908447266,69.83999633789062,70.11000061035156,69.37000274658203
2023-06-27,384752.0,67.5,69.48999786376953,70.1500015258789,67.69999694824219
2023-06-28,368295.0,67.05000305175781,68.01000213623047,69.7300033569336,69.55999755859375
2023-06-29,292865.0,68.93000030517578,69.25,70.5999984741211,69.86000061035156
2023-06-30,299873.0,69.52999877929688,69.81999969482422,71.04000091552734,70.63999938964844
2023-07-03,303479.0,69.69000244140625,70.44999694824219,71.7699966430664,69.79000091552734
2023-07-05,456809.0,69.9000015258789,70.1500015258789,72.16999816894531,71.79000091552734
2023-07-06,395381.0,70.22000122070312,71.80000305175781,72.33999633789062,71.80000305175781
2023-07-07,362632.0,71.19000244140625,71.88999938964844,73.91999816894531,73.86000061035156
2023-07-10,301014.0,72.66999816894531,73.86000061035156,74.1500015258789,72.98999786376953
2023-07-11,326883.0,72.9800033569336,73.19000244140625,74.95999908447266,74.83000183105469
2023-07-12,352887.0,74.66999816894531,74.83000183105469,76.1500015258789,75.75
2023-07-13,379728.0,75.31999969482422,75.8499984741211,77.33000183105469,76.88999938964844
2023-07-14,299576.0,75.11000061035156,77.16000366210938,77.30000305175781,75.41999816894531
2023-07-17,244785.0,73.83999633789062,75.0199966430664,76.08999633789062,74.1500015258789
2023-07-18,125092.0,73.87999725341797,74.18000030517578,75.95999908447266,75.75
2023-07-19,92920.0,75.06999969482422,75.83999633789062,76.97000122070312,75.3499984741211
2023-07-20,340962.0,74.72000122070312,75.3499984741211,76.1500015258789,75.62999725341797
2023-07-21,308106.0,75.69000244140625,75.69999694824219,77.29000091552734,77.06999969482422
2023-07-24,368285.0,76.44000244140625,77.01000213623047,79.27999877929688,78.73999786376953
2023-07-25,349600.0,78.29000091552734,78.8499984741211,79.9000015258789,79.62999725341797
2023-07-26,322031.0,78.55000305175781,79.33999633789062,79.7699966430664,78.77999877929688
2023-07-27,374358.0,78.87000274658203,78.9000015258789,80.5999984741211,80.08999633789062
2023-07-28,299547.0,79.06999969482422,79.83999633789062,80.70999908447266,80.58000183105469
2023-07-31,297270.0,80.12999725341797,80.6500015258789,82.0,81.80000305175781
2023-08-01,307859.0,80.58999633789062,81.7300033569336,82.22000122070312,81.37000274658203
2023-08-02,414825.0,79.05000305175781,82.05000305175781,82.43000030517578,79.48999786376953
2023-08-03,402641.0,78.69000244140625,79.7699966430664,81.86000061035156,81.55000305175781
2023-08-04,320873.0,81.51000213623047,81.7300033569336,83.23999786376953,82.81999969482422
2023-08-07,293036.0,81.5199966430664,82.81999969482422,83.30000305175781,81.94000244140625
2023-08-08,424545.0,79.9000015258789,82.52999877929688,83.08000183105469,82.91999816894531
2023-08-09,478140.0,82.66999816894531,82.87999725341797,84.6500015258789,84.4000015258789
2023-08-10,362188.0,82.58000183105469,84.25,84.88999938964844,82.81999969482422
2023-08-11,331254.0,82.2300033569336,82.83000183105469,83.80999755859375,83.19000244140625
2023-08-14,277352.0,81.76000213623047,83.08999633789062,83.19999694824219,82.51000213623047
2023-08-15,303207.0,80.4000015258789,82.5199966430664,82.91000366210938,80.98999786376953
2023-08-16,325403.0,79.05000305175781,81.2300033569336,81.43000030517578,79.37999725341797
2023-08-17,235581.0,78.94999694824219,79.25,81.08000183105469,80.38999938964844
2023-08-18,128090.0,79.58999633789062,80.04000091552734,81.61000061035156,81.25
2023-08-21,115874.0,80.61000061035156,81.43000030517578,82.47000122070312,80.72000122070312
2023-08-22,287489.0,80.0999984741211,80.80000305175781,80.98999786376953,80.3499984741211
2023-08-23,378146.0,77.62000274658203,79.63999938964844,79.91000366210938,78.88999938964844
2023-08-24,349230.0,77.58999633789062,78.56999969482422,79.27999877929688,79.05000305175781
2023-08-25,411409.0,78.13999938964844,78.87999725341797,80.44999694824219,79.83000183105469
2023-08-28,246584.0,79.61000061035156,80.1500015258789,80.87000274658203,80.0999984741211
2023-08-29,284168.0,79.33999633789062,79.9800033569336,81.41000366210938,81.16000366210938
2023-08-30,299418.0,80.87999725341797,81.29000091552734,82.05000305175781,81.62999725341797
2023-08-31,368848.0,81.4800033569336,81.69999694824219,83.69000244140625,83.62999725341797
2023-09-01,420461.0,83.45999908447266,83.62999725341797,86.05999755859375,85.55000305175781
2023-09-05,452908.0,85.0199966430664,86.05999755859375,88.06999969482422,86.69000244140625
2023-09-06,307115.0,85.93000030517578,86.72000122070312,88.08000183105469,87.54000091552734
2023-09-07,270736.0,86.38999938964844,87.54000091552734,87.73999786376953,86.87000274658203
2023-09-08,294437.0,86.1500015258789,86.77999877929688,87.94999694824219,87.51000213623047
2023-09-11,292388.0,86.70999908447266,87.4000015258789,88.1500015258789,87.29000091552734
2023-09-12,341137.0,87.22000122070312,87.2699966430664,89.37000274658203,88.83999633789062
2023-09-13,345972.0,88.29000091552734,88.75,89.63999938964844,88.5199966430664
2023-09-14,325270.0,88.68000030517578,88.80999755859375,90.79000091552734,90.16000366210938
2023-09-15,315003.0,89.22000122070312,90.66999816894531,91.2300033569336,90.7699966430664
2023-09-18,119258.0,90.75,91.19999694824219,92.43000030517578,91.4800033569336
2023-09-19,94597.0,91.06999969482422,92.22000122070312,93.73999786376953,91.19999694824219
2023-09-20,457854.0,89.87000274658203,91.55000305175781,91.9800033569336,90.27999877929688
2023-09-21,351032.0,88.37000274658203,89.30000305175781,90.9800033569336,89.62999725341797
2023-09-22,402087.0,89.30999755859375,89.62000274658203,91.33000183105469,90.02999877929688
2023-09-25,328369.0,89.02999877929688,90.55000305175781,90.83000183105469,89.68000030517578
2023-09-26,318016.0,88.19000244140625,89.87999725341797,90.73999786376953,90.38999938964844
2023-09-27,504630.0,90.4000015258789,90.52999877929688,94.16999816894531,93.68000030517578
2023-09-28,406709.0,91.38999938964844,93.77999877929688,95.02999877929688,91.70999908447266
2023-09-29,355782.0,90.3499984741211,91.76000213623047,93.0999984741211,90.79000091552734
2023-10-02,334493.0,88.45999908447266,90.81999969482422,91.87999725341797,88.81999969482422
2023-10-03,350659.0,87.76000213623047,88.66999816894531,90.2699966430664,89.2300033569336
2023-10-04,459995.0,84.16000366210938,89.41999816894531,89.58999633789062,84.22000122070312
2023-10-05,465997.0,82.1500015258789,84.44999694824219,84.91999816894531,82.30999755859375
2023-10-06,461139.0,81.5,82.27999877929688,83.27999877929688,82.79000091552734
2023-10-09,435037.0,84.66999816894531,85.25,87.23999786376953,86.37999725341797
2023-10-10,337654.0,85.12000274658203,86.43000030517578,86.73999786376953,85.97000122070312
2023-10-11,425395.0,83.11000061035156,85.95999908447266,86.51000213623047,83.48999786376953
2023-10-12,373492.0,82.30999755859375,83.19999694824219,85.19999694824219,82.91000366210938
2023-10-13,356863.0,83.3499984741211,83.51000213623047,87.83000183105469,87.69000244140625
2023-10-16,235780.0,86.31999969482422,87.72000122070312,88.33000183105469,86.66000366210938
2023-10-17,197124.0,85.5999984741211,87.05999755859375,87.75,86.66000366210938
2023-10-18,92797.0,87.19999694824219,87.80999755859375,89.87999725341797,88.31999969482422
2023-10-19,72058.0,86.5999984741211,88.23999786376953,90.68000030517578,89.37000274658203
2023-10-20,311917.0,88.33000183105469,90.27999877929688,90.77999877929688,88.75
2023-10-23,315517.0,85.3499984741211,88.0,88.29000091552734,85.48999786376953
2023-10-24,370591.0,82.94000244140625,86.1500015258789,86.30000305175781,83.73999786376953
2023-10-25,429459.0,82.08000183105469,83.69000244140625,85.55999755859375,85.38999938964844
2023-10-26,341792.0,82.55999755859375,85.37000274658203,85.58999633789062,83.20999908447266
2023-10-27,333760.0,83.0999984741211,83.52999877929688,85.9000015258789,85.54000091552734
2023-10-30,356928.0,81.81999969482422,85.0,85.30000305175781,82.30999755859375
2023-10-31,346007.0,80.73999786376953,82.58999633789062,83.37000274658203,81.0199966430664
2023-11-01,321592.0,80.30000305175781,81.4800033569336,83.41999816894531,80.44000244140625
2023-11-02,307122.0,80.22000122070312,80.81999969482422,82.83000183105469,82.45999908447266
2023-11-03,457281.0,80.0999984741211,82.58000183105469,83.5999984741211,80.51000213623047
2023-11-06,271131.0,80.66000366210938,81.12999725341797,82.23999786376953,80.81999969482422
2023-11-07,396289.0,77.08999633789062,80.93000030517578,81.05000305175781,77.37000274658203
2023-11-08,429647.0,74.91000366210938,77.12000274658203,77.52999877929688,75.33000183105469
2023-11-09,303430.0,75.20999908447266,75.6500015258789,77.16000366210938,75.73999786376953
2023-11-10,266998.0,75.30999755859375,75.58999633789062,77.7300033569336,77.16999816894531
2023-11-13,262903.0,76.20999908447266,77.1500015258789,78.63999938964844,78.26000213623047
2023-11-14,263002.0,77.79000091552734,78.52999877929688,79.7699966430664,78.26000213623047
2023-11-15,282301.0,76.30999755859375,78.16999816894531,78.7699966430664,76.66000366210938
2023-11-16,125165.0,72.16000366210938,76.5999984741211,76.62999725341797,72.9000015258789
2023-11-17,101484.0,72.75,72.97000122070312,75.98999786376953,75.88999938964844
2023-11-20,270638.0,75.6500015258789,75.6500015258789,78.22000122070312,77.5999984741211
2023-11-21,238629.0,76.91999816894531,77.6500015258789,77.91999816894531,77.7699966430664
2023-11-22,389325.0,73.79000091552734,77.7699966430664,77.97000122070312,77.0999984741211
2023-11-24,281147.0,75.06999969482422,76.79000091552734,77.08999633789062,75.54000091552734
2023-11-27,289562.0,74.05999755859375,75.30999755859375,76.2300033569336,74.86000061035156
2023-11-28,286618.0,74.63999938964844,75.06999969482422,77.0199966430664,76.41000366210938
2023-11-29,322170.0,75.66999816894531,76.55999755859375,78.08999633789062,77.86000061035156
2023-11-30,559169.0,75.05000305175781,77.75,79.5999984741211,75.95999908447266
2023-12-01,358976.0,73.93000030517578,75.58999633789062,76.76000213623047,74.06999969482422
2023-12-04,388832.0,72.62999725341797,74.58000183105469,75.02999877929688,73.04000091552734
2023-12-05,358703.0,72.0199966430664,73.30000305175781,74.12000274658203,72.31999969482422
2023-12-06,436803.0,69.11000061035156,72.0999984741211,72.5999984741211,69.37999725341797
2023-12-07,339000.0,68.80000305175781,69.27999877929688,70.4800033569336,69.33999633789062
2023-12-08,302250.0,69.5,69.76000213623047,71.62999725341797,71.2300033569336
2023-12-11,274414.0,70.3499984741211,71.1500015258789,71.80999755859375,71.31999969482422
2023-12-12,324530.0,68.22000122070312,71.43000030517578,71.95999908447266,68.61000061035156
2023-12-13,306996.0,67.70999908447266,68.7300033569336,69.88999938964844,69.47000122070312
2023-12-14,275688.0,69.54000091552734,69.8499984741211,72.45999908447266,71.58000183105469
2023-12-15,95513.0,70.30000305175781,71.61000061035156,72.22000122070312,71.43000030517578
2023-12-18,73941.0,70.63999938964844,71.68000030517578,74.26000213623047,72.47000122070312
2023-12-19,230042.0,71.8499984741211,72.4800033569336,74.01000213623047,73.44000244140625
2023-12-20,273364.0,73.5999984741211,74.05999755859375,75.37000274658203,74.22000122070312
2023-12-21,251982.0,72.44000244140625,73.80999755859375,74.58000183105469,73.88999938964844
2023-12-22,222600.0,73.38999938964844,73.91000366210938,74.9800033569336,73.55999755859375
2023-12-26,208715.0,73.12999725341797,73.55999755859375,76.18000030517578,75.56999969482422
2023-12-27,253323.0,73.7699966430664,75.31999969482422,75.66000366210938,74.11000061035156
2023-12-28,262748.0,71.72000122070312,73.80000305175781,74.4000015258789,71.7699966430664
2023-12-29,214486.0,71.25,71.98999786376953,72.62000274658203,71.6500015258789
2024-01-02,330992.0,70.05999755859375,71.70999908447266,73.63999938964844,70.37999725341797
2024-01-03,334861.0,69.27999877929688,70.5,73.2300033569336,72.69999694824219
2024-01-04,344467.0,71.05999755859375,73.04000091552734,74.0,72.19000244140625
2024-01-05,325525.0,72.20999908447266,72.4000015258789,74.23999786376953,73.80999755859375
2024-01-08,392249.0,70.12999725341797,73.51000213623047,73.94999694824219,70.7699966430664
2024-01-09,363445.0,70.47000122070312,70.91000366210938,72.93000030517578,72.23999786376953
2024-01-10,352772.0,71.01000213623047,72.16999816894531,73.58999633789062,71.37000274658203
2024-01-11,373645.0,71.16999816894531,71.33000183105469,73.80999755859375,72.0199966430664
2024-01-12,403636.0,72.36000061035156,73.01000213623047,75.25,72.68000030517578
2024-01-16,430437.0,71.2300033569336,72.62999725341797,73.55999755859375,72.4000015258789
2024-01-17,315679.0,70.5,72.0,72.94999694824219,72.55999755859375
2024-01-18,86646.0,72.18000030517578,72.77999877929688,74.37999725341797,74.08000183105469
2024-01-19,78234.0,73.19999694824219,74.08000183105469,74.91000366210938,73.41000366210938
2024-01-22,372284.0,72.88999938964844,73.41000366210938,75.75,75.19000244140625
2024-01-23,306060.0,73.41000366210938,74.68000030517578,75.25,74.37000274658203
2024-01-24,323726.0,73.94000244140625,74.56999969482422,75.83000183105469,75.08999633789062
2024-01-25,320177.0,75.16000366210938,75.30000305175781,77.51000213623047,77.36000061035156
2024-01-26,365456.0,76.05999755859375,77.1500015258789,78.26000213623047,78.01000213623047
2024-01-29,331925.0,76.41000366210938,78.9000015258789,79.29000091552734,76.77999877929688
2024-01-30,347242.0,75.8499984741211,77.0199966430664,78.13999938964844,77.81999969482422
2024-01-31,344493.0,75.5199966430664,77.83999633789062,78.11000061035156,75.8499984741211
2024-02-01,577936.0,73.69999694824219,75.95999908447266,76.94999694824219,73.81999969482422
2024-02-02,467768.0,71.79000091552734,73.91000366210938,74.5199966430664,72.27999877929688
2024-02-05,350843.0,71.41000366210938,72.75,73.27999877929688,72.77999877929688
2024-02-06,310955.0,72.37999725341797,72.76000213623047,73.81999969482422,73.30999755859375
2024-02-07,294955.0,73.2300033569336,73.5,74.22000122070312,73.86000061035156
2024-02-08,377906.0,73.55999755859375,74.08000183105469,76.58999633789062,76.22000122070312
2024-02-09,302612.0,75.93000030517578,76.41999816894531,77.29000091552734,76.83999633789062
2024-02-12,248476.0,75.54000091552734,76.5999984741211,77.08999633789062,76.91999816894531
2024-02-13,338174.0,76.87000274658203,77.02999877929688,78.47000122070312,77.87000274658203
2024-02-14,296131.0,76.37999725341797,77.80999755859375,78.7699966430664,76.63999938964844
2024-02-15,122432.0,75.77999877929688,76.5999984741211,78.44000244140625,78.02999877929688
2024-02-16,113713.0,77.22000122070312,78.11000061035156,79.3499984741211,79.19000244140625
2024-02-20,435235.0,77.66999816894531,78.9800033569336,79.80000305175781,78.18000030517578
2024-02-21,323243.0,76.31999969482422,77.1500015258789,78.08000183105469,77.91000366210938
2024-02-22,330511.0,77.2300033569336,78.08999633789062,78.91999816894531,78.61000061035156
2024-02-23,353437.0,76.3499984741211,78.37000274658203,78.38999938964844,76.48999786376953
2024-02-26,274710.0,75.83999633789062,76.4000015258789,78.02999877929688,77.58000183105469
2024-02-27,269236.0,77.16999816894531,77.62000274658203,79.0,78.87000274658203
2024-02-28,330043.0,77.77999877929688,78.4800033569336,79.62000274658203,78.54000091552734
2024-02-29,317939.0,77.94000244140625,78.19999694824219,79.27999877929688,78.26000213623047
2024-03-01,363417.0,78.05000305175781,78.27999877929688,80.8499984741211,79.97000122070312
2024-03-04,347214.0,78.55999755859375,80.13999938964844,80.41000366210938,78.73999786376953
2024-03-05,436521.0,77.5199966430664,78.73999786376953,79.48999786376953,78.1500015258789
2024-03-06,371049.0,77.98999786376953,78.1500015258789,80.66999816894531,79.12999725341797
2024-03-07,432923.0,78.0199966430664,79.12999725341797,79.52999877929688,78.93000030517578
2024-03-08,347533.0,77.55999755859375,79.51000213623047,79.98999786376953,78.01000213623047
2024-03-11,329873.0,76.79000091552734,77.80000305175781,78.47000122070312,77.93000030517578
2024-03-12,309922.0,77.33999633789062,78.08999633789062,78.7300033569336,77.55999755859375
2024-03-13,316390.0,77.56999969482422,78.05999755859375,79.9000015258789,79.72000122070312
2024-03-14,297450.0,79.56999969482422,79.62999725341797,81.62000274658203,81.26000213623047
2024-03-15,185078.0,80.48999786376953,81.13999938964844,81.44999694824219,81.04000091552734
2024-03-18,84718.0,81.01000213623047,81.02999877929688,83.08999633789062,82.72000122070312
2024-03-19,76814.0,82.38999938964844,82.8499984741211,83.8499984741211,83.47000122070312
2024-03-20,351161.0,81.44000244140625,83.19999694824219,83.20999908447266,81.68000030517578
2024-03-21,266860.0,80.30000305175781,81.48999786376953,81.91999816894531,81.06999969482422
2024-03-22,231101.0,80.41999816894531,80.83999633789062,81.44999694824219,80.62999725341797
2024-03-25,300360.0,80.58999633789062,80.8499984741211,82.4800033569336,81.94999694824219
2024-03-26,235845.0,81.22000122070312,81.94000244140625,82.36000061035156,81.62000274658203
2024-03-27,249964.0,80.55000305175781,81.29000091552734,81.73999786376953,81.3499984741211
2024-03-28,293774.0,81.5199966430664,81.70999908447266,83.20999908447266,83.16999816894531
2024-04-01,321059.0,82.5999984741211,83.13999938964844,84.48999786376953,83.70999908447266
2024-04-02,344040.0,83.8499984741211,84.04000091552734,85.5,85.1500015258789
2024-04-03,322549.0,84.8499984741211,85.45999908447266,86.19999694824219,85.43000030517578
2024-04-04,359534.0,84.63999938964844,85.66000366210938,87.22000122070312,86.58999633789062
2024-04-05,353206.0,86.31999969482422,86.86000061035156,87.62999725341797,86.91000366210938
2024-04-08,393734.0,84.69000244140625,86.0999984741211,87.0999984741211,86.43000030517578
2024-04-09,314994.0,85.08999633789062,86.58999633789062,86.9800033569336,85.2300033569336
2024-04-10,373939.0,84.55000305175781,85.33999633789062,86.37999725341797,86.20999908447266
2024-04-11,388128.0,84.83999633789062,86.31999969482422,86.62999725341797,85.0199966430664
2024-04-12,369958.0,85.23999786376953,85.5999984741211,87.66999816894531,85.66000366210938
2024-04-15,343894.0,84.05000305175781,85.93000030517578,86.11000061035156,85.41000366210938
2024-04-16,241343.0,84.75,85.69999694824219,86.18000030517578,85.36000061035156
2024-04-17,259540.0,82.55000305175781,85.36000061035156,85.51000213623047,82.69000244140625
2024-04-18,84468.0,81.55999755859375,82.79000091552734,83.47000122070312,82.7300033569336
2024-04-19,76901.0,81.80000305175781,82.62000274658203,86.27999877929688,83.13999938964844
2024-04-22,313914.0,81.8499984741211,83.05000305175781,83.3499984741211,82.8499984741211
2024-04-23,355814.0,80.87999725341797,82.12999725341797,83.43000030517578,83.36000061035156
2024-04-24,329077.0,82.44000244140625,83.4000015258789,83.70999908447266,82.80999755859375
2024-04-25,314116.0,81.98999786376953,82.83000183105469,83.83000183105469,83.56999969482422
2024-04-26,244090.0,83.3499984741211,83.80999755859375,84.45999908447266,83.8499984741211
2024-04-29,336984.0,82.4000015258789,83.69000244140625,83.91000366210938,82.62999725341797
2024-04-30,400680.0,80.94999694824219,82.76000213623047,83.30000305175781,81.93000030517578
2024-05-01,441978.0,78.83000183105469,81.4800033569336,81.56999969482422,79.0
2024-05-02,359652.0,78.41000366210938,79.1500015258789,79.9000015258789,78.94999694824219
2024-05-03,324438.0,77.95999908447266,79.06999969482422,79.62999725341797,78.11000061035156
2024-05-06,297369.0,77.91000366210938,78.16000366210938,79.08999633789062,78.4800033569336
2024-05-07,327593.0,77.55000305175781,78.72000122070312,79.16999816894531,78.37999725341797
2024-05-08,355449.0,76.88999938964844,78.33999633789062,79.2699966430664,78.98999786376953
2024-05-09,272712.0,78.91000366210938,79.2300033569336,79.80000305175781,79.26000213623047
2024-05-10,281169.0,78.13999938964844,79.58999633789062,79.95999908447266,78.26000213623047
2024-05-13,287701.0,77.77999877929688,78.18000030517578,79.48999786376953,79.12000274658203
2024-05-14,307410.0,77.68000030517578,79.2300033569336,79.37999725341797,78.0199966430664
2024-05-15,321267.0,76.69999694824219,78.44000244140625,78.91999816894531,78.62999725341797
2024-05-16,230277.0,78.19999694824219,78.83999633789062,79.8499984741211,79.2300033569336
2024-05-17,94152.0,79.0,79.37999725341797,80.13999938964844,80.05999755859375
2024-05-20,85072.0,79.16999816894531,80.01000213623047,80.5999984741211,79.80000305175781
2024-05-21,371672.0,78.08000183105469,79.69999694824219,79.72000122070312,79.26000213623047
2024-05-22,314145.0,77.25,78.20999908447266,78.41000366210938,77.56999969482422
2024-05-23,330273.0,76.43000030517578,77.29000091552734,78.66000366210938,76.87000274658203
2024-05-24,299075.0,76.1500015258789,77.04000091552734,78.05000305175781,77.72000122070312
2024-05-28,334074.0,77.69000244140625,77.80999755859375,80.29000091552734,79.83000183105469
2024-05-29,259594.0,78.98999786376953,80.26000213623047,80.62000274658203,79.2300033569336
2024-05-30,373779.0,77.62999725341797,79.27999877929688,79.41999816894531,77.91000366210938
2024-05-31,345120.0,76.66999816894531,77.91000366210938,78.62000274658203,76.98999786376953
2024-06-03,443271.0,73.9800033569336,76.97000122070312,77.5199966430664,74.22000122070312
2024-06-04,408721.0,72.4800033569336,74.0199966430664,74.12999725341797,73.25
2024-06-05,307701.0,72.81999969482422,72.9000015258789,74.33000183105469,74.06999969482422
2024-06-06,291082.0,74.05999755859375,74.30000305175781,75.79000091552734,75.55000305175781
2024-06-07,280253.0,75.20999908447266,75.66999816894531,76.25,75.52999877929688
2024-06-10,317031.0,75.2300033569336,75.3499984741211,78.29000091552734,77.73999786376953
2024-06-11,314874.0,77.22000122070312,78.12000274658203,78.36000061035156,77.9000015258789
2024-06-12,322285.0,77.87999725341797,78.22000122070312,79.31999969482422,78.5
2024-06-13,307638.0,77.66999816894531,78.37000274658203,78.88999938964844,78.62000274658203
2024-06-14,245827.0,77.7300033569336,77.95999908447266,79.1500015258789,78.44999694824219
2024-06-17,126733.0,77.9800033569336,78.4800033569336,80.66000366210938,80.33000183105469
2024-06-18,140709.0,79.7699966430664,80.43000030517578,81.66999816894531,81.56999969482422
2024-06-20,420499.0,81.12999725341797,81.5199966430664,82.41000366210938,82.16999816894531
2024-06-21,290500.0,80.3499984741211,81.2699966430664,81.79000091552734,80.7300033569336
2024-06-24,271745.0,80.2300033569336,80.44999694824219,81.77999877929688,81.62999725341797
2024-06-25,286038.0,80.55000305175781,81.69999694824219,81.9000015258789,80.83000183105469
2024-06-26,308410.0,80.18000030517578,80.72000122070312,81.62999725341797,80.9000015258789
2024-06-27,306342.0,80.51000213623047,80.86000061035156,82.04000091552734,81.73999786376953
2024-06-28,260252.0,80.97000122070312,81.86000061035156,82.72000122070312,81.54000091552734
2024-07-01,345780.0,81.37999725341797,81.44999694824219,83.63999938964844,83.37999725341797
2024-07-02,367787.0,82.72000122070312,83.43000030517578,84.37999725341797,82.80999755859375
2024-07-03,289685.0,82.45999908447266,83.19999694824219,83.93000030517578,83.87999725341797
2024-07-05,361357.0,83.0199966430664,83.5999984741211,84.5199966430664,83.16000366210938
2024-07-08,251774.0,82.08000183105469,83.1500015258789,83.31999969482422,82.33000183105469
2024-07-09,297325.0,81.25,82.22000122070312,82.4800033569336,81.41000366210938
2024-07-10,334380.0,80.80999755859375,81.80999755859375,82.66000366210938,82.0999984741211
2024-07-11,324170.0,81.62999725341797,82.4000015258789,83.12999725341797,82.62000274658203
2024-07-12,370062.0,82.0999984741211,82.86000061035156,83.73999786376953,82.20999908447266
2024-07-15,296520.0,81.47000122070312,82.16000366210938,82.58000183105469,81.91000366210938
2024-07-16,308186.0,80.22000122070312,81.91999816894531,81.93000030517578,80.76000213623047
2024-07-17,257437.0,80.44999694824219,80.8499984741211,83.0999984741211,82.8499984741211
2024-07-18,95704.0,82.04000091552734,83.11000061035156,83.81999969482422,82.81999969482422
2024-07-19,83795.0,80.06999969482422,82.47000122070312,82.87999725341797,80.12999725341797
2024-07-22,345235.0,79.16999816894531,80.38999938964844,80.69000244140625,79.77999877929688
2024-07-23,417941.0,76.4000015258789,78.2699966430664,78.7300033569336,76.95999908447266
2024-07-24,355971.0,76.9800033569336,77.44999694824219,78.19000244140625,77.58999633789062
2024-07-25,457288.0,76.04000091552734,77.5,78.47000122070312,78.27999877929688
2024-07-26,365121.0,76.19000244140625,78.3499984741211,78.5999984741211,77.16000366210938
2024-07-29,362635.0,75.3499984741211,77.30000305175781,77.69000244140625,75.80999755859375
2024-07-30,419478.0,74.58999633789062,75.91000366210938,75.97000122070312,74.7300033569336
2024-07-31,460315.0,75.18000030517578,75.23999786376953,78.66000366210938,77.91000366210938
2024-08-01,383014.0,76.23999786376953,78.58999633789062,78.87999725341797,76.30999755859375
2024-08-02,467786.0,72.97000122070312,76.87000274658203,77.29000091552734,73.5199966430664
2024-08-05,500151.0,71.66999816894531,74.20999908447266,74.45999908447266,72.94000244140625
2024-08-06,352250.0,72.19999694824219,73.86000061035156,74.55999755859375,73.19999694824219
2024-08-07,427995.0,72.58000183105469,72.83999633789062,75.83999633789062,75.2300033569336
2024-08-08,327301.0,74.5999984741211,75.47000122070312,76.5199966430664,76.19000244140625
2024-08-09,263007.0,75.8499984741211,76.0199966430664,77.08999633789062,76.83999633789062
2024-08-12,376747.0,76.69999694824219,76.98999786376953,80.16000366210938,80.05999755859375
2024-08-13,370763.0,78.16000366210938,79.73999786376953,80.1500015258789,78.3499984741211
2024-08-14,357636.0,76.83000183105469,78.7300033569336,79.0999984741211,76.9800033569336
2024-08-15,195122.0,76.93000030517578,77.5199966430664,78.5999984741211,78.16000366210938
2024-08-16,100810.0,75.54000091552734,78.16000366210938,78.16000366210938,76.6500015258789
2024-08-19,118172.0,74.16999816894531,76.58000183105469,76.87000274658203,74.37000274658203
2024-08-20,329276.0,73.5,74.33999633789062,75.02999877929688,74.04000091552734
2024-08-21,390527.0,71.45999908447266,73.12000274658203,74.16000366210938,71.93000030517578
2024-08-22,334117.0,71.58000183105469,71.93000030517578,73.5199966430664,73.01000213623047
2024-08-23,313764.0,72.83000183105469,72.95999908447266,75.06999969482422,74.83000183105469
2024-08-26,409675.0,75.04000091552734,75.0999984741211,77.5999984741211,77.41999816894531
2024-08-27,331162.0,75.4000015258789,77.19999694824219,77.4800033569336,75.52999877929688
2024-08-28,337361.0,73.81999969482422,75.75,75.94999694824219,74.5199966430664
2024-08-29,408147.0,74.05000305175781,74.41999816894531,76.91000366210938,75.91000366210938
2024-08-30,427273.0,73.36000061035156,75.87000274658203,76.58999633789062,73.55000305175781
2024-09-03,546617.0,70.0999984741211,73.52999877929688,74.41000366210938,70.33999633789062
2024-09-04,482025.0,68.81999969482422,70.27999877929688,71.45999908447266,69.19999694824219
2024-09-05,405596.0,68.75,69.2699966430664,70.81999969482422,69.1500015258789
2024-09-06,351074.0,67.16999816894531,69.33000183105469,70.12999725341797,67.66999816894531
2024-09-09,351074.0,67.30999755859375,68.12999725341797,68.95999908447266,68.70999908447266
2024-09-10,442855.0,65.2699966430664,68.77999877929688,69.08000183105469,65.75
2024-09-11,393311.0,65.62999725341797,66.27999877929688,67.97000122070312,67.30999755859375
2024-09-12,351976.0,67.23999786376953,67.38999938964844,69.80999755859375,68.97000122070312
2024-09-13,308983.0,68.47000122070312,69.30999755859375,70.31999969482422,68.6500015258789
2024-09-16,295176.0,68.6500015258789,69.16000366210938,70.69999694824219,70.08999633789062
2024-09-17,251629.0,69.61000061035156,70.5,71.91999816894531,71.19000244140625
2024-09-18,102907.0,69.7300033569336,71.13999938964844,71.4800033569336,70.91000366210938
2024-09-19,86630.0,70.12999725341797,70.12999725341797,72.48999786376953,71.94999694824219
2024-09-20,306997.0,71.36000061035156,72.0999984741211,72.4000015258789,71.91999816894531
2024-09-23,338267.0,69.48999786376953,71.30999755859375,71.80999755859375,70.37000274658203
2024-09-24,318516.0,70.44000244140625,70.76000213623047,72.4000015258789,71.55999755859375
2024-09-25,476237.0,69.2300033569336,71.54000091552734,71.72000122070312,69.69000244140625
2024-09-26,478069.0,66.94999694824219,69.88999938964844,70.01000213623047,67.66999816894531
2024-09-27,341133.0,67.05999755859375,67.44999694824219,68.6500015258789,68.18000030517578
2024-09-30,350115.0,67.56999969482422,68.62999725341797,69.31999969482422,68.16999816894531
2024-10-01,668216.0,66.33000183105469,68.41000366210938,71.94000244140625,69.83000183105469
2024-10-02,429225.0,69.87000274658203,70.80000305175781,72.48999786376953,70.0999984741211
2024-10-03,460554.0,70.5199966430664,70.9800033569336,74.08999633789062,73.70999908447266
2024-10-04,428815.0,73.45999908447266,73.94999694824219,75.56999969482422,74.37999725341797
2024-10-07,419018.0,73.62000274658203,74.4000015258789,77.4000015258789,77.13999938964844
2024-10-08,496760.0,72.69000244140625,77.33000183105469,78.45999908447266,73.56999969482422
2024-10-09,401159.0,71.52999877929688,73.83999633789062,74.44999694824219,73.23999786376953
2024-10-10,321453.0,73.26000213623047,73.38999938964844,76.23999786376953,75.8499984741211
2024-10-11,315302.0,74.52999877929688,75.73999786376953,76.04000091552734,75.55999755859375
2024-10-14,273455.0,71.80999755859375,75.05000305175781,75.08000183105469,73.83000183105469
2024-10-15,328738.0,69.70999908447266,71.51000213623047,72.12000274658203,70.58000183105469
2024-10-16,222437.0,69.63999938964844,70.98999786376953,71.30999755859375,70.38999938964844
2024-10-17,188161.0,69.44000244140625,70.68000030517578,71.11000061035156,70.66999816894531
2024-10-18,95768.0,68.69000244140625,70.75,71.2300033569336,69.22000122070312
2024-10-21,92584.0,69.0,69.45999908447266,71.02999877929688,70.55999755859375
2024-10-22,330456.0,70.05000305175781,70.48999786376953,72.66000366210938,72.08999633789062
2024-10-23,293835.0,70.12999725341797,71.3499984741211,71.72000122070312,70.7699966430664
2024-10-24,286571.0,69.7699966430664,71.0199966430664,72.33999633789062,70.19000244140625
2024-10-25,287189.0,69.95999908447266,70.33000183105469,71.91999816894531,71.77999877929688
2024-10-28,419623.0,66.91999816894531,68.9800033569336,69.0,67.37999725341797
2024-10-29,291929.0,66.72000122070312,68.0199966430664,68.5199966430664,67.20999908447266
2024-10-30,284795.0,67.27999877929688,67.47000122070312,69.16999816894531,68.61000061035156
2024-10-31,311055.0,68.30000305175781,69.0999984741211,70.80999755859375,69.26000213623047
2024-11-01,320572.0,69.31999969482422,70.44000244140625,71.44999694824219,69.48999786376953
2024-11-04,286947.0,70.25,70.29000091552734,71.80999755859375,71.47000122070312
2024-11-05,247311.0,71.29000091552734,71.62000274658203,72.66999816894531,71.98999786376953
2024-11-06,388265.0,69.73999786376953,72.0199966430664,72.62999725341797,71.69000244140625
2024-11-07,353595.0,70.66000366210938,71.87000274658203,72.87999725341797,72.36000061035156
2024-11-08,362038.0,69.98999786376953,72.20999908447266,72.25,70.37999725341797
2024-11-11,364506.0,67.91999816894531,70.25,70.55999755859375,68.04000091552734
2024-11-12,286926.0,67.75,68.1500015258789,69.12999725341797,68.12000274658203
2024-11-13,386027.0,66.94000244140625,67.9800033569336,68.86000061035156,68.43000030517578
2024-11-14,232270.0,67.91999816894531,68.12999725341797,69.38999938964844,68.69999694824219
2024-11-15,205235.0,66.81999969482422,68.62000274658203,68.69000244140625,67.0199966430664
2024-11-18,110375.0,66.61000061035156,66.86000061035156,69.38999938964844,69.16000366210938
2024-11-19,89360.0,68.44999694824219,69.01000213623047,69.69000244140625,69.38999938964844
2024-11-20,235637.0,68.75,69.55000305175781,70.1500015258789,68.87000274658203
2024-11-21,283850.0,68.86000061035156,69.04000091552734,70.37999725341797,70.0999984741211
2024-11-22,408207.0,69.29000091552734,70.18000030517578,71.51000213623047,71.23999786376953
2024-11-25,380922.0,68.73999786376953,71.44000244140625,71.4800033569336,68.94000244140625
2024-11-26,292138.0,68.05000305175781,69.08000183105469,70.30000305175781,68.7699966430664
2024-11-27,227215.0,68.18000030517578,68.91000366210938,69.37000274658203,68.72000122070312
2024-11-29,291408.0,67.87000274658203,68.7699966430664,69.69000244140625,68.0
2024-12-02,264883.0,67.70999908447266,68.0,69.11000061035156,68.0999984741211
2024-12-03,303752.0,67.91000366210938,68.16000366210938,70.2300033569336,69.94000244140625
2024-12-04,325636.0,68.48999786376953,70.0199966430664,70.51000213623047,68.54000091552734
2024-12-05,286701.0,67.9800033569336,68.73999786376953,69.16000366210938,68.30000305175781
2024-12-06,341593.0,66.9800033569336,68.44000244140625,68.48999786376953,67.19999694824219
2024-12-09,297085.0,67.08000183105469,67.1500015258789,68.87999725341797,68.37000274658203
2024-12-10,286003.0,67.72000122070312,68.19000244140625,69.05999755859375,68.58999633789062
2024-12-11,335892.0,68.44000244140625,68.5,70.52999877929688,70.29000091552734
2024-12-12,326046.0,69.13999938964844,70.43000030517578,70.72000122070312,70.0199966430664
2024-12-13,230429.0,69.87000274658203,70.05999755859375,71.41999816894531,71.29000091552734
2024-12-16,204296.0,70.37000274658203,71.44000244140625,71.44000244140625,70.70999908447266
2024-12-17,99604.0,69.18000030517578,70.61000061035156,70.91999816894531,70.08000183105469
2024-12-18,99386.0,69.98999786376953,70.22000122070312,71.37999725341797,70.58000183105469
2024-12-19,291660.0,69.69999694824219,70.13999938964844,71.26000213623047,69.91000366210938
2024-12-20,231592.0,68.41999816894531,69.2300033569336,69.8499984741211,69.45999908447266
2024-12-23,188843.0,68.58999633789062,69.4000015258789,69.94000244140625,69.23999786376953
2024-12-24,122602.0,69.36000061035156,69.55999755859375,70.43000030517578,70.0999984741211
2024-12-26,144877.0,69.33000183105469,70.19999694824219,70.75,69.62000274658203
2024-12-27,172641.0,69.44000244140625,69.68000030517578,70.75,70.5999984741211
2024-12-30,199296.0,70.12000274658203,70.41999816894531,71.55999755859375,70.98999786376953
2024-12-31,151155.0,70.87000274658203,71.1500015258789,72.0199966430664,71.72000122070312
2025-01-02,306498.0,71.79000091552734,71.8499984741211,73.7300033569336,73.12999725341797
2025-01-03,296040.0,72.69999694824219,73.12999725341797,74.3499984741211,73.95999908447266
2025-01-06,306042.0,73.19999694824219,74.05000305175781,74.98999786376953,73.55999755859375
2025-01-07,277328.0,73.11000061035156,73.44000244140625,74.52999877929688,74.25
2025-01-08,328617.0,73.16000366210938,74.5199966430664,75.29000091552734,73.31999969482422
2025-01-09,213421.0,72.83999633789062,73.31999969482422,74.31999969482422,73.91999816894531
2025-01-10,478432.0,74.0199966430664,74.29000091552734,77.86000061035156,76.56999969482422
2025-01-13,460942.0,76.54000091552734,76.54000091552734,79.2699966430664,78.81999969482422
2025-01-14,326729.0,77.41000366210938,78.81999969482422,79.08999633789062,77.5
2025-01-15,321422.0,77.23999786376953,78.02999877929688,80.7699966430664,80.04000091552734
2025-01-16,159948.0,77.87000274658203,80.4000015258789,80.58999633789062,78.68000030517578
2025-01-17,112409.0,77.76000213623047,78.75,79.44000244140625,77.87999725341797
2025-01-21,568807.0,75.48999786376953,78.19000244140625,78.47000122070312,75.88999938964844
2025-01-22,315333.0,75.27999877929688,75.87999725341797,76.44999694824219,75.44000244140625
2025-01-23,350688.0,74.13999938964844,75.38999938964844,76.0,74.62000274658203
2025-01-24,319679.0,74.01000213623047,74.30000305175781,75.20999908447266,74.66000366210938
2025-01-27,334418.0,72.37999725341797,74.54000091552734,75.1500015258789,73.16999816894531
2025-01-28,326075.0,72.93000030517578,73.1500015258789,74.30999755859375,73.7699966430664
2025-01-29,312733.0,72.33000183105469,73.94999694824219,74.08000183105469,72.62000274658203
2025-01-30,336475.0,72.0199966430664,73.0,73.83999633789062,72.7300033569336
2025-01-31,376335.0,71.94000244140625,73.19999694824219,73.83999633789062,72.52999877929688
2025-02-03,517853.0,72.05000305175781,74.13999938964844,75.18000030517578,73.16000366210938
2025-02-04,452961.0,70.66999816894531,72.3499984741211,73.3499984741211,72.69999694824219
2025-02-05,289902.0,70.95999908447266,72.76000213623047,72.97000122070312,71.02999877929688
2025-02-06,299037.0,70.43000030517578,71.18000030517578,71.8499984741211,70.61000061035156
2025-02-07,273766.0,70.47000122070312,70.55999755859375,71.41000366210938,71.0
2025-02-10,255941.0,70.83999633789062,71.0,72.54000091552734,72.31999969482422
2025-02-11,266819.0,72.30999755859375,72.48999786376953,73.68000030517578,73.31999969482422
2025-02-12,318123.0,71.16999816894531,73.19999694824219,73.22000122070312,71.37000274658203
2025-02-13,278197.0,70.22000122070312,71.23999786376953,71.5999984741211,71.29000091552734
2025-02-14,207719.0,70.5199966430664,71.5199966430664,72.0199966430664,70.73999786376953
2025-02-18,130937.0,70.12000274658203,70.69999694824219,72.06999969482422,71.8499984741211
2025-02-19,69012.0,71.70999908447266,71.77999877929688,73.04000091552734,72.25
2025-02-20,240060.0,71.8499984741211,72.18000030517578,73.25,72.56999969482422
2025-02-21,268470.0,70.16999816894531,72.58000183105469,72.7699966430664,70.4000015258789
2025-02-24,205468.0,69.80000305175781,69.80000305175781,70.94000244140625,70.69999694824219
2025-02-25,267310.0,68.68000030517578,70.91999816894531,71.26000213623047,68.93000030517578
2025-02-26,255601.0,68.36000061035156,69.11000061035156,69.27999877929688,68.62000274658203
2025-02-27,265933.0,68.61000061035156,68.81999969482422,70.54000091552734,70.3499984741211
2025-02-28,250074.0,69.13999938964844,70.16999816894531,70.29000091552734,69.76000213623047
2025-03-03,332751.0,67.88999938964844,69.94999694824219,70.5999984741211,68.37000274658203
2025-03-04,386750.0,66.7699966430664,68.45999908447266,68.55999755859375,68.26000213623047
2025-03-05,382493.0,65.22000122070312,68.08000183105469,68.0999984741211,66.30999755859375
2025-03-06,341632.0,65.58999633789062,66.38999938964844,67.08999633789062,66.36000061035156
2025-03-07,329710.0,66.12000274658203,66.33999633789062,68.22000122070312,67.04000091552734
2025-03-10,249633.0,65.80000305175781,67.11000061035156,67.5999984741211,66.02999877929688
2025-03-11,222511.0,65.29000091552734,65.94999694824219,67.16999816894531,66.25
2025-03-12,246675.0,66.1500015258789,66.62000274658203,67.87999725341797,67.68000030517578
2025-03-13,268590.0,66.37000274658203,67.69000244140625,67.94000244140625,66.55000305175781
2025-03-14,180495.0,66.58999633789062,66.77999877929688,67.4800033569336,67.18000030517578
2025-03-17,161298.0,67.25,67.3499984741211,68.37000274658203,67.58000183105469
2025-03-18,110338.0,66.55999755859375,67.4000015258789,68.72000122070312,66.9000015258789
2025-03-19,73077.0,66.20999908447266,66.72000122070312,67.62999725341797,67.16000366210938
2025-03-20,283376.0,66.87999725341797,67.29000091552734,68.47000122070312,68.26000213623047
2025-03-21,198964.0,67.6500015258789,68.3499984741211,68.6500015258789,68.27999877929688
2025-03-24,247024.0,67.94999694824219,68.3499984741211,69.33000183105469,69.11000061035156
2025-03-25,258411.0,68.5199966430664,69.16000366210938,69.68000030517578,69.0
2025-03-26,262413.0,69.05999755859375,69.16000366210938,70.22000122070312,69.6500015258789
2025-03-27,211825.0,69.12000274658203,69.95999908447266,69.97000122070312,69.91999816894531
2025-03-28,246650.0,68.87000274658203,69.91000366210938,70.08999633789062,69.36000061035156
2025-03-31,313087.0,68.80999755859375,69.43000030517578,71.83000183105469,71.4800033569336
2025-04-01,272832.0,71.02999877929688,71.38999938964844,72.0999984741211,71.19999694824219
2025-04-02,286501.0,70.58999633789062,71.19999694824219,72.27999877929688,71.70999908447266
2025-04-03,459238.0,65.9800033569336,70.37999725341797,70.41000366210938,66.94999694824219
2025-04-04,559638.0,60.45000076293945,66.63999938964844,66.9000015258789,61.9900016784668
2025-04-07,597617.0,58.95000076293945,61.119998931884766,63.900001525878906,60.70000076293945
2025-04-08,557655.0,57.880001068115234,61.029998779296875,61.75,59.58000183105469
2025-04-09,592250.0,55.119998931884766,58.31999969482422,62.93000030517578,62.349998474121094
2025-04-10,391826.0,58.7599983215332,62.709999084472656,63.34000015258789,60.06999969482422
2025-04-11,306231.0,59.43000030517578,60.20000076293945,61.869998931884766,61.5
2025-04-14,238068.0,60.59000015258789,61.70000076293945,62.68000030517578,61.529998779296875
2025-04-15,197404.0,60.880001068115234,61.58000183105469,62.060001373291016,61.33000183105469
2025-04-16,213194.0,60.439998626708984,61.540000915527344,62.97999954223633,62.470001220703125
2025-04-17,111479.0,62.61000061035156,62.630001068115234,64.86000061035156,64.68000030517578
2025-04-21,82671.0,62.45000076293945,64.30000305175781,64.41999816894531,63.08000183105469
2025-04-22,297928.0,63.43000030517578,63.43000030517578,65.08999633789062,64.30999755859375
2025-04-23,397841.0,61.529998779296875,64.0,64.87000274658203,62.27000045776367
2025-04-24,264908.0,61.9900016784668,62.34000015258789,63.310001373291016,62.790000915527344
2025-04-25,283758.0,61.79999923706055,62.86000061035156,63.40999984741211,63.02000045776367
2025-04-28,276116.0,61.47999954223633,63.4900016784668,63.91999816894531,62.04999923706055
2025-04-29,312373.0,60.119998931884766,61.869998931884766,62.06999969482422,60.41999816894531
2025-04-30,419549.0,57.90999984741211,60.15999984741211,60.43000030517578,58.209999084472656
2025-05-01,364216.0,56.38999938964844,58.15999984741211,59.5,59.2400016784668
2025-05-02,322096.0,57.7400016784668,58.9900016784668,59.869998931884766,58.290000915527344
2025-05-05,308387.0,55.29999923706055,56.7599983215332,57.70000076293945,57.130001068115234
2025-05-06,343893.0,57.029998779296875,57.25,59.84000015258789,59.09000015258789
2025-05-07,295238.0,57.810001373291016,58.97999954223633,60.2599983215332,58.06999969482422
2025-05-08,281000.0,57.7400016784668,57.93000030517578,60.290000915527344,59.90999984741211
2025-05-09,239640.0,59.88999938964844,60.25,61.45000076293945,61.02000045776367
2025-05-12,325865.0,61.02000045776367,61.38999938964844,63.61000061035156,61.95000076293945
2025-05-13,258795.0,61.650001525878906,62.0,63.900001525878906,63.66999816894531
2025-05-14,225626.0,62.75,63.619998931884766,63.68000030517578,63.150001525878906
2025-05-15,258404.0,60.470001220703125,62.880001068115234,62.90999984741211,61.619998931884766
2025-05-16,121556.0,61.25,61.70000076293945,62.709999084472656,62.4900016784668
2025-05-19,95570.0,61.56999969482422,62.75,63.400001525878906,62.689998626708984
2025-05-20,250414.0,62.189998626708984,62.68000030517578,63.16999816894531,62.560001373291016
2025-05-21,302702.0,61.279998779296875,62.27000045776367,64.19000244140625,61.56999969482422
2025-05-22,258549.0,60.25,61.33000183105469,61.75,61.20000076293945
2025-05-23,273392.0,60.02000045776367,60.810001373291016,61.880001068115234,61.529998779296875
2025-05-27,291317.0,60.2599983215332,61.70000076293945,62.13999938964844,60.88999938964844
2025-05-28,260374.0,60.849998474121094,61.040000915527344,62.540000915527344,61.84000015258789
2025-05-29,299859.0,60.54999923706055,61.83000183105469,63.06999969482422,60.939998626708984
2025-05-30,384927.0,59.7400016784668,60.939998626708984,61.720001220703125,60.790000915527344
2025-06-02,403580.0,61.060001373291016,61.11000061035156,63.880001068115234,62.52000045776367
2025-06-03,291260.0,62.400001525878906,63.02000045776367,63.88999938964844,63.40999984741211
2025-06-04,321128.0,62.16999816894531,63.36000061035156,63.959999084472656,62.849998474121094
2025-06-05,232423.0,62.5,62.7599983215332,63.97999954223633,63.369998931884766
2025-06-06,310133.0,62.81999969482422,63.33000183105469,64.80000305175781,64.58000183105469
2025-06-09,235900.0,64.19999694824219,64.80000305175781,65.43000030517578,65.29000091552734
2025-06-10,279021.0,64.56999969482422,65.45999908447266,66.27999877929688,64.9800033569336
2025-06-11,378473.0,64.5999984741211,64.76000213623047,68.37000274658203,68.1500015258789
2025-06-12,379394.0,66.72000122070312,69.02999877929688,69.29000091552734,68.04000091552734
2025-06-13,715652.0,68.48999786376953,68.9000015258789,77.62000274658203,72.9800033569336
2025-06-16,367312.0,69.37999725341797,76.54000091552734,77.48999786376953,71.7699966430664
2025-06-17,154264.0,71.0,71.11000061035156,75.54000091552734,74.83999633789062
2025-06-18,0.0,72.94000244140625,75.61000061035156,76.06999969482422,75.13999938964844
2025-06-20,678377.0,74.30000305175781,74.5999984741211,77.58000183105469,74.93000030517578
2025-06-23,728868.0,66.5999984741211,78.0,78.4000015258789,68.51000213623047
2025-06-24,541475.0,64.0,67.73999786376953,67.83000183105469,64.37000274658203
2025-06-25,278504.0,64.51000213623047,65.12000274658203,66.02999877929688,64.91999816894531
2025-06-26,233771.0,64.66000366210938,64.9800033569336,66.41999816894531,65.23999786376953
2025-06-27,236284.0,64.80000305175781,65.30000305175781,66.08999633789062,65.5199966430664
2025-06-30,193289.0,64.5,65.1500015258789,65.81999969482422,65.11000061035156
2025-07-01,193162.0,64.66999816894531,64.95999908447266,65.9800033569336,65.44999694824219
2025-07-02,265200.0,65.2300033569336,65.55999755859375,67.58000183105469,67.44999694824219
2025-07-03,0.0,66.52999877929688,67.5,67.58000183105469,67.0
2025-07-04,0.0,66.04000091552734,67.12999725341797,67.18000030517578,66.5
2025-07-07,332949.0,65.4000015258789,65.69999694824219,68.31999969482422,67.93000030517578
2025-07-08,219882.0,67.33000183105469,67.95999908447266,68.91000366210938,68.33000183105469
2025-07-09,223945.0,67.69999694824219,68.18000030517578,68.94000244140625,68.37999725341797
2025-07-10,258654.0,66.44999694824219,68.29000091552734,68.6500015258789,66.56999969482422
2025-07-11,226297.0,66.5,66.8499984741211,68.7699966430664,68.44999694824219
2025-07-14,263877.0,66.80000305175781,68.68000030517578,69.6500015258789,66.9800033569336
2025-07-15,252724.0,66.22000122070312,66.86000061035156,67.12999725341797,66.5199966430664
2025-07-16,248346.0,65.41999816894531,66.7300033569336,67.01000213623047,66.37999725341797
2025-07-17,188802.0,66.29000091552734,66.5999984741211,67.69000244140625,67.54000091552734
2025-07-18,107628.0,67.19999694824219,67.5999984741211,68.95999908447266,67.33999633789062
2025-07-21,81194.0,66.45999908447266,67.31999969482422,67.76000213623047,67.19999694824219
2025-07-22,269991.0,65.98999786376953,67.12000274658203,67.12999725341797,66.20999908447266
2025-07-23,251825.0,64.70999908447266,65.48999786376953,65.77999877929688,65.25
2025-07-24,281209.0,65.33000183105469,65.41999816894531,66.38999938964844,66.02999877929688
2025-07-25,234283.0,65.0,66.1500015258789,66.73999786376953,65.16000366210938
2025-07-28,262038.0,65.05000305175781,65.1500015258789,67.13999938964844,66.70999908447266
2025-07-29,329112.0,66.52999877929688,67.04000091552734,69.76000213623047,69.20999908447266
2025-07-30,345336.0,68.44999694824219,69.33999633789062,70.51000213623047,70.0
2025-07-31,247031.0,68.55999755859375,70.30000305175781,70.41000366210938,69.26000213623047
2025-08-01,355819.0,67.05000305175781,69.3499984741211,69.58000183105469,67.33000183105469
2025-08-04,277375.0,65.45999908447266,66.8499984741211,67.73999786376953,66.29000091552734
2025-08-05,279030.0,65.02999877929688,66.20999908447266,66.38999938964844,65.16000366210938
2025-08-06,353827.0,63.63999938964844,65.1500015258789,66.75,64.3499984741211
2025-08-07,300518.0,63.70000076293945,64.36000061035156,65.11000061035156,63.880001068115234
2025-08-08,322939.0,62.77000045776367,63.849998474121094,64.58000183105469,63.880001068115234
2025-08-11,234807.0,63.02000045776367,63.47999954223633,64.44000244140625,63.959999084472656
2025-08-12,304441.0,63.060001373291016,64.0,64.33999633789062,63.16999816894531
2025-08-13,298939.0,61.939998626708984,63.06999969482422,63.380001068115234,62.650001525878906
2025-08-14,251652.0,62.58000183105469,62.790000915527344,64.0999984741211,63.959999084472656
2025-08-15,197390.0,62.68000030517578,63.90999984741211,64.1500015258789,62.79999923706055
2025-08-18,95113.0,62.18000030517578,63.0,63.790000915527344,63.41999816894531
2025-08-19,99484.0,62.25,63.27000045776367,63.38999938964844,62.349998474121094
2025-08-20,280663.0,62.38999938964844,62.599998474121094,63.54999923706055,63.209999084472656
2025-08-21,250166.0,62.52000045776367,62.849998474121094,63.66999816894531,63.52000045776367
2025-08-22,223169.0,63.310001373291016,63.5,63.93000030517578,63.65999984741211
2025-08-25,185270.0,63.529998779296875,63.880001068115234,65.0999984741211,64.80000305175781
2025-08-26,199101.0,63.130001068115234,64.75,64.76000213623047,63.25
2025-08-27,193476.0,62.95000076293945,63.310001373291016,64.2300033569336,64.1500015258789
2025-08-28,208931.0,63.349998474121094,63.869998931884766,64.69999694824219,64.5999984741211
2025-08-29,0.0,63.880001068115234,64.26000213623047,64.55000305175781,64.01000213623047
2025-09-02,320218.0,63.65999984741211,63.95000076293945,66.02999877929688,65.58999633789062
2025-09-03,298737.0,63.720001220703125,65.62000274658203,65.72000122070312,63.970001220703125
2025-09-04,251689.0,62.720001220703125,63.81999969482422,63.84000015258789,63.47999954223633
2025-09-05,294540.0,61.45000076293945,63.33000183105469,63.4900016784668,61.869998931884766
2025-09-08,237288.0,61.849998474121094,62.0,63.34000015258789,62.2599983215332
2025-09-09,268529.0,62.369998931884766,62.43000030517578,63.66999816894531,62.630001068115234
2025-09-10,260684.0,62.720001220703125,62.7400016784668,64.08000183105469,63.66999816894531
2025-09-11,222661.0,62.209999084472656,63.79999923706055,63.79999923706055,62.369998931884766
2025-09-12,313265.0,61.689998626708984,62.27000045776367,63.97999954223633,62.689998626708984
2025-09-15,205560.0,62.52000045776367,62.970001220703125,63.66999816894531,63.29999923706055
2025-09-16,234250.0,62.88999938964844,63.310001373291016,64.76000213623047,64.5199966430664
2025-09-17,165427.0,63.689998626708984,64.58999633789062,64.66999816894531,64.05000305175781
2025-09-18,82321.0,63.33000183105469,63.9900016784668,64.55000305175781,63.56999969482422
2025-09-19,87165.0,62.599998474121094,63.59000015258789,63.650001525878906,62.68000030517578
2025-09-22,223779.0,61.97999954223633,62.7400016784668,63.18000030517578,62.63999938964844
2025-09-23,265948.0,61.849998474121094,62.33000183105469,63.88999938964844,63.40999984741211
2025-09-24,282721.0,63.25,63.63999938964844,65.05000305175781,64.98999786376953
2025-09-25,258353.0,64.05999755859375,64.80000305175781,65.33999633789062,64.9800033569336
2025-09-26,284990.0,64.66000366210938,65.19999694824219,66.41999816894531,65.72000122070312
2025-09-29,294292.0,62.97999954223633,65.06999969482422,65.4000015258789,63.45000076293945
2025-09-30,271649.0,62.029998779296875,63.13999938964844,63.2599983215332,62.369998931884766
2025-10-01,274339.0,61.400001525878906,62.459999084472656,62.88999938964844,61.779998779296875
2025-10-02,290507.0,60.400001525878906,61.779998779296875,62.540000915527344,60.47999954223633
2025-10-03,240044.0,60.54999923706055,60.70000076293945,61.380001068115234,60.880001068115234
2025-10-06,224682.0,61.040000915527344,61.13999938964844,62.119998931884766,61.689998626708984
2025-10-07,245121.0,60.720001220703125,61.72999954223633,62.11000061035156,61.72999954223633
2025-10-08,273318.0,62.04999923706055,62.04999923706055,62.91999816894531,62.54999923706055
2025-10-09,259171.0,61.25,62.310001373291016,62.869998931884766,61.5099983215332
2025-10-10,339103.0,58.220001220703125,61.4900016784668,61.66999816894531,58.900001525878906
2025-10-13,339103.0,59.0,59.0,60.16999816894531,59.4900016784668
2025-10-14,259200.0,57.68000030517578,59.58000183105469,59.81999969482422,58.70000076293945
2025-10-15,224919.0,58.20000076293945,58.599998474121094,59.41999816894531,58.27000045776367
2025-10-16,203866.0,57.2599983215332,58.77000045776367,59.11000061035156,57.459999084472656
2025-10-17,108748.0,56.599998474121094,57.5,57.720001220703125,57.540000915527344
2025-10-20,108146.0,56.349998474121094,57.72999954223633,57.810001373291016,57.52000045776367
2025-10-21,314207.0,56.9900016784668,57.369998931884766,58.279998779296875,57.81999969482422
2025-10-22,378637.0,57.34000015258789,57.59000015258789,59.83000183105469,58.5
2025-10-23,735186.0,59.63999938964844,59.939998626708984,62.20000076293945,61.790000915527344
2025-10-24,373744.0,61.209999084472656,61.790000915527344,62.59000015258789,61.5
2025-10-27,272191.0,60.66999816894531,61.81999969482422,62.16999816894531,61.310001373291016
2025-10-28,307568.0,59.7599983215332,61.5,61.5,60.150001525878906
2025-10-29,276875.0,59.70000076293945,60.18000030517578,61.02000045776367,60.47999954223633
2025-10-30,247917.0,59.63999938964844,60.38999938964844,60.790000915527344,60.56999969482422
2025-10-31,278598.0,59.9900016784668,60.29999923706055,61.380001068115234,60.97999954223633
2025-11-03,0.0,60.5099983215332,61.400001525878906,61.5,61.04999923706055
2025-11-04,219300.0,59.939998626708984,61.029998779296875,61.029998779296875,60.560001373291016
2025-11-05,292518.0,59.52000045776367,60.43000030517578,61.09000015258789,59.599998474121094
2025-11-06,277768.0,58.83000183105469,59.68000030517578,60.5099983215332,59.43000030517578
2025-11-07,259446.0,59.31999969482422,59.650001525878906,60.459999084472656,59.75
2025-11-10,222879.0,59.40999984741211,59.869998931884766,60.47999954223633,60.130001068115234
2025-11-11,264427.0,59.65999984741211,60.06999969482422,61.279998779296875,61.040000915527344
2025-11-12,329517.0,58.29999923706055,61.04999923706055,61.060001373291016,58.4900016784668
2025-11-13,247349.0,58.119998931884766,58.470001220703125,59.209999084472656,58.689998626708984
2025-11-14,334116.0,58.709999084472656,58.709999084472656,60.650001525878906,60.09000015258789
2025-11-17,189638.0,59.31999969482422,59.79999923706055,60.439998626708984,59.90999984741211
2025-11-18,105325.0,59.310001373291016,59.7400016784668,60.93000030517578,60.7400016784668
2025-11-19,79622.0,58.77000045776367,60.619998931884766,60.790000915527344,59.439998626708984
2025-11-20,324282.0,58.86000061035156,59.630001068115234,60.33000183105469,59.13999938964844
2025-11-21,345014.0,57.380001068115234,58.79999923706055,58.79999923706055,58.060001373291016
2025-11-24,238138.0,57.41999816894531,58.04999923706055,59.060001373291016,58.84000015258789
2025-11-25,334442.0,57.099998474121094,58.88999938964844,58.959999084472656,57.95000076293945
2025-11-26,228285.0,57.65999984741211,58.04999923706055,58.720001220703125,58.650001525878906
2025-11-28,153758.0,58.27000045776367,58.58000183105469,59.63999938964844,58.54999923706055
2025-12-01,232770.0,58.83000183105469,58.959999084472656,59.970001220703125,59.31999969482422
2025-12-02,255513.0,58.279998779296875,59.52000045776367,59.66999816894531,58.63999938964844
2025-12-03,260974.0,58.369998931884766,58.650001525878906,59.63999938964844,58.95000076293945
2025-12-04,264993.0,58.810001373291016,59.09000015258789,60.02000045776367,59.66999816894531
2025-12-05,255075.0,59.41999816894531,59.70000076293945,60.5,60.08000183105469
2025-12-08,263009.0,58.68000030517578,60.150001525878906,60.29999923706055,58.880001068115234
2025-12-09,260206.0,58.119998931884766,58.869998931884766,59.16999816894531,58.25
2025-12-10,256508.0,57.65999984741211,58.369998931884766,59.04999923706055,58.459999084472656
2025-12-11,286808.0,57.0099983215332,58.90999984741211,58.939998626708984,57.599998474121094
2025-12-12,212806.0,57.150001525878906,57.88999938964844,58.189998626708984,57.439998626708984
2025-12-15,229310.0,56.400001525878906,57.5,57.79999923706055,56.81999969482422
2025-12-16,230933.0,54.97999954223633,56.68000030517578,56.70000076293945,55.27000045776367
2025-12-17,125608.0,55.20000076293945,55.22999954223633,56.97999954223633,55.939998626708984
2025-12-18,85735.0,55.880001068115234,56.900001525878906,57.029998779296875,56.150001525878906
2025-12-19,209264.0,55.81999969482422,56.029998779296875,56.900001525878906,56.65999984741211
2025-12-22,221576.0,56.599998474121094,56.630001068115234,58.130001068115234,58.0099983215332
2025-12-23,183633.0,57.7400016784668,57.95000076293945,58.560001373291016,58.380001068115234
2025-12-24,111762.0,58.130001068115234,58.470001220703125,58.75,58.349998474121094
2025-12-26,166669.0,56.650001525878906,58.349998474121094,58.880001068115234,56.7400016784668
2025-12-29,178590.0,56.90999984741211,57.040000915527344,58.29999923706055,58.08000183105469
2025-12-30,143802.0,57.599998474121094,57.810001373291016,58.470001220703125,57.95000076293945
2025-12-31,157160.0,57.20000076293945,57.95000076293945,58.54999923706055,57.41999816894531
2026-01-02,189503.0,56.599998474121094,57.40999984741211,57.93000030517578,57.31999969482422
2026-01-05,301483.0,56.310001373291016,57.470001220703125,58.5099983215332,58.31999969482422
2026-01-06,292067.0,56.84000015258789,58.34000015258789,58.869998931884766,57.130001068115234
2026-01-07,383128.0,55.7599983215332,57.0,57.16999816894531,55.9900016784668
2026-01-08,334134.0,55.970001220703125,56.41999816894531,58.7400016784668,57.7599983215332
2026-01-09,360309.0,57.61000061035156,58.400001525878906,59.77000045776367,59.119998931884766
2026-01-12,309700.0,58.45000076293945,59.0,59.90999984741211,59.5
2026-01-13,411190.0,59.470001220703125,59.95000076293945,61.5,61.150001525878906
2026-01-14,410261.0,59.189998626708984,61.119998931884766,62.36000061035156,62.02000045776367
2026-01-15,113642.0,58.880001068115234,61.060001373291016,61.13999938964844,59.189998626708984
2026-01-16,113794.0,58.939998626708984,59.2599983215332,60.18000030517578,59.439998626708984
2026-01-20,499595.0,58.70000076293945,59.0099983215332,60.68000030517578,60.34000015258789
2026-01-21,333062.0,59.220001220703125,59.56999969482422,60.88999938964844,60.619998931884766
2026-01-22,324349.0,58.959999084472656,60.68000030517578,60.81999969482422,59.36000061035156
2026-01-23,283419.0,59.52000045776367,59.65999984741211,61.36000061035156,61.06999969482422
2026-01-26,281062.0,60.31999969482422,61.220001220703125,61.709999084472656,60.630001068115234
2026-01-27,360208.0,60.13999938964844,60.779998779296875,62.630001068115234,62.38999938964844
2026-01-28,354864.0,62.06999969482422,62.58000183105469,63.56999969482422,63.209999084472656
2026-01-29,560007.0,63.279998779296875,63.5,66.4800033569336,65.41999816894531
2026-01-30,449325.0,63.63999938964844,65.5199966430664,66.11000061035156,65.20999908447266
2026-02-02,414083.0,61.38999938964844,64.72000122070312,64.73999786376953,62.13999938964844
2026-02-03,381144.0,61.119998931884766,62.279998779296875,64.20999908447266,63.209999084472656
2026-02-04,446588.0,62.86000061035156,63.79999923706055,65.52999877929688,65.13999938964844
2026-02-05,389763.0,62.650001525878906,64.48999786376953,64.66999816894531,63.290000915527344
2026-02-06,448924.0,62.20000076293945,63.099998474121094,64.58000183105469,63.54999923706055
2026-02-09,298005.0,62.619998931884766,62.9900016784668,64.87999725341797,64.36000061035156
2026-02-10,276292.0,63.650001525878906,64.44000244140625,64.70999908447266,63.959999084472656
2026-02-11,340194.0,64.1500015258789,64.19999694824219,65.83000183105469,64.62999725341797
2026-02-12,369303.0,62.38999938964844,64.87000274658203,65.0999984741211,62.84000015258789
2026-02-13,255793.0,62.13999938964844,62.9900016784668,63.2599983215332,62.88999938964844
2026-02-17,328727.0,61.869998931884766,63.29999923706055,64.13999938964844,62.33000183105469
2026-02-18,115379.0,62.119998931884766,62.29999923706055,65.55999755859375,65.19000244140625
2026-02-19,113408.0,64.87999725341797,65.0999984741211,66.9000015258789,66.43000030517578
2026-02-20,351351.0,65.94000244140625,66.66999816894531,67.05000305175781,66.38999938964844
2026-02-23,270365.0,65.37999725341797,65.88999938964844,67.27999877929688,66.30999755859375
2026-02-24,312124.0,65.55000305175781,66.30999755859375,67.1500015258789,65.62999725341797
2026-02-25,306780.0,65.12000274658203,66.06999969482422,66.5999984741211,65.41999816894531
2026-02-26,498542.0,63.599998474121094,65.6500015258789,66.70999908447266,65.20999908447266
2026-02-27,437053.0,64.8499984741211,65.3499984741211,67.83000183105469,67.0199966430664
2026-03-02,881329.0,69.19999694824219,75.0,75.33000183105469,71.2300033569336
2026-03-03,1009753.0,70.41000366210938,71.2300033569336,77.9800033569336,74.55999755859375
2026-03-04,617822.0,73.27999877929688,74.73999786376953,77.2300033569336,74.66000366210938
2026-03-05,707030.0,74.97000122070312,76.1500015258789,82.16000366210938,81.01000213623047
2026-03-06,996251.0,78.23999786376953,79.08000183105469,92.61000061035156,90.9000015258789
2026-03-09,1107193.0,81.19000244140625,98.0,119.4800033569336,94.7699966430664
2026-03-10,801564.0,76.7300033569336,85.75,91.4800033569336,83.44999694824219
2026-03-11,538020.0,81.79000091552734,86.88999938964844,88.98999786376953,87.25
2026-03-12,548999.0,88.61000061035156,89.31999969482422,97.19000244140625,95.7300033569336
2026-03-13,436700.0,92.04000091552734,96.73999786376953,99.31999969482422,98.70999908447266
2026-03-16,455454.0,92.93000030517578,100.93000030517578,102.44000244140625,93.5
2026-03-17,308425.0,93.83000183105469,94.41000366210938,98.41999816894531,96.20999908447266
2026-03-18,157222.0,91.95999908447266,96.0,100.55000305175781,96.31999969482422
2026-03-19,118719.0,92.80000305175781,99.12999725341797,101.4800033569336,96.13999938964844
2026-03-20,461845.0,93.41999816894531,95.0,99.66999816894531,98.31999969482422
2026-03-23,666790.0,84.37000274658203,100.51000213623047,101.66999816894531,88.12999725341797
2026-03-24,420067.0,86.33999633789062,88.77999877929688,93.36000061035156,92.3499984741211
2026-03-25,405170.0,86.45999908447266,88.48999786376953,91.7300033569336,90.31999969482422
2026-03-26,350768.0,89.51000213623047,91.37999725341797,95.44000244140625,94.4800033569336
2026-03-27,374920.0,92.08000183105469,93.30999755859375,101.23999786376953,99.63999938964844
2026-03-30,374075.0,99.43000030517578,102.5999984741211,105.36000061035156,102.87999725341797
2026-03-31,495395.0,99.62000274658203,105.06999969482422,106.86000061035156,101.37999725341797
2026-04-01,434561.0,96.5,101.72000122070312,103.30999755859375,100.12000274658203
2026-04-02,0.0,97.5,98.91999816894531,113.97000122070312,111.54000091552734
2026-04-06,271742.0,108.88999938964844,112.95999908447266,115.4800033569336,112.41000366210938
2026-04-07,429331.0,109.19999694824219,112.62000274658203,117.62999725341797,112.94999694824219
2026-04-08,599576.0,91.05000305175781,108.73999786376953,109.19000244140625,94.41000366210938
2026-04-09,427201.0,95.25,96.77999877929688,102.69999694824219,97.87000274658203
2026-04-10,314855.0,95.51000213623047,98.2300033569336,100.41999816894531,96.56999969482422
2026-04-13,344337.0,97.02999877929688,102.0,105.62999725341797,99.08000183105469
2026-04-14,315821.0,91.05999755859375,97.98999786376953,98.0,91.27999877929688
2026-04-15,240397.0,86.95999908447266,92.0199966430664,93.30000305175781,91.29000091552734
2026-04-16,194354.0,90.5199966430664,91.47000122070312,95.44000244140625,94.69000244140625
2026-04-17,116624.0,80.55999755859375,93.18000030517578,94.04000091552734,83.8499984741211
2026-04-20,115578.0,87.0199966430664,89.0,91.19999694824219,89.61000061035156
2026-04-21,383596.0,87.76000213623047,87.88999938964844,94.44999694824219,92.12999725341797
2026-04-22,299675.0,87.63999938964844,90.0,93.7300033569336,92.95999908447266
2026-04-23,365210.0,92.30000305175781,92.9000015258789,98.38999938964844,95.8499984741211
2026-04-24,330280.0,92.68000030517578,96.62000274658203,97.8499984741211,94.4000015258789
2026-04-27,219055.0,94.58999633789062,95.5999984741211,97.66999816894531,96.37000274658203
2026-04-28,281078.0,96.23999786376953,96.66999816894531,101.8499984741211,99.93000030517578
2026-04-29,318841.0,98.41999816894531,99.70999908447266,108.5999984741211,106.87999725341797
2026-04-30,341994.0,103.33999633789062,109.06999969482422,110.93000030517578,105.06999969482422
2026-05-01,268707.0,99.30000305175781,105.13999938964844,106.6500015258789,101.94000244140625
2026-05-04,342843.0,99.11000061035156,99.7300033569336,107.45999908447266,106.41999816894531
2026-05-05,241150.0,101.08000183105469,104.93000030517578,105.4800033569336,102.2699966430664
2026-05-06,423491.0,88.66000366210938,102.69999694824219,102.69999694824219,95.08000183105469
2026-05-07,392091.0,89.8499984741211,96.30000305175781,97.98999786376953,94.80999755859375
2026-05-08,243423.0,93.81999969482422,98.25,98.63999938964844,95.41999816894531
2026-05-11,256251.0,96.12999725341797,98.19000244140625,100.37000274658203,98.06999969482422
2026-05-12,231747.0,98.0,98.38999938964844,102.72000122070312,102.18000030517578
2026-05-13,212582.0,100.55999755859375,102.16000366210938,103.66999816894531,101.0199966430664
2026-05-14,173862.0,99.38999938964844,101.0199966430664,102.3499984741211,101.16999816894531
2026-05-15,96552.0,101.4800033569336,102.05999755859375,106.0,105.41999816894531
2026-05-18,117910.0,102.6500015258789,106.0,109.47000122070312,108.66000366210938
2026-05-19,206472.0,106.76000213623047,107.11000061035156,109.23999786376953,107.7699966430664
2026-05-20,320034.0,96.94000244140625,104.12000274658203,104.44999694824219,98.26000213623047
2026-05-21,345482.0,95.76000213623047,98.94999694824219,102.66000366210938,96.3499984741211
2026-05-22,261142.0,94.7300033569336,98.0,99.43000030517578,96.5999984741211
2026-05-26,358867.0,89.41000366210938,93.87999725341797,94.69999694824219,93.88999938964844
2026-05-27,290948.0,87.7699966430664,93.38999938964844,93.69000244140625,88.68000030517578
2026-05-28,235145.0,87.11000061035156,89.11000061035156,92.5199966430664,88.9000015258789
2026-05-29,267803.0,86.3499984741211,88.55000305175781,89.0199966430664,87.36000061035156
2026-06-01,322039.0,88.44999694824219,88.5,94.77999877929688,92.16000366210938
2026-06-02,238146.0,90.12000274658203,92.44999694824219,94.0,93.76000213623047
2026-06-03,260613.0,93.44999694824219,93.44999694824219,97.0,96.0199966430664
2026-06-04,219500.0,91.91000366210938,95.75,95.91000366210938,93.04000091552734
2026-06-05,252903.0,89.68000030517578,92.81999969482422,93.62999725341797,90.54000091552734
2026-06-08,278650.0,90.38999938964844,93.0,95.47000122070312,91.30000305175781
2026-06-09,306101.0,85.94999694824219,91.27999877929688,91.55000305175781,88.19999694824219
2026-06-10,291935.0,87.38999938964844,89.4000015258789,91.87000274658203,90.02999877929688
2026-06-11,317151.0,85.73999786376953,92.25,93.63999938964844,87.70999908447266
2026-06-12,233924.0,83.19999694824219,86.63999938964844,87.2300033569336,84.87999725341797
2026-06-15,208395.0,79.69999694824219,81.4000015258789,82.41999816894531,80.75
2026-06-16,205050.0,75.5199966430664,81.0999984741211,81.58000183105469,76.05000305175781
2026-06-17,100474.0,74.58999633789062,76.58999633789062,80.02999877929688,76.79000091552734
2026-06-18,97813.0,73.58000183105469,75.52999877929688,76.98999786376953,76.5999984741211
2026-06-22,315903.0,74.44999694824219,78.93000030517578,78.95999908447266,74.81999969482422
2026-06-23,203509.0,72.4800033569336,74.13999938964844,74.44999694824219,73.20999908447266
2026-06-24,251403.0,69.62999725341797,73.12999725341797,73.18000030517578,70.33999633789062
2026-06-25,228065.0,68.9000015258789,69.94999694824219,72.5,71.91999816894531
2026-06-26,249316.0,68.55999755859375,71.44000244140625,71.86000061035156,69.2300033569336
2026-06-29,170488.0,69.31999969482422,70.5,71.1500015258789,70.75
2026-06-30,194279.0,69.22000122070312,70.43000030517578,71.5999984741211,69.5
2026-07-01,200004.0,67.91999816894531,69.9800033569336,70.19000244140625,68.58000183105469
2026-07-02,183635.0,67.04000091552734,68.02999877929688,68.80000305175781,68.69000244140625
2026-07-06,229909.0,67.81999969482422,68.68000030517578,69.20999908447266,68.55000305175781
2026-07-07,264072.0,68.58000183105469,68.58000183105469,72.51000213623047,70.44000244140625
2026-07-08,445251.0,71.75,72.37999725341797,76.08000183105469,73.5199966430664
2026-07-09,264009.0,71.41999816894531,74.94999694824219,75.12999725341797,72.08000183105469
2026-07-10,219817.0,70.7699966430664,71.86000061035156,73.16000366210938,71.41000366210938
2026-07-13,327411.0,72.61000061035156,73.69000244140625,78.58000183105469,78.13999938964844
2026-07-14,409973.0,77.83999633789062,78.04000091552734,81.2699966430664,79.33999633789062
2026-07-15,239855.0,78.19000244140625,79.73999786376953,80.93000030517578,79.5999984741211
2026-07-16,188731.0,78.58000183105469,80.0,80.87000274658203,78.94999694824219
2026-07-17,96003.0,78.61000061035156,79.56999969482422,82.76000213623047,82.48999786376953
2026-07-20,99783.0,80.2699966430664,83.76000213623047,85.38999938964844,83.2300033569336
2026-07-21,298109.0,82.25,83.4800033569336,85.80000305175781,84.91000366210938
2026-07-22,358021.0,84.44000244140625,84.69000244140625,88.61000061035156,86.83000183105469
2026-07-23,401934.0,87.31999969482422,87.72000122070312,93.5,92.19000244140625
2026-07-24,365438.0,87.68000030517578,92.55000305175781,92.83000183105469,89.30999755859375
2026-07-27,352813.0,81.62999725341797,86.12000274658203,86.19999694824219,82.61000061035156
2026-07-28,368026.0,77.77999877929688,82.0,82.43000030517578,79.26000213623047
2026-07-29,327417.0,79.91999816894531,80.04000091552734,85.56999969482422,84.45999908447266
2026-07-30,235395.0,82.97000122070312,84.6500015258789,85.94000244140625,83.58999633789062
2026-07-31,257851.0,81.05999755859375,83.91999816894531,86.87000274658203,84.66999816894531
2026-08-03,294823.0,78.43000030517578,80.0999984741211,81.30000305175781,80.33999633789062
2026-08-04,362270.0,75.11000061035156,80.0999984741211,82.33000183105469,75.7699966430664
2026-08-05,259965.0,74.23999786376953,75.16999816894531,76.69999694824219,75.22000122070312
2026-08-06,246260.0,74.56999969482422,75.13999938964844,78.51000213623047,77.29000091552734
2026-08-07,241222.0,76.52999877929688,78.16999816894531,78.7699966430664,78.18000030517578
2026-08-10,271132.0,77.79000091552734,78.41999816894531,82.37999725341797,82.12999725341797
2026-08-11,283823.0,81.2699966430664,82.3499984741211,84.61000061035156,83.19999694824219
2026-08-12,250779.0,82.4000015258789,83.48999786376953,84.3499984741211,83.2699966430664
2026-08-13,245842.0,80.08999633789062,82.69999694824219,83.30000305175781,81.25
2026-08-14,192132.0,80.70999908447266,81.2699966430664,82.98999786376953,82.4000015258789
2026-08-17,180066.0,81.5,82.52999877929688,85.04000091552734,84.5
2026-08-18,90110.0,84.56999969482422,84.9800033569336,85.94000244140625,84.94000244140625
2026-08-19,98764.0,84.31999969482422,85.41999816894531,87.19000244140625,85.83000183105469
2026-08-20,262550.0,85.5999984741211,85.80000305175781,89.0,87.83000183105469
2026-08-21,228718.0,85.80000305175781,86.2699966430664,87.51000213623047,87.05999755859375
2026-08-24,219422.0,84.36000061035156,86.5,86.56999969482422,85.01000213623047
2026-08-25,282408.0,80.2300033569336,85.02999877929688,85.83999633789062,82.36000061035156
2026-08-26,255920.0,79.62000274658203,81.11000061035156,83.30999755859375,82.2300033569336
2026-08-27,220113.0,80.6500015258789,82.0,84.2699966430664,83.52999877929688
2026-08-28,167615.0,82.25,83.66999816894531,83.77999877929688,83.4000015258789
2026-08-31,235761.0,84.11000061035156,84.69000244140625,86.79000091552734,85.76000213623047
2026-09-01,331106.0,86.12999725341797,86.30999755859375,90.97000122070312,90.22000122070312
2026-09-02,283450.0,88.97000122070312,90.6500015258789,92.29000091552734,91.01000213623047
2026-09-03,324521.0,89.56999969482422,90.69999694824219,93.13999938964844,91.30000305175781
2026-09-04,273129.0,88.72000122070312,91.66999816894531,92.16999816894531,91.4800033569336
2026-09-08,435231.0,90.87000274658203,92.26000213623047,94.7300033569336,93.02999877929688
2026-09-09,325209.0,93.76000213623047,94.30999755859375,96.93000030517578,96.05000305175781
2026-09-10,437382.0,95.37000274658203,96.87999725341797,104.04000091552734,102.4800033569336
2026-09-11,399142.0,98.4800033569336,104.31999969482422,104.45999908447266,100.05000305175781
2026-09-14,413090.0,100.52999877929688,102.25,104.94999694824219,101.38999938964844
2026-09-15,371490.0,101.20999908447266,102.01000213623047,106.75,105.83000183105469
2026-09-16,301167.0,100.97000122070312,105.4800033569336,105.62999725341797,102.43000030517578
2026-09-17,265972.0,99.0999984741211,102.18000030517578,102.47000122070312,101.91000366210938
2026-09-18,112698.0,99.19000244140625,101.05999755859375,103.4800033569336,100.30000305175781
2026-09-21,76449.0,94.22000122070312,101.0,101.08000183105469,95.77999877929688
2026-09-22,422683.0,92.4000015258789,95.38999938964844,97.41999816894531,94.58999633789062
2026-09-23,370714.0,88.70999908447266,89.88999938964844,93.05999755859375,92.16000366210938
2026-09-24,410015.0,91.2300033569336,92.72000122070312,96.77999877929688,94.61000061035156
2026-09-25,345783.0,91.51000213623047,94.75,94.75,92.41000366210938
