,open,high,close,volume,low
2023-06-01,1981.300048828125,2000.699951171875,1995.5,176911.0,1970.0999755859375
2023-06-02,1994.5999755859375,2000.5,1969.5999755859375,209694.0,1963.699951171875
2023-06-05,1962.300048828125,1980.4000244140625,1974.300048828125,179985.0,1953.800048828125
2023-06-06,1978.0,1982.9000244140625,1981.5,135995.0,1970.300048828125
2023-06-07,1980.0,1986.5,1958.4000244140625,189529.0,1955.4000244140625
2023-06-08,1956.199951171875,1985.699951171875,1978.5999755859375,191843.0,1955.199951171875
2023-06-09,1980.5,1987.800048828125,1977.199951171875,130408.0,1971.0
2023-06-12,1975.5999755859375,1981.4000244140625,1969.699951171875,122542.0,1963.0999755859375
2023-06-13,1971.4000244140625,1985.9000244140625,1958.5999755859375,198397.0,1953.0
2023-06-14,1957.199951171875,1973.9000244140625,1968.9000244140625,199710.0,1952.5
2023-06-15,1955.699951171875,1972.800048828125,1970.699951171875,266353.0,1936.0999755859375
2023-06-16,1970.300048828125,1980.4000244140625,1971.199951171875,160514.0,1965.4000244140625
2023-06-20,1970.699951171875,1971.800048828125,1947.699951171875,250140.0,1940.800048828125
2023-06-21,1948.0,1950.4000244140625,1944.9000244140625,182021.0,1929.300048828125
2023-06-22,1943.300048828125,1945.0999755859375,1923.699951171875,171779.0,1922.0
2023-06-23,1923.5,1949.0,1929.5999755859375,186861.0,1919.5
2023-06-26,1936.300048828125,1943.4000244140625,1933.800048828125,147769.0,1931.0999755859375
2023-06-27,1932.699951171875,1940.300048828125,1923.800048828125,180436.0,1919.800048828125
2023-06-28,1923.0999755859375,1926.0999755859375,1922.199951171875,162493.0,1911.4000244140625
2023-06-29,1916.5,1921.300048828125,1917.9000244140625,205252.0,1900.5999755859375
2023-06-30,1916.4000244140625,1930.800048828125,1929.4000244140625,180688.0,1908.0999755859375
2023-07-03,1927.800048828125,1939.9000244140625,1929.5,152959.0,1917.699951171875
2023-07-05,1929.0999755859375,1942.9000244140625,1927.0999755859375,245932.0,1922.0999755859375
2023-07-06,1922.4000244140625,1934.0,1915.4000244140625,231513.0,1908.5
2023-07-07,1916.5999755859375,1941.0999755859375,1932.5,214272.0,1915.4000244140625
2023-07-10,1930.699951171875,1933.699951171875,1931.0,208085.0,1918.0
2023-07-11,1930.800048828125,1944.5,1937.0999755859375,189372.0,1929.800048828125
2023-07-12,1938.0,1965.0999755859375,1961.699951171875,270869.0,1937.5
2023-07-13,1962.699951171875,1968.5,1963.800048828125,241215.0,1956.5999755859375
2023-07-14,1965.199951171875,1967.800048828125,1964.4000244140625,209306.0,1954.699951171875
2023-07-17,1958.5999755859375,1963.5999755859375,1956.4000244140625,165833.0,1949.0
2023-07-18,1958.300048828125,1988.300048828125,1980.800048828125,264086.0,1958.0999755859375
2023-07-19,1982.5,1984.5999755859375,1980.800048828125,159409.0,1973.300048828125
2023-07-20,1980.0,1989.800048828125,1970.9000244140625,189926.0,1967.699951171875
2023-07-21,1972.0999755859375,1975.9000244140625,1966.5999755859375,156540.0,1958.800048828125
2023-07-24,1963.5999755859375,1969.800048828125,1962.199951171875,197213.0,1955.300048828125
2023-07-25,1957.0,1967.0999755859375,1963.699951171875,188848.0,1951.5999755859375
2023-07-26,1966.300048828125,1979.9000244140625,1970.0999755859375,208106.0,1963.199951171875
2023-07-27,1973.300048828125,1982.5999755859375,1945.699951171875,194253.0,1941.699951171875
2023-07-28,1945.5,1962.199951171875,1960.4000244140625,23155.0,1944.199951171875
2023-07-31,1959.199951171875,1971.5999755859375,1970.5,139955.0,1950.0
2023-08-01,2004.199951171875,2004.4000244140625,1978.800048828125,167756.0,1978.300048828125
2023-08-02,1988.9000244140625,1992.199951171875,1975.0,169658.0,1969.0999755859375
2023-08-03,1970.800048828125,1974.5,1968.800048828125,141345.0,1964.5
2023-08-04,1969.5999755859375,1984.199951171875,1976.0999755859375,156416.0,1954.5
2023-08-07,1977.5999755859375,1981.699951171875,1970.0,104407.0,1966.0999755859375
2023-08-08,1971.5,1972.800048828125,1959.9000244140625,142336.0,1956.5
2023-08-09,1959.300048828125,1966.0999755859375,1950.5999755859375,139259.0,1947.199951171875
2023-08-10,1947.699951171875,1963.5,1948.9000244140625,168264.0,1944.4000244140625
2023-08-11,1944.9000244140625,1953.5999755859375,1946.5999755859375,122320.0,1942.699951171875
2023-08-14,1945.5999755859375,1948.199951171875,1944.0,120983.0,1934.199951171875
2023-08-15,1939.4000244140625,1944.300048828125,1935.199951171875,167153.0,1927.5
2023-08-16,1933.0999755859375,1938.199951171875,1928.300048828125,128612.0,1922.0
2023-08-17,1922.4000244140625,1933.5,1915.199951171875,152329.0,1914.199951171875
2023-08-18,1919.199951171875,1926.0,1916.5,114737.0,1915.9000244140625
2023-08-21,1918.4000244140625,1927.9000244140625,1923.0,138109.0,1913.5999755859375
2023-08-22,1924.0,1933.199951171875,1926.0,131088.0,1917.5
2023-08-23,1926.800048828125,1949.699951171875,1948.0999755859375,170040.0,1926.199951171875
2023-08-24,1944.9000244140625,1951.300048828125,1947.0999755859375,137393.0,1939.199951171875
2023-08-25,1944.9000244140625,1950.4000244140625,1939.9000244140625,166988.0,1931.0
2023-08-28,1944.0,1954.199951171875,1946.800048828125,115553.0,1940.0999755859375
2023-08-29,1948.0999755859375,1966.5,1965.0999755859375,174220.0,1941.699951171875
2023-08-30,1966.0,1977.0999755859375,1973.0,142380.0,1962.800048828125
2023-08-31,1970.199951171875,1974.9000244140625,1965.9000244140625,133712.0,1965.5
2023-09-01,1966.4000244140625,1980.199951171875,1967.0999755859375,160725.0,1960.699951171875
2023-09-05,1966.699951171875,1972.5999755859375,1952.5999755859375,192789.0,1950.5999755859375
2023-09-06,1951.5,1954.5,1944.199951171875,148775.0,1940.0
2023-09-07,1942.199951171875,1947.9000244140625,1942.5,117168.0,1940.300048828125
2023-09-08,1943.800048828125,1954.0,1942.699951171875,138694.0,1940.800048828125
2023-09-11,1943.300048828125,1954.5999755859375,1947.199951171875,131076.0,1939.5
2023-09-12,1945.5999755859375,1947.5,1935.0999755859375,161993.0,1929.9000244140625
2023-09-13,1935.199951171875,1938.4000244140625,1932.5,161003.0,1927.199951171875
2023-09-14,1930.699951171875,1934.5,1932.800048828125,201744.0,1921.699951171875
2023-09-15,1932.5,1952.4000244140625,1946.199951171875,199773.0,1931.199951171875
2023-09-18,1945.699951171875,1955.699951171875,1953.4000244140625,138031.0,1943.800048828125
2023-09-19,1955.300048828125,1958.9000244140625,1953.699951171875,131097.0,1950.9000244140625
2023-09-20,1953.0,1968.9000244140625,1967.0999755859375,220980.0,1948.5999755859375
2023-09-21,1952.0,1952.199951171875,1939.5999755859375,225908.0,1933.0999755859375
2023-09-22,1939.5999755859375,1949.0999755859375,1945.5999755859375,139926.0,1939.5999755859375
2023-09-25,1944.699951171875,1946.800048828125,1936.5999755859375,164259.0,1933.800048828125
2023-09-26,1935.0999755859375,1935.5,1919.800048828125,212263.0,1917.199951171875
2023-09-27,1918.800048828125,1921.699951171875,1890.9000244140625,238525.0,1890.300048828125
2023-09-28,1893.300048828125,1896.800048828125,1878.5999755859375,231419.0,1874.5
2023-09-29,1882.300048828125,1896.699951171875,1866.0999755859375,245131.0,1862.300048828125
2023-10-02,1864.4000244140625,1864.699951171875,1847.199951171875,202147.0,1842.699951171875
2023-10-03,1844.9000244140625,1849.300048828125,1841.5,216784.0,1830.9000244140625
2023-10-04,1838.699951171875,1846.800048828125,1834.800048828125,195048.0,1831.5999755859375
2023-10-05,1837.5999755859375,1843.5,1831.800048828125,172464.0,1826.199951171875
2023-10-06,1834.300048828125,1849.0,1845.199951171875,231024.0,1823.5
2023-10-09,1861.0,1877.300048828125,1864.300048828125,187802.0,1857.5
2023-10-10,1875.4000244140625,1879.0999755859375,1875.300048828125,157340.0,1866.0999755859375
2023-10-11,1873.699951171875,1890.9000244140625,1887.300048828125,169964.0,1871.699951171875
2023-10-12,1888.0999755859375,1898.300048828125,1883.0,163475.0,1880.5999755859375
2023-10-13,1881.699951171875,1946.199951171875,1941.5,312994.0,1881.5
2023-10-16,1941.300048828125,1943.0,1934.300048828125,182823.0,1921.199951171875
2023-10-17,1933.300048828125,1944.5,1935.699951171875,165063.0,1924.5999755859375
2023-10-18,1936.699951171875,1975.800048828125,1968.300048828125,270045.0,1935.9000244140625
2023-10-19,1960.0999755859375,1990.199951171875,1980.5,264821.0,1957.0
2023-10-20,1988.0,2009.199951171875,1994.4000244140625,289109.0,1983.699951171875
2023-10-23,1987.699951171875,1994.300048828125,1987.800048828125,212290.0,1971.0
2023-10-24,1984.0999755859375,1992.0,1986.0999755859375,200943.0,1964.5999755859375
2023-10-25,1982.699951171875,1998.5999755859375,1994.9000244140625,240655.0,1973.5999755859375
2023-10-26,1991.199951171875,2003.699951171875,1997.4000244140625,214053.0,1981.5999755859375
2023-10-27,1995.0,2019.699951171875,1998.5,213757.0,1986.4000244140625
2023-10-30,2013.5,2016.800048828125,2005.5999755859375,181339.0,1999.699951171875
2023-10-31,2005.5999755859375,2017.699951171875,1994.300048828125,214776.0,1987.4000244140625
2023-11-01,1993.300048828125,2005.9000244140625,1987.5,197629.0,1978.199951171875
2023-11-02,1992.0,1999.199951171875,1993.5,158650.0,1986.300048828125
2023-11-03,1993.5,2011.9000244140625,1999.199951171875,222189.0,1989.300048828125
2023-11-06,1999.4000244140625,2000.0999755859375,1988.5999755859375,146279.0,1984.199951171875
2023-11-07,1984.800048828125,1985.199951171875,1973.5,218948.0,1962.800048828125
2023-11-08,1975.300048828125,1977.5,1957.800048828125,189359.0,1953.199951171875
2023-11-09,1955.5,1971.5,1969.800048828125,214077.0,1948.300048828125
2023-11-10,1964.0999755859375,1965.5999755859375,1937.699951171875,229637.0,1936.9000244140625
2023-11-13,1943.4000244140625,1953.5,1950.199951171875,183702.0,1935.5999755859375
2023-11-14,1950.300048828125,1975.300048828125,1966.5,180741.0,1938.800048828125
2023-11-15,1966.9000244140625,1979.199951171875,1964.300048828125,142924.0,1958.800048828125
2023-11-16,1963.0,1991.0999755859375,1987.300048828125,186810.0,1959.0
2023-11-17,1984.199951171875,1996.4000244140625,1984.699951171875,133120.0,1981.0999755859375
2023-11-20,1980.9000244140625,1987.800048828125,1980.300048828125,177887.0,1967.199951171875
2023-11-21,1980.0,2009.800048828125,2001.5999755859375,230024.0,1979.9000244140625
2023-11-22,2000.300048828125,2008.300048828125,1992.800048828125,199370.0,1988.5999755859375
2023-11-23,1991.199951171875,1999.5,1993.300048828125,199370.0,1990.9000244140625
2023-11-24,1991.199951171875,2004.5,2003.0,214880.0,1990.9000244140625
2023-11-27,2002.5,2018.9000244140625,2012.4000244140625,251250.0,2001.4000244140625
2023-11-28,2014.300048828125,2044.0999755859375,2040.0,174665.0,2011.5
2023-11-29,2041.699951171875,2052.10009765625,2047.0999755859375,15290.0,2036.0
2023-11-30,2046.0999755859375,2047.0999755859375,2038.0999755859375,151918.0,2033.0999755859375
2023-12-01,2056.5,2095.699951171875,2089.699951171875,241615.0,2052.60009765625
2023-12-04,2094.39990234375,2152.300048828125,2042.199951171875,378224.0,2038.4000244140625
2023-12-05,2049.0,2059.60009765625,2036.300048828125,209549.0,2027.5999755859375
2023-12-06,2037.800048828125,2053.39990234375,2047.9000244140625,154219.0,2035.300048828125
2023-12-07,2043.4000244140625,2057.199951171875,2046.4000244140625,173977.0,2036.5999755859375
2023-12-08,2045.699951171875,2050.39990234375,2014.5,237289.0,2010.5999755859375
2023-12-11,2020.0,2023.699951171875,1993.699951171875,160072.0,1991.199951171875
2023-12-12,1997.800048828125,2012.5,1993.199951171875,148532.0,1992.300048828125
2023-12-13,1995.0999755859375,2043.300048828125,1997.300048828125,192679.0,1987.9000244140625
2023-12-14,2043.199951171875,2062.89990234375,2044.9000244140625,231095.0,2039.0999755859375
2023-12-15,2051.300048828125,2059.60009765625,2035.699951171875,172147.0,2029.199951171875
2023-12-18,2033.300048828125,2048.0,2040.5,141406.0,2029.5
2023-12-19,2041.0999755859375,2061.0,2052.10009765625,134781.0,2034.800048828125
2023-12-20,2053.800048828125,2056.89990234375,2047.699951171875,122567.0,2040.5999755859375
2023-12-21,2044.4000244140625,2058.0,2051.300048828125,119952.0,2043.300048828125
2023-12-22,2061.199951171875,2083.0,2069.10009765625,170150.0,2058.199951171875
2023-12-26,2066.0,2080.5,2069.800048828125,79573.0,2065.10009765625
2023-12-27,2079.300048828125,2095.800048828125,2093.10009765625,128179.0,2072.800048828125
2023-12-28,2089.5,2098.199951171875,2083.5,129544.0,2074.60009765625
2023-12-29,2076.10009765625,2084.10009765625,2071.800048828125,105724.0,2067.60009765625
2024-01-02,2072.699951171875,2088.10009765625,2073.39990234375,157555.0,2064.300048828125
2024-01-03,2067.89990234375,2074.300048828125,2042.800048828125,221680.0,2038.300048828125
2024-01-04,2049.300048828125,2058.10009765625,2050.0,130263.0,2043.300048828125
2024-01-05,2051.39990234375,2071.10009765625,2049.800048828125,214684.0,2030.800048828125
2024-01-08,2052.60009765625,2053.300048828125,2033.5,220988.0,2022.699951171875
2024-01-09,2034.5,2048.60009765625,2033.0,218745.0,2031.9000244140625
2024-01-10,2036.0,2046.199951171875,2027.800048828125,205007.0,2025.9000244140625
2024-01-11,2029.4000244140625,2056.10009765625,2019.199951171875,301337.0,2017.300048828125
2024-01-12,2033.199951171875,2067.300048828125,2051.60009765625,272352.0,2033.0999755859375
2024-01-16,2053.39990234375,2062.800048828125,2030.199951171875,285254.0,2027.5999755859375
2024-01-17,2031.699951171875,2036.0999755859375,2006.5,254292.0,2004.5999755859375
2024-01-18,2009.0999755859375,2025.5999755859375,2021.5999755859375,171928.0,2007.699951171875
2024-01-19,2027.4000244140625,2041.9000244140625,2029.300048828125,172805.0,2022.199951171875
2024-01-22,2031.800048828125,2034.0999755859375,2022.199951171875,152756.0,2017.4000244140625
2024-01-23,2023.199951171875,2039.300048828125,2025.800048828125,156699.0,2020.800048828125
2024-01-24,2030.699951171875,2037.9000244140625,2016.0,234459.0,2011.699951171875
2024-01-25,2014.800048828125,2025.5999755859375,2017.800048828125,196670.0,2004.0
2024-01-26,2021.0,2028.0999755859375,2017.300048828125,119588.0,2015.5999755859375
2024-01-29,2024.4000244140625,2037.199951171875,2025.4000244140625,150708.0,2018.800048828125
2024-01-30,2032.5,2048.5,2031.5,26907.0,2028.0999755859375
2024-01-31,2035.4000244140625,2055.0,2048.39990234375,238373.0,2030.0
2024-02-01,2057.89990234375,2083.199951171875,2071.10009765625,260921.0,2046.4000244140625
2024-02-02,2072.0,2074.699951171875,2053.699951171875,219800.0,2044.199951171875
2024-02-05,2057.89990234375,2059.10009765625,2042.9000244140625,170431.0,2030.800048828125
2024-02-06,2041.4000244140625,2055.300048828125,2051.39990234375,126384.0,2038.800048828125
2024-02-07,2052.60009765625,2061.300048828125,2051.699951171875,125631.0,2046.4000244140625
2024-02-08,2051.0,2053.800048828125,2047.9000244140625,137076.0,2034.5999755859375
2024-02-09,2049.699951171875,2051.89990234375,2038.699951171875,116031.0,2034.300048828125
2024-02-12,2038.199951171875,2041.800048828125,2033.0,116025.0,2025.4000244140625
2024-02-13,2033.699951171875,2047.300048828125,2007.199951171875,217571.0,2002.800048828125
2024-02-14,2006.300048828125,2008.800048828125,2004.300048828125,193607.0,1996.4000244140625
2024-02-15,2004.800048828125,2020.199951171875,2014.9000244140625,204249.0,2001.800048828125
2024-02-16,2016.0999755859375,2027.199951171875,2024.0999755859375,162356.0,2006.5999755859375
2024-02-20,2027.699951171875,2042.699951171875,2039.800048828125,202432.0,2023.9000244140625
2024-02-21,2036.199951171875,2043.5,2034.300048828125,120599.0,2030.9000244140625
2024-02-22,2036.5,2045.5,2030.699951171875,147947.0,2029.300048828125
2024-02-23,2034.0999755859375,2053.199951171875,2049.39990234375,212029.0,2025.4000244140625
2024-02-26,2044.199951171875,2046.800048828125,2038.9000244140625,129021.0,2034.0999755859375
2024-02-27,2041.199951171875,2049.10009765625,2044.0999755859375,148780.0,2038.0999755859375
2024-02-28,2039.699951171875,2047.4000244140625,2042.699951171875,137077.0,2033.4000244140625
2024-02-29,2043.800048828125,2059.39990234375,2054.699951171875,227074.0,2036.0
2024-03-01,2052.800048828125,2097.10009765625,2095.699951171875,330592.0,2047.0
2024-03-04,2091.60009765625,2128.39990234375,2126.300048828125,328253.0,2088.10009765625
2024-03-05,2123.300048828125,2150.5,2141.89990234375,283148.0,2118.5
2024-03-06,2136.39990234375,2160.699951171875,2158.199951171875,319763.0,2131.89990234375
2024-03-07,2156.699951171875,2172.199951171875,2165.199951171875,267795.0,2151.699951171875
2024-03-08,2166.60009765625,2203.0,2185.5,389682.0,2161.199951171875
2024-03-11,2187.60009765625,2195.5,2188.60009765625,242418.0,2180.89990234375
2024-03-12,2189.10009765625,2190.800048828125,2166.10009765625,316254.0,2156.199951171875
2024-03-13,2163.60009765625,2185.60009765625,2180.800048828125,232273.0,2161.300048828125
2024-03-14,2179.5,2181.300048828125,2167.5,207225.0,2157.0
2024-03-15,2166.199951171875,2176.89990234375,2161.5,187847.0,2158.699951171875
2024-03-18,2159.89990234375,2167.199951171875,2164.300048828125,211858.0,2149.199951171875
2024-03-19,2164.0,2166.300048828125,2159.699951171875,178162.0,2150.199951171875
2024-03-20,2161.39990234375,2192.199951171875,2161.0,233572.0,2152.300048828125
2024-03-21,2190.199951171875,2225.300048828125,2184.699951171875,391750.0,2168.199951171875
2024-03-22,2183.39990234375,2188.0,2160.0,205808.0,2158.39990234375
2024-03-25,2166.60009765625,2182.5,2176.39990234375,211610.0,2164.39990234375
2024-03-26,2173.0,2200.60009765625,2177.199951171875,202373.0,2168.300048828125
2024-03-27,2179.39990234375,2196.199951171875,2190.60009765625,31200.0,2172.10009765625
2024-03-28,2193.60009765625,2234.10009765625,2217.39990234375,250248.0,2187.10009765625
2024-04-01,2259.199951171875,2286.39990234375,2257.10009765625,220767.0,2249.10009765625
2024-04-02,2272.699951171875,2301.89990234375,2281.800048828125,277228.0,2267.10009765625
2024-04-03,2301.699951171875,2321.800048828125,2315.0,254574.0,2285.699951171875
2024-04-04,2321.0,2325.300048828125,2308.5,236227.0,2298.699951171875
2024-04-05,2309.5,2350.0,2345.39990234375,293212.0,2286.199951171875
2024-04-08,2343.60009765625,2372.5,2351.0,285570.0,2321.699951171875
2024-04-09,2358.10009765625,2384.5,2362.39990234375,279608.0,2355.699951171875
2024-04-10,2372.39990234375,2378.10009765625,2348.39990234375,353847.0,2337.10009765625
2024-04-11,2351.699951171875,2395.60009765625,2372.699951171875,260415.0,2343.10009765625
2024-04-12,2389.39990234375,2448.800048828125,2374.10009765625,479894.0,2350.60009765625
2024-04-15,2369.39990234375,2404.300048828125,2383.0,343730.0,2340.199951171875
2024-04-16,2399.10009765625,2414.800048828125,2407.800048828125,297592.0,2379.199951171875
2024-04-17,2398.0,2412.0,2388.39990234375,284352.0,2370.699951171875
2024-04-18,2377.89990234375,2408.0,2398.0,200546.0,2377.199951171875
2024-04-19,2394.0,2433.300048828125,2413.800048828125,275405.0,2386.800048828125
2024-04-22,2403.699951171875,2404.300048828125,2346.39990234375,262673.0,2338.199951171875
2024-04-23,2342.300048828125,2347.89990234375,2342.10009765625,270225.0,2304.60009765625
2024-04-24,2335.699951171875,2350.89990234375,2338.39990234375,187699.0,2324.800048828125
2024-04-25,2327.39990234375,2357.60009765625,2342.5,224471.0,2316.39990234375
2024-04-26,2344.199951171875,2364.39990234375,2347.199951171875,171011.0,2338.0
2024-04-29,2347.60009765625,2358.89990234375,2357.699951171875,187309.0,2331.0
2024-04-30,2347.0,2347.60009765625,2302.89990234375,229064.0,2296.199951171875
2024-05-01,2298.199951171875,2339.5,2311.0,227384.0,2291.699951171875
2024-05-02,2329.89990234375,2336.10009765625,2309.60009765625,193658.0,2294.300048828125
2024-05-03,2313.5,2330.699951171875,2308.60009765625,231400.0,2285.199951171875
2024-05-06,2312.800048828125,2341.89990234375,2331.199951171875,191895.0,2300.60009765625
2024-05-07,2334.800048828125,2338.699951171875,2324.199951171875,204623.0,2318.199951171875
2024-05-08,2322.0,2329.60009765625,2322.300048828125,214693.0,2311.39990234375
2024-05-09,2316.5,2354.199951171875,2340.300048828125,249092.0,2312.89990234375
2024-05-10,2353.5,2385.300048828125,2375.0,275241.0,2352.0
2024-05-13,2369.10009765625,2370.800048828125,2343.0,243075.0,2337.60009765625
2024-05-14,2342.300048828125,2365.199951171875,2359.89990234375,192076.0,2340.5
2024-05-15,2362.89990234375,2396.10009765625,2394.89990234375,249843.0,2357.10009765625
2024-05-16,2391.5,2402.699951171875,2385.5,191026.0,2375.199951171875
2024-05-17,2381.39990234375,2427.39990234375,2417.39990234375,218553.0,2377.800048828125
2024-05-20,2422.199951171875,2454.199951171875,2438.5,281430.0,2411.10009765625
2024-05-21,2431.5,2438.199951171875,2425.89990234375,229421.0,2408.5
2024-05-22,2425.39990234375,2430.5,2392.89990234375,253852.0,2378.0
2024-05-23,2383.0,2385.699951171875,2337.199951171875,273658.0,2328.10009765625
2024-05-24,2330.39990234375,2349.0,2334.5,178343.0,2326.300048828125
2024-05-28,2338.0,2365.5,2356.5,316223.0,2333.800048828125
2024-05-29,2362.5,2363.699951171875,2341.199951171875,119317.0,2334.199951171875
2024-05-30,2336.89990234375,2349.5,2342.89990234375,32587.0,2320.800048828125
2024-05-31,2344.10009765625,2354.0,2322.89990234375,183406.0,2319.0
2024-06-03,2348.0,2375.5,2369.300048828125,173149.0,2334.800048828125
2024-06-04,2371.300048828125,2373.10009765625,2347.39990234375,171547.0,2335.10009765625
2024-06-05,2347.10009765625,2377.60009765625,2375.5,171862.0,2345.300048828125
2024-06-06,2375.300048828125,2397.800048828125,2390.89990234375,172202.0,2372.199951171875
2024-06-07,2395.699951171875,2406.699951171875,2325.0,314551.0,2304.199951171875
2024-06-10,2311.0,2331.300048828125,2327.0,142888.0,2304.5
2024-06-11,2329.5,2337.300048828125,2326.60009765625,145501.0,2314.5
2024-06-12,2334.0,2358.800048828125,2354.800048828125,241670.0,2327.199951171875
2024-06-13,2340.89990234375,2342.39990234375,2318.0,182657.0,2310.89990234375
2024-06-14,2319.60009765625,2352.300048828125,2349.10009765625,163367.0,2316.699951171875
2024-06-17,2348.5,2348.699951171875,2329.0,122702.0,2324.300048828125
2024-06-18,2333.699951171875,2348.199951171875,2346.89990234375,154251.0,2320.199951171875
2024-06-20,2344.199951171875,2379.5,2369.0,252687.0,2338.5
2024-06-21,2373.800048828125,2382.60009765625,2331.199951171875,194824.0,2329.199951171875
2024-06-24,2333.5,2347.5,2344.39990234375,117625.0,2329.5
2024-06-25,2346.800048828125,2349.699951171875,2330.800048828125,144271.0,2327.10009765625
2024-06-26,2331.800048828125,2335.800048828125,2313.199951171875,191628.0,2304.699951171875
2024-06-27,2309.39990234375,2342.0,2336.60009765625,140228.0,2306.800048828125
2024-06-28,2338.60009765625,2350.60009765625,2339.60009765625,135383.0,2329.699951171875
2024-07-01,2336.199951171875,2348.800048828125,2338.89990234375,142601.0,2328.199951171875
2024-07-02,2341.60009765625,2346.10009765625,2333.39990234375,153709.0,2327.39990234375
2024-07-03,2338.60009765625,2374.5,2369.39990234375,193642.0,2335.699951171875
2024-07-05,2365.800048828125,2401.5,2397.699951171875,293254.0,2356.0
2024-07-08,2396.199951171875,2399.300048828125,2363.5,240781.0,2358.300048828125
2024-07-09,2366.5,2378.300048828125,2367.89990234375,252489.0,2356.0
2024-07-10,2371.0,2393.39990234375,2379.699951171875,163900.0,2369.699951171875
2024-07-11,2377.39990234375,2430.39990234375,2421.89990234375,303520.0,2376.800048828125
2024-07-12,2421.0,2423.199951171875,2420.699951171875,220933.0,2396.10009765625
2024-07-15,2419.300048828125,2445.0,2428.89990234375,193535.0,2406.10009765625
2024-07-16,2427.10009765625,2474.5,2467.800048828125,246085.0,2424.5
2024-07-17,2473.199951171875,2488.39990234375,2459.89990234375,259540.0,2455.5
2024-07-18,2462.5,2478.5,2456.39990234375,192770.0,2442.89990234375
2024-07-19,2448.0,2448.39990234375,2399.10009765625,254408.0,2395.699951171875
2024-07-22,2403.699951171875,2414.39990234375,2394.699951171875,197562.0,2385.199951171875
2024-07-23,2398.0,2413.5,2407.300048828125,171191.0,2389.199951171875
2024-07-24,2410.699951171875,2433.0,2415.699951171875,245884.0,2397.0
2024-07-25,2398.10009765625,2400.800048828125,2353.5,294897.0,2351.89990234375
2024-07-26,2363.800048828125,2389.699951171875,2381.0,154523.0,2354.60009765625
2024-07-29,2386.89990234375,2402.10009765625,2377.800048828125,126409.0,2367.300048828125
2024-07-30,2380.89990234375,2409.300048828125,2405.0,25944.0,2373.800048828125
2024-07-31,2407.10009765625,2447.60009765625,2426.5,176268.0,2402.800048828125
2024-08-01,2493.39990234375,2506.60009765625,2480.800048828125,219834.0,2474.0
2024-08-02,2490.800048828125,2522.5,2469.800048828125,309937.0,2453.10009765625
2024-08-05,2490.300048828125,2500.800048828125,2444.39990234375,352229.0,2403.800048828125
2024-08-06,2451.699951171875,2459.5,2431.60009765625,186107.0,2421.800048828125
2024-08-07,2432.60009765625,2447.300048828125,2432.39990234375,166078.0,2418.800048828125
2024-08-08,2422.800048828125,2467.89990234375,2463.300048828125,178509.0,2420.199951171875
2024-08-09,2467.300048828125,2476.5,2473.39990234375,152173.0,2456.10009765625
2024-08-12,2470.10009765625,2513.39990234375,2504.0,171204.0,2462.699951171875
2024-08-13,2512.60009765625,2517.300048828125,2507.800048828125,155078.0,2498.199951171875
2024-08-14,2506.300048828125,2519.699951171875,2479.699951171875,187384.0,2476.199951171875
2024-08-15,2486.199951171875,2508.0,2492.39990234375,169322.0,2469.199951171875
2024-08-16,2494.39990234375,2548.300048828125,2537.800048828125,223934.0,2488.199951171875
2024-08-19,2549.699951171875,2549.89990234375,2541.300048828125,155994.0,2523.699951171875
2024-08-20,2542.39990234375,2570.39990234375,2550.60009765625,191196.0,2535.10009765625
2024-08-21,2552.199951171875,2558.0,2547.5,148894.0,2528.199951171875
2024-08-22,2549.89990234375,2551.39990234375,2516.699951171875,177369.0,2506.39990234375
2024-08-23,2521.10009765625,2554.5,2546.300048828125,164613.0,2519.800048828125
2024-08-26,2545.10009765625,2563.199951171875,2555.199951171875,127485.0,2544.0
2024-08-27,2553.800048828125,2561.39990234375,2552.89990234375,146222.0,2538.5
2024-08-28,2559.800048828125,2564.300048828125,2537.800048828125,165123.0,2527.800048828125
2024-08-29,2539.199951171875,2562.199951171875,2560.300048828125,159965.0,2536.5
2024-08-30,2553.60009765625,2560.10009765625,2527.60009765625,175644.0,2526.60009765625
2024-09-03,2536.0,2539.5,2523.0,273539.0,2504.39990234375
2024-09-04,2524.60009765625,2531.5,2526.0,167957.0,2502.699951171875
2024-09-05,2526.39990234375,2554.0,2543.10009765625,152709.0,2523.699951171875
2024-09-06,2547.10009765625,2559.800048828125,2524.60009765625,228117.0,2513.89990234375
2024-09-09,2526.5,2536.5,2532.699951171875,140583.0,2514.199951171875
2024-09-10,2536.0,2547.5,2543.10009765625,156108.0,2528.89990234375
2024-09-11,2545.699951171875,2558.0,2542.39990234375,194085.0,2529.0
2024-09-12,2540.60009765625,2588.5,2580.60009765625,233679.0,2538.699951171875
2024-09-13,2587.5,2614.60009765625,2610.699951171875,174674.0,2585.0
2024-09-16,2608.0,2617.39990234375,2608.89990234375,127576.0,2602.5
2024-09-17,2609.800048828125,2613.699951171875,2592.39990234375,159525.0,2587.300048828125
2024-09-18,2596.0,2627.199951171875,2598.60009765625,233128.0,2572.5
2024-09-19,2585.10009765625,2620.5,2614.60009765625,204475.0,2575.300048828125
2024-09-20,2611.199951171875,2651.0,2646.199951171875,207209.0,2608.699951171875
2024-09-23,2646.199951171875,2659.800048828125,2652.5,170494.0,2638.60009765625
2024-09-24,2653.300048828125,2689.39990234375,2677.0,216553.0,2647.10009765625
2024-09-25,2682.800048828125,2694.89990234375,2684.699951171875,189943.0,2673.39990234375
2024-09-26,2681.199951171875,2708.699951171875,2694.89990234375,217643.0,2677.5
2024-09-27,2695.10009765625,2696.89990234375,2668.10009765625,196732.0,2665.300048828125
2024-09-30,2680.5,2687.699951171875,2659.39990234375,173252.0,2646.199951171875
2024-10-01,2656.10009765625,2694.699951171875,2690.300048828125,202756.0,2653.800048828125
2024-10-02,2684.60009765625,2684.800048828125,2669.699951171875,128680.0,2662.10009765625
2024-10-03,2679.89990234375,2683.39990234375,2679.199951171875,138551.0,2657.800048828125
2024-10-04,2675.699951171875,2690.60009765625,2667.800048828125,192656.0,2651.60009765625
2024-10-07,2671.699951171875,2679.199951171875,2666.0,130705.0,2657.300048828125
2024-10-08,2662.800048828125,2672.39990234375,2635.39990234375,233849.0,2623.39990234375
2024-10-09,2640.699951171875,2642.89990234375,2626.0,143000.0,2622.800048828125
2024-10-10,2625.800048828125,2648.89990234375,2639.300048828125,195581.0,2618.800048828125
2024-10-11,2647.39990234375,2679.0,2676.300048828125,168597.0,2645.300048828125
2024-10-14,2673.10009765625,2684.199951171875,2665.60009765625,123361.0,2660.0
2024-10-15,2663.5,2685.89990234375,2678.89990234375,160564.0,2654.39990234375
2024-10-16,2679.5,2702.5,2691.300048828125,156877.0,2674.89990234375
2024-10-17,2690.39990234375,2712.699951171875,2707.5,181816.0,2688.199951171875
2024-10-18,2707.800048828125,2737.800048828125,2730.0,178959.0,2707.300048828125
2024-10-21,2736.300048828125,2755.39990234375,2738.89990234375,210450.0,2728.5
2024-10-22,2734.699951171875,2763.300048828125,2759.800048828125,173695.0,2733.5
2024-10-23,2762.60009765625,2772.60009765625,2729.39990234375,214515.0,2722.10009765625
2024-10-24,2729.199951171875,2756.300048828125,2748.89990234375,175872.0,2728.699951171875
2024-10-25,2748.60009765625,2760.89990234375,2754.60009765625,153487.0,2729.10009765625
2024-10-28,2749.199951171875,2758.300048828125,2755.89990234375,161907.0,2736.89990234375
2024-10-29,2754.300048828125,2787.699951171875,2781.10009765625,207424.0,2752.0
2024-10-30,2786.89990234375,2801.800048828125,2800.800048828125,191549.0,2782.39990234375
2024-10-31,2799.10009765625,2801.199951171875,2749.300048828125,242571.0,2741.800048828125
2024-11-01,2754.0,2772.39990234375,2749.199951171875,180660.0,2742.60009765625
2024-11-04,2743.5,2757.5,2746.199951171875,145248.0,2739.39990234375
2024-11-05,2746.0,2759.5,2749.699951171875,151434.0,2733.39990234375
2024-11-06,2752.60009765625,2758.800048828125,2676.300048828125,361313.0,2660.699951171875
2024-11-07,2667.699951171875,2718.300048828125,2705.800048828125,292924.0,2650.300048828125
2024-11-08,2713.60009765625,2717.800048828125,2694.800048828125,233110.0,2687.300048828125
2024-11-11,2692.10009765625,2693.39990234375,2617.699951171875,281919.0,2617.10009765625
2024-11-12,2625.699951171875,2633.39990234375,2606.300048828125,282766.0,2595.699951171875
2024-11-13,2604.699951171875,2625.0,2586.5,262752.0,2578.10009765625
2024-11-14,2578.10009765625,2585.800048828125,2572.89990234375,266162.0,2541.5
2024-11-15,2570.39990234375,2580.800048828125,2570.10009765625,179892.0,2558.89990234375
2024-11-18,2571.5,2619.5,2614.60009765625,195294.0,2568.5
2024-11-19,2616.300048828125,2643.39990234375,2631.0,202241.0,2614.199951171875
2024-11-20,2635.800048828125,2659.0,2651.699951171875,182012.0,2621.89990234375
2024-11-21,2653.5,2676.5,2674.89990234375,186297.0,2651.60009765625
2024-11-22,2672.0,2718.5,2712.199951171875,220554.0,2670.10009765625
2024-11-25,2716.89990234375,2723.199951171875,2618.5,305339.0,2616.60009765625
2024-11-26,2626.199951171875,2642.699951171875,2621.300048828125,177858.0,2605.300048828125
2024-11-27,2633.5,2657.89990234375,2639.89990234375,61653.0,2627.199951171875
2024-11-29,2636.39990234375,2664.300048828125,2657.0,180756.0,2620.699951171875
2024-12-02,2673.800048828125,2678.5,2658.5,163543.0,2644.5
2024-12-03,2662.0,2678.39990234375,2667.89990234375,140965.0,2656.60009765625
2024-12-04,2665.800048828125,2682.0,2676.199951171875,171792.0,2654.199951171875
2024-12-05,2674.199951171875,2680.0,2648.39990234375,156116.0,2646.300048828125
2024-12-06,2655.0,2667.89990234375,2659.60009765625,167166.0,2635.60009765625
2024-12-09,2665.0,2700.0,2685.800048828125,182150.0,2649.699951171875
2024-12-10,2684.39990234375,2721.699951171875,2718.39990234375,181509.0,2680.699951171875
2024-12-11,2721.199951171875,2759.699951171875,2756.699951171875,264985.0,2719.10009765625
2024-12-12,2753.60009765625,2761.300048828125,2709.39990234375,219468.0,2696.699951171875
2024-12-13,2704.89990234375,2716.39990234375,2675.800048828125,178685.0,2663.300048828125
2024-12-16,2668.0,2683.39990234375,2670.0,115996.0,2661.39990234375
2024-12-17,2670.199951171875,2675.800048828125,2662.0,147053.0,2646.10009765625
2024-12-18,2663.300048828125,2667.60009765625,2653.300048828125,156334.0,2598.10009765625
2024-12-19,2600.60009765625,2640.89990234375,2608.10009765625,191587.0,2596.699951171875
2024-12-20,2609.699951171875,2653.800048828125,2645.10009765625,153567.0,2603.699951171875
2024-12-23,2639.10009765625,2646.800048828125,2628.199951171875,105131.0,2623.199951171875
2024-12-24,2629.39990234375,2635.800048828125,2635.5,53366.0,2624.199951171875
2024-12-26,2638.0,2655.699951171875,2653.89990234375,79265.0,2634.10009765625
2024-12-27,2653.699951171875,2654.60009765625,2631.89990234375,93897.0,2625.199951171875
2024-12-30,2636.10009765625,2640.699951171875,2618.10009765625,110915.0,2608.39990234375
2024-12-31,2620.0,2642.0,2641.0,86292.0,2614.300048828125
2025-01-02,2641.0,2674.199951171875,2669.0,144517.0,2636.10009765625
2025-01-03,2671.10009765625,2681.0,2654.699951171875,121173.0,2649.699951171875
2025-01-06,2652.800048828125,2663.800048828125,2647.39990234375,169923.0,2624.60009765625
2025-01-07,2647.10009765625,2678.5,2665.39990234375,161617.0,2643.5
2025-01-08,2662.89990234375,2687.0,2672.39990234375,197370.0,2658.39990234375
2025-01-09,2679.89990234375,2696.800048828125,2690.800048828125,156645.0,2673.699951171875
2025-01-10,2692.89990234375,2735.0,2715.0,298408.0,2686.89990234375
2025-01-13,2716.800048828125,2723.800048828125,2678.60009765625,211094.0,2675.199951171875
2025-01-14,2682.0,2693.699951171875,2682.300048828125,179414.0,2672.0
2025-01-15,2693.300048828125,2722.699951171875,2717.800048828125,193720.0,2685.39990234375
2025-01-16,2722.300048828125,2757.89990234375,2750.89990234375,186543.0,2720.39990234375
2025-01-17,2746.800048828125,2759.199951171875,2748.699951171875,156868.0,2729.199951171875
2025-01-21,2739.60009765625,2762.0,2759.199951171875,294121.0,2715.60009765625
2025-01-22,2758.699951171875,2774.39990234375,2770.89990234375,158141.0,2756.199951171875
2025-01-23,2765.89990234375,2767.10009765625,2765.0,194742.0,2741.0
2025-01-24,2761.800048828125,2794.800048828125,2778.89990234375,199562.0,2761.0
2025-01-27,2778.10009765625,2778.10009765625,2738.39990234375,215514.0,2732.0
2025-01-28,2742.39990234375,2774.0,2767.5,171359.0,2737.39990234375
2025-01-29,2771.60009765625,2778.10009765625,2769.800048828125,125692.0,2761.0
2025-01-30,2772.5,2829.5,2823.0,40141.0,2770.0
2025-01-31,2829.0,2838.0,2812.5,165676.0,2804.0
2025-02-03,2846.5,2872.0,2857.10009765625,181344.0,2802.199951171875
2025-02-04,2850.39990234375,2877.10009765625,2875.800048828125,145862.0,2837.39990234375
2025-02-05,2873.699951171875,2906.0,2893.0,167383.0,2870.10009765625
2025-02-06,2885.0,2894.199951171875,2876.699951171875,167701.0,2855.0
2025-02-07,2880.199951171875,2910.60009765625,2887.60009765625,192551.0,2876.10009765625
2025-02-10,2884.800048828125,2938.10009765625,2934.39990234375,167232.0,2879.89990234375
2025-02-11,2937.0,2968.5,2932.60009765625,218478.0,2907.0
2025-02-12,2927.0,2936.5,2928.699951171875,204625.0,2886.5
2025-02-13,2928.800048828125,2958.800048828125,2945.39990234375,169496.0,2925.800048828125
2025-02-14,2957.300048828125,2964.10009765625,2900.699951171875,228078.0,2889.89990234375
2025-02-18,2895.10009765625,2956.5,2949.0,218757.0,2887.60009765625
2025-02-19,2954.10009765625,2964.39990234375,2936.10009765625,159341.0,2933.699951171875
2025-02-20,2949.5,2973.39990234375,2956.10009765625,172197.0,2939.300048828125
2025-02-21,2955.699951171875,2964.699951171875,2953.199951171875,163686.0,2930.10009765625
2025-02-24,2950.39990234375,2974.0,2963.199951171875,162775.0,2936.800048828125
2025-02-25,2968.5,2970.39990234375,2918.800048828125,234850.0,2897.0
2025-02-26,2929.0,2942.0,2930.60009765625,163371.0,2903.300048828125
2025-02-27,2931.39990234375,2935.800048828125,2895.89990234375,207650.0,2879.0
2025-02-28,2889.0,2896.10009765625,2848.5,210560.0,2844.10009765625
2025-03-03,2872.0,2906.39990234375,2901.10009765625,177018.0,2866.300048828125
2025-03-04,2904.199951171875,2939.800048828125,2920.60009765625,188515.0,2892.5
2025-03-05,2929.0,2941.300048828125,2926.0,183016.0,2903.39990234375
2025-03-06,2929.5,2935.89990234375,2926.60009765625,166364.0,2897.60009765625
2025-03-07,2919.199951171875,2938.800048828125,2914.10009765625,237577.0,2905.300048828125
2025-03-10,2919.60009765625,2926.39990234375,2899.39990234375,221609.0,2885.199951171875
2025-03-11,2893.199951171875,2929.0,2920.89990234375,194119.0,2882.5
2025-03-12,2922.300048828125,2948.89990234375,2946.800048828125,209823.0,2911.0
2025-03-13,2943.300048828125,3001.5,2991.300048828125,256564.0,2942.199951171875
2025-03-14,3001.39990234375,3017.10009765625,3001.10009765625,181492.0,2988.60009765625
2025-03-17,2994.800048828125,3010.89990234375,3006.10009765625,142155.0,2991.39990234375
2025-03-18,3009.39990234375,3047.5,3040.800048828125,177098.0,3008.199951171875
2025-03-19,3041.39990234375,3061.60009765625,3041.199951171875,145404.0,3031.300048828125
2025-03-20,3058.0,3065.199951171875,3043.800048828125,141231.0,3032.800048828125
2025-03-21,3052.60009765625,3055.0,3021.39990234375,190470.0,3004.10009765625
2025-03-24,3027.60009765625,3038.39990234375,3015.60009765625,202822.0,3007.699951171875
2025-03-25,3017.5,3042.39990234375,3025.89990234375,172592.0,3010.800048828125
2025-03-26,3025.800048828125,3036.10009765625,3022.5,172002.0,3017.800048828125
2025-03-27,3025.60009765625,3071.300048828125,3061.0,124359.0,3022.300048828125
2025-03-28,3069.699951171875,3094.89990234375,3086.5,31206.0,3066.800048828125
2025-03-31,3091.0,3132.5,3122.800048828125,228393.0,3086.0
2025-04-01,3157.300048828125,3177.0,3146.0,197314.0,3130.5
2025-04-02,3147.5,3201.60009765625,3166.199951171875,223124.0,3135.699951171875
2025-04-03,3196.60009765625,3196.60009765625,3121.699951171875,382860.0,3073.5
2025-04-04,3138.0,3160.199951171875,3035.39990234375,341150.0,3032.699951171875
2025-04-07,3055.10009765625,3084.39990234375,2973.60009765625,328515.0,2970.39990234375
2025-04-08,2997.5,3037.89990234375,2990.199951171875,197577.0,2988.60009765625
2025-04-09,2998.300048828125,3118.5,3079.39990234375,298325.0,2983.300048828125
2025-04-10,3099.10009765625,3195.0,3177.5,234973.0,3086.10009765625
2025-04-11,3194.199951171875,3263.0,3244.60009765625,247317.0,3193.39990234375
2025-04-14,3246.0,3261.60009765625,3226.300048828125,189619.0,3208.699951171875
2025-04-15,3226.10009765625,3250.89990234375,3240.39990234375,123474.0,3225.5
2025-04-16,3248.39990234375,3358.39990234375,3346.39990234375,258376.0,3245.199951171875
2025-04-17,3357.5,3371.89990234375,3328.39990234375,242065.0,3296.39990234375
2025-04-21,3347.0,3442.300048828125,3425.300048828125,243457.0,3344.0
2025-04-22,3435.10009765625,3509.89990234375,3419.39990234375,423078.0,3379.10009765625
2025-04-23,3367.699951171875,3396.0,3294.10009765625,377411.0,3270.800048828125
2025-04-24,3301.800048828125,3377.0,3348.60009765625,239603.0,3301.300048828125
2025-04-25,3362.0,3384.10009765625,3298.39990234375,241249.0,3274.800048828125
2025-04-28,3336.5,3363.800048828125,3347.699951171875,217995.0,3278.0
2025-04-29,3354.89990234375,3359.300048828125,3333.60009765625,170152.0,3309.199951171875
2025-04-30,3324.5,3337.60009765625,3319.10009765625,207722.0,3275.60009765625
2025-05-01,3299.0,3300.60009765625,3222.199951171875,214691.0,3209.39990234375
2025-05-02,3247.60009765625,3277.0,3243.300048828125,210994.0,3229.5
2025-05-05,3247.10009765625,3346.699951171875,3322.300048828125,184904.0,3243.10009765625
2025-05-06,3345.699951171875,3444.5,3422.800048828125,268098.0,3332.10009765625
2025-05-07,3448.10009765625,3448.199951171875,3391.89990234375,304244.0,3367.0
2025-05-08,3373.10009765625,3422.0,3306.0,327126.0,3293.300048828125
2025-05-09,3310.199951171875,3352.699951171875,3344.0,232464.0,3278.89990234375
2025-05-12,3281.0,3295.5,3228.0,308534.0,3211.199951171875
2025-05-13,3240.699951171875,3270.39990234375,3247.800048828125,214423.0,3220.10009765625
2025-05-14,3254.10009765625,3261.300048828125,3188.300048828125,233929.0,3170.699951171875
2025-05-15,3180.800048828125,3244.300048828125,3226.60009765625,253064.0,3123.300048828125
2025-05-16,3243.5,3255.800048828125,3187.199951171875,245486.0,3156.39990234375
2025-05-19,3220.0,3252.89990234375,3233.5,185135.0,3209.10009765625
2025-05-20,3233.0,3298.5,3284.60009765625,224088.0,3207.39990234375
2025-05-21,3293.0,3327.199951171875,3313.5,229503.0,3287.0
2025-05-22,3318.0,3346.800048828125,3295.0,234658.0,3277.800048828125
2025-05-23,3295.10009765625,3366.5,3365.800048828125,247200.0,3285.5
2025-05-27,3355.60009765625,3356.0,3300.39990234375,297309.0,3283.0
2025-05-28,3300.89990234375,3324.5,3294.89990234375,127758.0,3273.5
2025-05-29,3283.699951171875,3328.800048828125,3317.10009765625,24370.0,3242.39990234375
2025-05-30,3315.10009765625,3318.0,3288.89990234375,184770.0,3270.89990234375
2025-06-02,3323.0,3408.10009765625,3397.199951171875,180995.0,3319.39990234375
2025-06-03,3406.5,3417.800048828125,3377.10009765625,168220.0,3357.199951171875
2025-06-04,3377.800048828125,3409.699951171875,3399.199951171875,167220.0,3366.89990234375
2025-06-05,3398.0,3427.699951171875,3375.10009765625,224859.0,3362.300048828125
2025-06-06,3377.39990234375,3398.300048828125,3346.60009765625,185366.0,3328.800048828125
2025-06-09,3333.39990234375,3359.0,3354.89990234375,142005.0,3313.10009765625
2025-06-10,3346.300048828125,3370.39990234375,3343.39990234375,158897.0,3321.300048828125
2025-06-11,3344.300048828125,3382.300048828125,3343.699951171875,201534.0,3335.39990234375
2025-06-12,3377.5,3419.800048828125,3402.39990234375,230166.0,3358.5
2025-06-13,3406.699951171875,3468.0,3452.800048828125,270627.0,3399.60009765625
2025-06-16,3473.0,3476.300048828125,3417.300048828125,192505.0,3400.89990234375
2025-06-17,3404.199951171875,3422.699951171875,3406.89990234375,209083.0,3384.39990234375
2025-06-18,3409.0,3419.0,3408.10009765625,0.0,3380.10009765625
2025-06-20,3387.10009765625,3405.199951171875,3385.699951171875,280833.0,3356.199951171875
2025-06-23,3400.699951171875,3413.800048828125,3395.0,193872.0,3361.39990234375
2025-06-24,3383.800048828125,3385.0,3333.89990234375,227429.0,3308.300048828125
2025-06-25,3338.10009765625,3351.300048828125,3343.10009765625,130010.0,3325.5
2025-06-26,3347.5,3363.89990234375,3348.0,155584.0,3322.5
2025-06-27,3341.300048828125,3341.39990234375,3287.60009765625,218869.0,3266.5
2025-06-30,3284.300048828125,3321.60009765625,3307.699951171875,144201.0,3250.5
2025-07-01,3315.699951171875,3370.5,3349.800048828125,168854.0,3313.699951171875
2025-07-02,3350.0,3371.0,3359.699951171875,132187.0,3337.199951171875
2025-07-03,3369.0,3376.89990234375,3342.89990234375,0.0,3321.39990234375
2025-07-04,3335.0,3355.0,3346.5,0.0,3332.800048828125
2025-07-07,3344.5,3352.89990234375,3342.800048828125,235762.0,3304.39990234375
2025-07-08,3348.89990234375,3355.60009765625,3316.89990234375,218029.0,3295.39990234375
2025-07-09,3310.60009765625,3325.60009765625,3321.0,167968.0,3290.199951171875
2025-07-10,3322.199951171875,3339.39990234375,3325.699951171875,168190.0,3319.199951171875
2025-07-11,3333.10009765625,3381.60009765625,3364.0,216883.0,3332.300048828125
2025-07-14,3376.5,3389.300048828125,3359.10009765625,195336.0,3348.5
2025-07-15,3352.0,3375.39990234375,3336.699951171875,179884.0,3327.300048828125
2025-07-16,3330.5,3385.800048828125,3359.10009765625,235160.0,3326.10009765625
2025-07-17,3354.699951171875,3358.199951171875,3345.300048828125,161740.0,3314.300048828125
2025-07-18,3347.5,3368.0,3358.300048828125,115413.0,3337.199951171875
2025-07-21,3355.60009765625,3416.89990234375,3406.39990234375,191195.0,3351.0
2025-07-22,3410.699951171875,3447.5,3443.699951171875,227372.0,3394.89990234375
2025-07-23,3444.300048828125,3451.699951171875,3397.60009765625,263025.0,3390.60009765625
2025-07-24,3398.60009765625,3401.10009765625,3373.5,215271.0,3355.199951171875
2025-07-25,3372.10009765625,3376.60009765625,3335.60009765625,196380.0,3325.5
2025-07-28,3321.10009765625,3345.39990234375,3310.0,180215.0,3300.0
2025-07-29,3313.39990234375,3332.300048828125,3324.0,113144.0,3305.800048828125
2025-07-30,3325.800048828125,3331.800048828125,3295.800048828125,19252.0,3263.89990234375
2025-07-31,3272.89990234375,3312.0,3293.199951171875,158029.0,3272.89990234375
2025-08-01,3342.699951171875,3416.89990234375,3399.800048828125,229954.0,3331.39990234375
2025-08-04,3416.60009765625,3439.5,3426.39990234375,138229.0,3397.89990234375
2025-08-05,3428.89990234375,3444.89990234375,3434.699951171875,154163.0,3403.300048828125
2025-08-06,3434.89990234375,3440.5,3433.39990234375,151580.0,3411.699951171875
2025-08-07,3431.800048828125,3483.800048828125,3453.699951171875,249091.0,3430.0
2025-08-08,3487.89990234375,3534.10009765625,3491.300048828125,321346.0,3445.0
2025-08-11,3458.10009765625,3466.300048828125,3404.699951171875,224513.0,3393.0
2025-08-12,3393.60009765625,3410.800048828125,3399.0,193820.0,3379.10009765625
2025-08-13,3399.60009765625,3422.60009765625,3408.300048828125,135846.0,3392.699951171875
2025-08-14,3407.199951171875,3423.800048828125,3383.199951171875,165697.0,3375.5
2025-08-15,3383.199951171875,3394.800048828125,3382.60009765625,118486.0,3377.699951171875
2025-08-18,3382.39990234375,3403.60009765625,3378.0,119141.0,3368.0
2025-08-19,3378.300048828125,3389.699951171875,3358.699951171875,133497.0,3358.10009765625
2025-08-20,3359.0,3394.300048828125,3388.5,135521.0,3353.39990234375
2025-08-21,3392.199951171875,3394.39990234375,3381.60009765625,123500.0,3367.39990234375
2025-08-22,3383.300048828125,3423.39990234375,3418.5,186037.0,3362.800048828125
2025-08-25,3417.60009765625,3421.5,3417.5,97780.0,3405.5
2025-08-26,3410.800048828125,3443.300048828125,3433.0,176297.0,3396.10009765625
2025-08-27,3443.0,3452.5,3448.60009765625,153806.0,3422.199951171875
2025-08-28,3452.60009765625,3478.699951171875,3474.300048828125,156602.0,3442.5
2025-08-29,3477.199951171875,3518.5,3516.10009765625,0.0,3463.0
2025-09-02,3517.89990234375,3602.39990234375,3592.199951171875,374141.0,3506.0
2025-09-03,3600.0,3640.10009765625,3635.5,220786.0,3592.39990234375
2025-09-04,3619.800048828125,3621.60009765625,3606.699951171875,232579.0,3573.699951171875
2025-09-05,3602.0,3655.5,3653.300048828125,237651.0,3595.39990234375
2025-09-08,3635.0,3685.699951171875,3677.39990234375,227640.0,3621.699951171875
2025-09-09,3676.60009765625,3715.199951171875,3682.199951171875,262656.0,3663.699951171875
2025-09-10,3662.0,3697.5,3682.0,182028.0,3651.39990234375
2025-09-11,3680.60009765625,3687.5,3673.60009765625,214612.0,3651.0
2025-09-12,3672.800048828125,3695.5,3686.39990234375,154559.0,3667.300048828125
2025-09-15,3680.199951171875,3724.89990234375,3719.0,189452.0,3662.800048828125
2025-09-16,3720.300048828125,3739.89990234375,3725.10009765625,192295.0,3711.800048828125
2025-09-17,3727.300048828125,3744.0,3717.800048828125,256047.0,3679.5
2025-09-18,3692.5,3707.300048828125,3678.300048828125,224128.0,3660.5
2025-09-19,3677.699951171875,3719.60009765625,3705.800048828125,186954.0,3664.39990234375
2025-09-22,3721.300048828125,3783.300048828125,3775.10009765625,219170.0,3718.10009765625
2025-09-23,3781.199951171875,3824.60009765625,3815.699951171875,291564.0,3772.39990234375
2025-09-24,3796.89990234375,3812.60009765625,3768.10009765625,236560.0,3749.699951171875
2025-09-25,3768.300048828125,3792.300048828125,3771.10009765625,262183.0,3751.89990234375
2025-09-26,3781.5,3814.39990234375,3809.0,214083.0,3764.0
2025-09-29,3788.800048828125,3863.699951171875,3855.199951171875,258145.0,3785.5
2025-09-30,3863.10009765625,3899.199951171875,3873.199951171875,312257.0,3820.60009765625
2025-10-01,3887.699951171875,3922.699951171875,3897.5,290470.0,3880.300048828125
2025-10-02,3892.699951171875,3923.300048828125,3868.10009765625,284217.0,3842.800048828125
2025-10-03,3880.39990234375,3916.800048828125,3908.89990234375,218284.0,3861.10009765625
2025-10-06,3913.5,3994.5,3976.300048828125,278143.0,3909.199951171875
2025-10-07,3983.0,4014.60009765625,4004.39990234375,297512.0,3963.39990234375
2025-10-08,4007.10009765625,4081.0,4070.5,348778.0,4005.60009765625
2025-10-09,4061.800048828125,4077.89990234375,3972.60009765625,461023.0,3957.89990234375
2025-10-10,3990.10009765625,4038.60009765625,4000.39990234375,357542.0,3961.199951171875
2025-10-13,4018.300048828125,4137.2001953125,4133.0,357542.0,4011.300048828125
2025-10-14,4130.89990234375,4190.89990234375,4163.39990234375,405991.0,4105.0
2025-10-15,4160.10009765625,4235.7998046875,4201.60009765625,309914.0,4157.2998046875
2025-10-16,4225.10009765625,4346.7001953125,4304.60009765625,375196.0,4214.5
2025-10-17,4348.10009765625,4392.0,4213.2998046875,569847.0,4196.0
2025-10-20,4269.0,4398.0,4359.39990234375,338235.0,4229.7001953125
2025-10-21,4371.0,4393.60009765625,4109.10009765625,535325.0,4093.0
2025-10-22,4137.0,4175.0,4065.39990234375,468711.0,4021.199951171875
2025-10-23,4114.7998046875,4171.5,4145.60009765625,271973.0,4079.60009765625
2025-10-24,4144.0,4159.0,4137.7998046875,297599.0,4055.699951171875
2025-10-27,4103.2001953125,4123.7998046875,4019.699951171875,330749.0,3985.89990234375
2025-10-28,3999.89990234375,4034.199951171875,3983.10009765625,338428.0,3901.300048828125
2025-10-29,3967.199951171875,4046.199951171875,4000.699951171875,288266.0,3930.0
2025-10-30,3942.800048828125,4041.5,4015.89990234375,246321.0,3925.10009765625
2025-10-31,4038.199951171875,4059.89990234375,3996.5,237172.0,3982.300048828125
2025-11-03,4001.0,4043.10009765625,4014.0,0.0,3971.300048828125
2025-11-04,4013.699951171875,4018.0,3960.5,250259.0,3937.10009765625
2025-11-05,3939.5,4000.699951171875,3992.89990234375,175161.0,3935.699951171875
2025-11-06,3992.39990234375,4028.699951171875,3991.0,188688.0,3973.199951171875
2025-11-07,3986.89990234375,4035.800048828125,4009.800048828125,208649.0,3981.60009765625
2025-11-10,4007.199951171875,4124.0,4122.0,253812.0,4004.199951171875
2025-11-11,4124.0,4155.0,4116.2998046875,252249.0,4102.7998046875
2025-11-12,4132.2001953125,4218.5,4213.60009765625,296796.0,4104.39990234375
2025-11-13,4202.39990234375,4250.0,4194.5,319216.0,4148.5
2025-11-14,4174.89990234375,4215.10009765625,4094.199951171875,342176.0,4032.60009765625
2025-11-17,4084.39990234375,4107.60009765625,4074.5,235352.0,4006.800048828125
2025-11-18,4045.60009765625,4083.699951171875,4066.5,233302.0,3997.39990234375
2025-11-19,4067.800048828125,4134.2998046875,4082.800048828125,233696.0,4055.60009765625
2025-11-20,4079.89990234375,4109.60009765625,4060.0,272355.0,4034.0
2025-11-21,4074.89990234375,4101.0,4079.5,257813.0,4018.10009765625
2025-11-24,4069.199951171875,4138.2001953125,4094.199951171875,223055.0,4036.39990234375
2025-11-25,4133.5,4156.2998046875,4140.0,132704.0,4106.7001953125
2025-11-26,4128.60009765625,4171.0,4165.2001953125,25088.0,4127.5
2025-11-28,4198.60009765625,4263.10009765625,4254.89990234375,154806.0,4174.60009765625
2025-12-01,4258.5,4299.60009765625,4274.7998046875,227572.0,4241.10009765625
2025-12-02,4265.2998046875,4269.2001953125,4220.7998046875,215921.0,4194.0
2025-12-03,4241.60009765625,4273.2998046875,4232.5,176443.0,4225.10009765625
2025-12-04,4234.5,4251.10009765625,4243.0,161251.0,4203.2998046875
2025-12-05,4239.5,4290.5,4243.0,193599.0,4221.39990234375
2025-12-08,4228.10009765625,4247.89990234375,4217.7001953125,149813.0,4204.0
2025-12-09,4219.60009765625,4251.7001953125,4236.2001953125,177366.0,4197.7998046875
2025-12-10,4237.5,4268.7998046875,4224.7001953125,186178.0,4207.7998046875
2025-12-11,4258.2998046875,4317.2998046875,4313.0,228282.0,4231.2001953125
2025-12-12,4309.10009765625,4387.7998046875,4328.2998046875,292175.0,4286.0
2025-12-15,4330.0,4384.2998046875,4335.2001953125,207700.0,4315.89990234375
2025-12-16,4334.2998046875,4367.89990234375,4332.2998046875,212277.0,4297.39990234375
2025-12-17,4333.5,4383.60009765625,4373.89990234375,212413.0,4330.7001953125
2025-12-18,4371.5,4409.5,4364.5,234460.0,4338.0
2025-12-19,4363.60009765625,4389.0,4387.2998046875,165214.0,4336.2998046875
2025-12-22,4369.89990234375,4484.5,4469.39990234375,203043.0,4367.89990234375
2025-12-23,4481.7998046875,4530.7998046875,4505.7001953125,248418.0,4457.7001953125
2025-12-24,4516.7001953125,4555.10009765625,4502.7998046875,151576.0,4474.2998046875
2025-12-26,4523.5,4584.0,4552.7001953125,181246.0,4518.0
2025-12-29,4568.0,4581.2998046875,4343.60009765625,316961.0,4316.0
2025-12-30,4350.2998046875,4420.5,4386.2998046875,189751.0,4338.7998046875
2025-12-31,4353.0,4384.89990234375,4341.10009765625,161782.0,4284.2998046875
2026-01-02,4340.0,4414.7998046875,4329.60009765625,154807.0,4319.7001953125
2026-01-05,4368.2998046875,4467.60009765625,4451.5,211711.0,4354.60009765625
2026-01-06,4459.7998046875,4508.2998046875,4496.10009765625,176584.0,4437.89990234375
2026-01-07,4505.39990234375,4512.39990234375,4462.5,202783.0,4432.89990234375
2026-01-08,4467.10009765625,4489.2998046875,4460.7001953125,208958.0,4415.0
2026-01-09,4489.2998046875,4527.0,4500.89990234375,217946.0,4461.7998046875
2026-01-12,4529.10009765625,4640.5,4614.7001953125,307991.0,4520.7998046875
2026-01-13,4610.0,4644.0,4599.10009765625,267451.0,4576.7001953125
2026-01-14,4594.2998046875,4650.5,4635.7001953125,306299.0,4594.2998046875
2026-01-15,4635.7001953125,4637.2001953125,4623.7001953125,226481.0,4584.0
2026-01-16,4621.60009765625,4625.5,4595.39990234375,246155.0,4539.10009765625
2026-01-20,4633.7001953125,4771.5,4765.7998046875,414495.0,4622.2001953125
2026-01-21,4767.5,4891.10009765625,4837.5,400518.0,4757.10009765625
2026-01-22,4836.2001953125,4944.2998046875,4913.39990234375,265088.0,4772.7001953125
2026-01-23,4940.0,4991.39990234375,4979.7001953125,276594.0,4901.2001953125
2026-01-26,5013.39990234375,5107.89990234375,5082.5,433111.0,4983.60009765625
2026-01-27,5005.5,5190.7998046875,5082.60009765625,325759.0,5004.5
2026-01-28,5179.0,5415.2001953125,5303.60009765625,112054.0,5154.7998046875
2026-01-29,5415.7001953125,5586.2001953125,5318.39990234375,570055.0,5097.5
2026-01-30,5410.0,5480.2001953125,4745.10009765625,508003.0,4700.39990234375
2026-02-02,4816.0,4905.60009765625,4652.60009765625,385977.0,4423.2001953125
2026-02-03,4691.0,5018.10009765625,4935.0,260114.0,4690.2001953125
2026-02-04,4966.10009765625,5113.89990234375,4950.7998046875,245957.0,4867.7001953125
2026-02-05,4986.60009765625,5045.0,4889.5,234592.0,4779.60009765625
2026-02-06,4800.0,4995.60009765625,4979.7998046875,177809.0,4670.0
2026-02-09,5003.60009765625,5111.10009765625,5079.39990234375,124150.0,4988.60009765625
2026-02-10,5084.2998046875,5102.7001953125,5031.0,105658.0,5011.0
2026-02-11,5048.0,5144.5,5098.5,129968.0,5036.2998046875
2026-02-12,5107.2998046875,5122.7998046875,4948.39990234375,161618.0,4900.0
2026-02-13,4950.0,5069.10009765625,5046.2998046875,123016.0,4907.10009765625
2026-02-17,5050.0,5074.39990234375,4905.89990234375,166706.0,4854.2001953125
2026-02-18,4898.5,5031.89990234375,5009.5,98203.0,4868.5
2026-02-19,4993.7001953125,5042.7998046875,4997.39990234375,87026.0,4971.5
2026-02-20,5015.0,5131.0,5080.89990234375,136737.0,4999.2998046875
2026-02-23,5128.7998046875,5257.2998046875,5225.60009765625,140957.0,5120.39990234375
2026-02-24,5247.5,5269.39990234375,5176.2998046875,145961.0,5109.5
2026-02-25,5160.0,5237.2998046875,5226.2001953125,110992.0,5135.89990234375
2026-02-26,5175.2998046875,5221.89990234375,5194.2001953125,131633.0,5144.7998046875
2026-02-27,5201.89990234375,5299.0,5247.89990234375,151664.0,5182.89990234375
2026-03-02,5360.0,5434.10009765625,5311.60009765625,227839.0,5272.89990234375
2026-03-03,5335.7001953125,5394.2001953125,5123.7001953125,273216.0,5005.0
2026-03-04,5110.0,5218.2998046875,5134.7001953125,146885.0,5092.7998046875
2026-03-05,5155.7001953125,5204.2998046875,5078.7001953125,151852.0,5058.89990234375
2026-03-06,5099.7001953125,5185.0,5158.7001953125,160268.0,5071.0
2026-03-09,5186.7001953125,5210.39990234375,5103.7001953125,181749.0,5021.2001953125
2026-03-10,5152.39990234375,5248.7001953125,5242.10009765625,179577.0,5127.10009765625
2026-03-11,5194.0,5230.89990234375,5179.10009765625,140336.0,5155.89990234375
2026-03-12,5185.39990234375,5197.7998046875,5125.7998046875,153533.0,5058.2001953125
2026-03-13,5084.0,5132.39990234375,5061.7001953125,160333.0,5014.10009765625
2026-03-16,5010.0,5044.5,5002.2001953125,170909.0,4970.10009765625
2026-03-17,5012.2001953125,5049.39990234375,5008.2001953125,119419.0,4977.0
2026-03-18,5010.60009765625,5022.0,4896.2001953125,217316.0,4809.2998046875
2026-03-19,4828.0,4868.7001953125,4605.7001953125,303828.0,4505.0
2026-03-20,4653.89990234375,4738.2001953125,4574.89990234375,226870.0,4478.39990234375
2026-03-23,4450.0,4537.10009765625,4407.2998046875,398666.0,4100.0
2026-03-24,4414.7998046875,4485.60009765625,4402.0,209745.0,4306.2998046875
2026-03-25,4473.5,4601.0,4552.2998046875,245178.0,4458.2001953125
2026-03-26,4508.89990234375,4541.60009765625,4376.2998046875,247440.0,4348.2001953125
2026-03-27,4371.7998046875,4552.10009765625,4492.5,74348.0,4369.10009765625
2026-03-30,4482.7998046875,4579.10009765625,4526.0,10816.0,4413.39990234375
2026-03-31,4510.0,4684.10009765625,4647.60009765625,176389.0,4508.60009765625
2026-04-01,4698.39990234375,4821.0,4813.10009765625,166758.0,4690.0
2026-04-02,4783.0,4825.89990234375,4679.7001953125,0.0,4580.39990234375
2026-04-06,4675.0,4733.10009765625,4684.7001953125,89405.0,4626.2001953125
2026-04-07,4678.60009765625,4745.7001953125,4684.7001953125,145711.0,4631.89990234375
2026-04-08,4747.2001953125,4888.0,4777.2001953125,215119.0,4720.60009765625
2026-04-09,4744.7998046875,4826.0,4818.0,133629.0,4718.60009765625
2026-04-10,4790.5,4820.0,4787.39990234375,121566.0,4752.7001953125
2026-04-13,4710.0,4774.39990234375,4767.39990234375,127322.0,4626.0
2026-04-14,4769.2998046875,4870.2998046875,4850.10009765625,129586.0,4767.60009765625
2026-04-15,4862.7001953125,4895.39990234375,4823.60009765625,106707.0,4807.89990234375
2026-04-16,4813.60009765625,4861.2998046875,4808.2998046875,108864.0,4792.10009765625
2026-04-17,4811.7998046875,4917.7001953125,4879.60009765625,135440.0,4785.89990234375
2026-04-20,4811.7998046875,4847.89990234375,4828.7998046875,123214.0,4752.0
2026-04-21,4842.39990234375,4854.7998046875,4719.60009765625,177092.0,4685.7998046875
2026-04-22,4738.7001953125,4790.7998046875,4753.0,100063.0,4733.10009765625
2026-04-23,4759.2001953125,4771.2998046875,4724.0,153536.0,4680.10009765625
2026-04-24,4715.60009765625,4757.10009765625,4740.89990234375,103218.0,4672.2001953125
2026-04-27,4713.10009765625,4745.7998046875,4693.7001953125,85748.0,4681.2001953125
2026-04-28,4697.5,4716.5,4608.39990234375,144757.0,4567.60009765625
2026-04-29,4611.39990234375,4624.2998046875,4561.5,126415.0,4522.2001953125
2026-04-30,4557.0,4658.7998046875,4629.60009765625,119642.0,4550.7998046875
2026-05-01,4636.89990234375,4673.0,4644.5,93230.0,4570.0
2026-05-04,4644.0,4650.60009765625,4533.2998046875,117006.0,4510.10009765625
2026-05-05,4534.0,4597.5,4568.5,88281.0,4522.7001953125
2026-05-06,4569.2998046875,4734.60009765625,4694.2998046875,160439.0,4556.10009765625
2026-05-07,4702.2001953125,4775.2001953125,4710.89990234375,159525.0,4693.2998046875
2026-05-08,4682.5,4760.39990234375,4730.7001953125,122010.0,4671.0
2026-05-11,4690.0,4758.39990234375,4728.7001953125,147404.0,4655.10009765625
2026-05-12,4745.2998046875,4783.39990234375,4686.7001953125,146315.0,4645.2001953125
2026-05-13,4722.2998046875,4734.7998046875,4706.7001953125,120048.0,4676.0
2026-05-14,4696.7998046875,4725.7998046875,4685.2998046875,102965.0,4649.2998046875
2026-05-15,4654.5,4670.10009765625,4561.89990234375,169760.0,4513.7998046875
2026-05-18,4547.60009765625,4588.60009765625,4558.0,151971.0,4483.5
2026-05-19,4570.60009765625,4593.2001953125,4511.2001953125,140957.0,4467.10009765625
2026-05-20,4486.60009765625,4558.39990234375,4535.2998046875,152270.0,4455.0
2026-05-21,4548.0,4572.39990234375,4542.5,153243.0,4488.2998046875
2026-05-22,4544.2001953125,4547.0,4523.2001953125,108508.0,4488.0
2026-05-26,4532.0,4583.2998046875,4502.2998046875,254516.0,4480.0
2026-05-27,4507.39990234375,4528.10009765625,4448.39990234375,81062.0,4398.5
2026-05-28,4453.60009765625,4512.60009765625,4499.2998046875,153472.0,4363.5
2026-05-29,4527.60009765625,4627.10009765625,4593.0,133439.0,4519.5
2026-06-01,4575.2001953125,4577.2998046875,4506.2998046875,116787.0,4476.0
2026-06-02,4515.7998046875,4571.2998046875,4519.89990234375,100306.0,4492.2998046875
2026-06-03,4520.0,4525.10009765625,4466.89990234375,106691.0,4454.0
2026-06-04,4462.60009765625,4543.2001953125,4505.0,109643.0,4450.10009765625
2026-06-05,4503.0,4508.7001953125,4365.2998046875,179306.0,4336.60009765625
2026-06-08,4354.0,4377.5,4363.39990234375,144089.0,4293.0
2026-06-09,4354.7001953125,4388.60009765625,4286.39990234375,138100.0,4259.89990234375
2026-06-10,4276.10009765625,4281.10009765625,4133.2998046875,206026.0,4090.10009765625
2026-06-11,4094.39990234375,4241.2998046875,4114.0,206270.0,4046.199951171875
2026-06-12,4234.89990234375,4267.7998046875,4238.7998046875,136146.0,4191.10009765625
2026-06-15,4289.39990234375,4391.5,4351.60009765625,132136.0,4283.39990234375
2026-06-16,4331.2998046875,4376.5,4354.39990234375,89925.0,4326.7001953125
2026-06-17,4352.60009765625,4403.60009765625,4381.39990234375,160543.0,4237.39990234375
2026-06-18,4275.10009765625,4350.2001953125,4245.89990234375,139534.0,4220.2998046875
2026-06-22,4163.89990234375,4238.10009765625,4202.7001953125,177657.0,4151.39990234375
2026-06-23,4210.7998046875,4216.0,4149.39990234375,118495.0,4108.2001953125
2026-06-24,4130.0,4132.39990234375,4008.800048828125,189386.0,3975.699951171875
2026-06-25,4019.0,4060.0,4047.60009765625,147347.0,3976.300048828125
2026-06-26,4044.39990234375,4111.5,4096.2998046875,118966.0,3998.10009765625
2026-06-29,4101.10009765625,4102.89990234375,4038.89990234375,107421.0,4012.0
2026-06-30,4032.5,4078.10009765625,4038.5,125413.0,3955.39990234375
2026-07-01,4025.0,4131.0,4082.39990234375,146949.0,3973.0
2026-07-02,4049.199951171875,4157.10009765625,4125.7001953125,0.0,4042.800048828125
2026-07-06,4187.5,4215.5,4167.5,147556.0,4140.60009765625
2026-07-07,4176.39990234375,4192.39990234375,4157.39990234375,110330.0,4102.7001953125
2026-07-08,4106.5,4144.7001953125,4082.39990234375,170826.0,4032.5
2026-07-09,4087.60009765625,4148.39990234375,4140.7998046875,125061.0,4063.39990234375
2026-07-10,4135.39990234375,4144.60009765625,4113.7001953125,98745.0,4081.699951171875
2026-07-13,4106.60009765625,4111.60009765625,4005.699951171875,154814.0,3992.89990234375
2026-07-14,4005.89990234375,4112.5,4069.699951171875,151122.0,3990.39990234375
2026-07-15,4059.800048828125,4089.10009765625,4051.800048828125,113034.0,4023.300048828125
2026-07-16,4068.89990234375,4071.89990234375,3992.10009765625,125063.0,3973.39990234375
2026-07-17,3980.10009765625,4028.89990234375,4018.800048828125,112279.0,3963.0
2026-07-20,4005.60009765625,4046.0,4015.89990234375,102847.0,3986.5
2026-07-21,4013.39990234375,4092.5,4076.39990234375,119957.0,4003.300048828125
2026-07-22,4084.699951171875,4171.39990234375,4151.89990234375,132783.0,4081.0
2026-07-23,4126.0,4144.0,4050.199951171875,159889.0,4042.5
2026-07-24,4053.39990234375,4085.199951171875,4070.800048828125,120072.0,4024.0
2026-07-27,4097.5,4119.2998046875,4077.0,135087.0,4067.10009765625
2026-07-28,4083.0,4085.699951171875,4038.699951171875,167757.0,4011.10009765625
2026-07-29,4020.89990234375,4115.2001953125,4036.300048828125,89664.0,3993.800048828125
2026-07-30,4060.699951171875,4118.5,4100.10009765625,149370.0,4028.5
2026-07-31,4163.89990234375,4170.7001953125,4107.0,110633.0,4076.39990234375
2026-08-03,4135.2001953125,4145.5,4090.5,93289.0,4074.0
2026-08-04,4109.60009765625,4163.7998046875,4152.60009765625,118831.0,4098.2001953125
2026-08-05,4133.7998046875,4328.2001953125,4305.2001953125,211902.0,4121.60009765625
2026-08-06,4307.0,4363.7001953125,4299.60009765625,167624.0,4281.2001953125
2026-08-07,4298.2998046875,4432.2998046875,4399.7001953125,190635.0,4288.0
2026-08-10,4400.0,4453.7998046875,4419.7001953125,118606.0,4373.89990234375
2026-08-11,4446.89990234375,4495.0,4441.10009765625,138129.0,4415.7001953125
2026-08-12,4430.0,4502.7001953125,4467.5,153093.0,4421.39990234375
2026-08-13,4468.7998046875,4509.10009765625,4420.39990234375,139219.0,4400.0
2026-08-14,4408.2001953125,4454.60009765625,4437.2998046875,126955.0,4365.5
2026-08-17,4440.0,4486.5,4473.7001953125,121052.0,4422.2998046875
2026-08-18,4473.39990234375,4493.10009765625,4420.60009765625,131150.0,4383.2998046875
2026-08-19,4391.39990234375,4582.7998046875,4545.2998046875,250482.0,4378.0
2026-08-20,4580.0,4597.10009765625,4571.39990234375,186475.0,4506.0
2026-08-21,4577.0,4690.39990234375,4680.60009765625,195566.0,4565.5
2026-08-24,4673.39990234375,4738.5,4697.7998046875,206802.0,4651.7998046875
2026-08-25,4710.10009765625,4755.0,4694.5,176784.0,4659.5
2026-08-26,4715.7001953125,4730.89990234375,4653.2998046875,151459.0,4638.2001953125
2026-08-27,4650.0,4697.7001953125,4664.0,140302.0,4616.0
2026-08-28,4656.0,4688.0,4529.89990234375,274603.0,4495.0
2026-08-31,4483.2001953125,4521.5,4481.5,152216.0,4445.60009765625
2026-09-01,4498.7001953125,4510.5,4396.39990234375,198560.0,4369.7001953125
2026-09-02,4377.2001953125,4444.39990234375,4414.60009765625,187568.0,4329.2001953125
2026-09-03,4436.39990234375,4558.5,4539.89990234375,209167.0,4426.7001953125
2026-09-04,4522.0,4537.7998046875,4476.60009765625,189656.0,4412.0
2026-09-08,4466.5,4488.7998046875,4439.0,217162.0,4381.0
2026-09-09,4399.0,4479.0,4460.7001953125,164390.0,4384.10009765625
2026-09-10,4448.0,4479.89990234375,4407.2998046875,201300.0,4354.7001953125
2026-09-11,4359.39990234375,4444.89990234375,4408.89990234375,187975.0,4333.0
2026-09-14,4375.0,4396.7998046875,4351.89990234375,164499.0,4293.0
2026-09-15,4340.2998046875,4358.2001953125,4332.7998046875,146019.0,4301.60009765625
2026-09-16,4333.5,4413.10009765625,4387.5,249081.0,4273.2998046875
2026-09-17,4301.39990234375,4423.2998046875,4399.7001953125,169188.0,4294.5
2026-09-18,4381.60009765625,4439.7998046875,4424.89990234375,142919.0,4372.2001953125
2026-09-21,4413.0,4422.10009765625,4383.89990234375,138203.0,4360.2998046875
2026-09-22,4382.5,4414.10009765625,4376.39990234375,178132.0,4327.60009765625
2026-09-23,4394.7001953125,4407.5,4318.39990234375,143873.0,4310.7001953125
2026-09-24,4324.39990234375,4338.0,4298.0,164814.0,4278.2998046875
2026-09-25,4309.5,4351.60009765625,4321.2001953125,140092.0,4289.2001953125
