,open,low,high,volume,close
2023-06-01,2.255000114440918,2.135999917984009,2.2829999923706055,210624.0,2.1579999923706055
2023-06-02,2.1630001068115234,2.138000011444092,2.2330000400543213,155169.0,2.171999931335449
2023-06-05,2.2139999866485596,2.184000015258789,2.316999912261963,149918.0,2.244999885559082
2023-06-06,2.2720000743865967,2.1730000972747803,2.2909998893737793,147732.0,2.26200008392334
2023-06-07,2.2639999389648438,2.25,2.3459999561309814,182391.0,2.3289999961853027
2023-06-08,2.3340001106262207,2.2769999504089355,2.380000114440918,217008.0,2.3519999980926514
2023-06-09,2.319999933242798,2.25,2.3380000591278076,169479.0,2.253999948501587
2023-06-12,2.303999900817871,2.2060000896453857,2.3239998817443848,174479.0,2.2660000324249268
2023-06-13,2.2839999198913574,2.2750000953674316,2.369999885559082,179755.0,2.3399999141693115
2023-06-14,2.3320000171661377,2.2939999103546143,2.390000104904175,141175.0,2.3420000076293945
2023-06-15,2.3459999561309814,2.315000057220459,2.568000078201294,260280.0,2.5329999923706055
2023-06-16,2.552000045776367,2.5220000743865967,2.6530001163482666,194535.0,2.631999969482422
2023-06-20,2.628999948501587,2.4839999675750732,2.696000099182129,198217.0,2.492000102996826
2023-06-21,2.486999988555908,2.447999954223633,2.6019999980926514,125413.0,2.5969998836517334
2023-06-22,2.5899999141693115,2.5290000438690186,2.631999969482422,109156.0,2.6080000400543213
2023-06-23,2.611999988555908,2.5199999809265137,2.740000009536743,84433.0,2.7290000915527344
2023-06-26,2.757999897003174,2.7200000286102295,2.815999984741211,31600.0,2.7909998893737793
2023-06-27,2.7769999504089355,2.7239999771118164,2.809000015258789,71154.0,2.763000011444092
2023-06-28,2.7880001068115234,2.5929999351501465,2.8389999866485596,137907.0,2.6029999256134033
2023-06-29,2.6619999408721924,2.615999937057495,2.746000051498413,118610.0,2.7009999752044678
2023-06-30,2.677000045776367,2.634000062942505,2.828000068664551,147265.0,2.7980000972747803
2023-07-03,2.7290000915527344,2.6700000762939453,2.746000051498413,79618.0,2.7090001106262207
2023-07-05,2.6989998817443848,2.6480000019073486,2.7929999828338623,124912.0,2.6570000648498535
2023-07-06,2.6519999504089355,2.5859999656677246,2.687000036239624,109301.0,2.6089999675750732
2023-07-07,2.634999990463257,2.5360000133514404,2.674999952316284,103593.0,2.5820000171661377
2023-07-10,2.569999933242798,2.569999933242798,2.691999912261963,124495.0,2.6689999103546143
2023-07-11,2.6670000553131104,2.630000114440918,2.747999906539917,130580.0,2.7309999465942383
2023-07-12,2.739000082015991,2.618000030517578,2.75,149633.0,2.631999969482422
2023-07-13,2.6589999198913574,2.5390000343322754,2.6659998893737793,148019.0,2.5450000762939453
2023-07-14,2.558000087738037,2.492000102996826,2.6059999465942383,134591.0,2.5390000343322754
2023-07-17,2.5480000972747803,2.4839999675750732,2.5799999237060547,110913.0,2.51200008392334
2023-07-18,2.5369999408721924,2.5290000438690186,2.6470000743865967,134874.0,2.628999948501587
2023-07-19,2.619999885559082,2.5840001106262207,2.6570000648498535,102069.0,2.6029999256134033
2023-07-20,2.628999948501587,2.617000102996826,2.7890000343322754,165848.0,2.756999969482422
2023-07-21,2.74399995803833,2.687000036239624,2.7860000133514404,94148.0,2.7130000591278076
2023-07-24,2.7209999561309814,2.6640000343322754,2.7669999599456787,54167.0,2.684999942779541
2023-07-25,2.703000068664551,2.6559998989105225,2.753999948501587,35545.0,2.7300000190734863
2023-07-26,2.7200000286102295,2.625,2.739000082015991,37310.0,2.6649999618530273
2023-07-27,2.627000093460083,2.4630000591278076,2.6500000953674316,166760.0,2.492000102996826
2023-07-28,2.6019999980926514,2.563999891281128,2.684999942779541,136505.0,2.638000011444092
2023-07-31,2.6589999198913574,2.6050000190734863,2.693000078201294,97877.0,2.634000062942505
2023-08-01,2.6440000534057617,2.5309998989105225,2.674999952316284,135522.0,2.559999942779541
2023-08-02,2.578000068664551,2.4570000171661377,2.5810000896453857,147612.0,2.4769999980926514
2023-08-03,2.4839999675750732,2.4739999771118164,2.5859999656677246,139151.0,2.565000057220459
2023-08-04,2.555999994277954,2.5290000438690186,2.61899995803833,104012.0,2.5769999027252197
2023-08-07,2.5789999961853027,2.571000099182129,2.753999948501587,228905.0,2.7249999046325684
2023-08-08,2.734999895095825,2.691999912261963,2.8010001182556152,186795.0,2.7769999504089355
2023-08-09,2.796999931335449,2.7709999084472656,3.0179998874664307,312252.0,2.9590001106262207
2023-08-10,2.9739999771118164,2.746999979019165,2.997999906539917,230514.0,2.763000011444092
2023-08-11,2.7799999713897705,2.7009999752044678,2.8329999446868896,163958.0,2.7699999809265137
2023-08-14,2.7760000228881836,2.749000072479248,2.8269999027252197,93502.0,2.7950000762939453
2023-08-15,2.809999942779541,2.6470000743865967,2.86299991607666,158887.0,2.6589999198913574
2023-08-16,2.6640000343322754,2.568000078201294,2.6740000247955322,142515.0,2.5920000076293945
2023-08-17,2.6050000190734863,2.575000047683716,2.6700000762939453,119544.0,2.621000051498413
2023-08-18,2.622999906539917,2.5239999294281006,2.635999917984009,128027.0,2.5510001182556152
2023-08-21,2.559999942779541,2.555000066757202,2.6600000858306885,102634.0,2.631999969482422
2023-08-22,2.618000030517578,2.5399999618530273,2.635999917984009,111965.0,2.559999942779541
2023-08-23,2.559999942779541,2.4730000495910645,2.5899999141693115,93844.0,2.496999979019165
2023-08-24,2.4839999675750732,2.424999952316284,2.565000057220459,76080.0,2.5190000534057617
2023-08-25,2.5169999599456787,2.4679999351501465,2.555000066757202,31329.0,2.5399999618530273
2023-08-28,2.634999990463257,2.5439999103546143,2.694999933242798,58220.0,2.5789999961853027
2023-08-29,2.5789999961853027,2.515000104904175,2.5989999771118164,145380.0,2.555999994277954
2023-08-30,2.680000066757202,2.6470000743865967,2.812999963760376,146876.0,2.7960000038146973
2023-08-31,2.802999973297119,2.7079999446868896,2.865000009536743,176016.0,2.7679998874664307
2023-09-01,2.765000104904175,2.734999895095825,2.859999895095825,127248.0,2.765000104904175
2023-09-05,2.700000047683716,2.565999984741211,2.7079999446868896,178329.0,2.5820000171661377
2023-09-06,2.5840001106262207,2.503000020980835,2.614000082015991,116663.0,2.509999990463257
2023-09-07,2.5160000324249268,2.5,2.614000082015991,140334.0,2.5789999961853027
2023-09-08,2.5789999961853027,2.572000026702881,2.6589999198913574,101228.0,2.6050000190734863
2023-09-11,2.609999895095825,2.5409998893737793,2.6389999389648438,110879.0,2.6080000400543213
2023-09-12,2.619999885559082,2.6040000915527344,2.7820000648498535,202189.0,2.743000030517578
2023-09-13,2.746999979019165,2.640000104904175,2.7769999504089355,191712.0,2.680000066757202
2023-09-14,2.7149999141693115,2.697000026702881,2.822999954223633,154082.0,2.7079999446868896
2023-09-15,2.7039999961853027,2.63700008392334,2.7360000610351562,127780.0,2.6440000534057617
2023-09-18,2.624000072479248,2.5999999046325684,2.744999885559082,128308.0,2.7279999256134033
2023-09-19,2.7290000915527344,2.7100000381469727,2.871999979019165,164806.0,2.8480000495910645
2023-09-20,2.819000005722046,2.693000078201294,2.8239998817443848,140309.0,2.7330000400543213
2023-09-21,2.7320001125335693,2.5950000286102295,2.759000062942505,99971.0,2.609999895095825
2023-09-22,2.624000072479248,2.6019999980926514,2.683000087738037,52641.0,2.63700008392334
2023-09-25,2.6570000648498535,2.6059999465942383,2.6710000038146973,36175.0,2.6389999389648438
2023-09-26,2.638000011444092,2.552000045776367,2.6670000553131104,57087.0,2.6559998989105225
2023-09-27,2.6559998989105225,2.640000104904175,2.7809998989105225,136011.0,2.7639999389648438
2023-09-28,2.8910000324249268,2.868000030517578,2.9809999465942383,123674.0,2.944999933242798
2023-09-29,2.9489998817443848,2.8550000190734863,2.996999979019165,114663.0,2.928999900817871
2023-10-02,2.9579999446868896,2.8350000381469727,2.9579999446868896,124338.0,2.8399999141693115
2023-10-03,2.8420000076293945,2.819999933242798,2.9660000801086426,128578.0,2.9489998817443848
2023-10-04,2.940000057220459,2.934999942779541,3.055000066757202,155568.0,2.9619998931884766
2023-10-05,2.98799991607666,2.9649999141693115,3.2049999237060547,220407.0,3.1659998893737793
2023-10-06,3.183000087738037,3.1659998893737793,3.364000082015991,247997.0,3.3380000591278076
2023-10-09,3.3499999046325684,3.322000026702881,3.4709999561309814,208300.0,3.375999927520752
2023-10-10,3.371000051498413,3.3359999656677246,3.4489998817443848,170101.0,3.381999969482422
2023-10-11,3.4049999713897705,3.2249999046325684,3.4539999961853027,211414.0,3.377000093460083
2023-10-12,3.384999990463257,3.2990000247955322,3.427999973297119,160315.0,3.3440001010894775
2023-10-13,3.3459999561309814,3.203000068664551,3.3480000495910645,139194.0,3.2360000610351562
2023-10-16,3.184999942779541,3.052999973297119,3.184999942779541,165019.0,3.1089999675750732
2023-10-17,3.124000072479248,3.0239999294281006,3.13700008392334,133591.0,3.0789999961853027
2023-10-18,3.061000108718872,3.0369999408721924,3.1579999923706055,122851.0,3.055999994277954
2023-10-19,3.072000026702881,2.943000078201294,3.0920000076293945,138650.0,2.9570000171661377
2023-10-20,2.9590001106262207,2.880000114440918,2.9769999980926514,144044.0,2.8989999294281006
2023-10-23,2.9049999713897705,2.8610000610351562,2.9509999752044678,99128.0,2.9260001182556152
2023-10-24,2.9179999828338623,2.875999927520752,2.996999979019165,65427.0,2.9709999561309814
2023-10-25,2.9749999046325684,2.9539999961853027,3.0339999198913574,31461.0,3.009999990463257
2023-10-26,3.0280001163482666,2.9769999980926514,3.2790000438690186,88611.0,3.2139999866485596
2023-10-27,3.250999927520752,3.135999917984009,3.4010000228881836,140955.0,3.1640000343322754
2023-10-30,3.4000000953674316,3.321000099182129,3.4049999713897705,119526.0,3.3519999980926514
2023-10-31,3.3299999237060547,3.318000078201294,3.630000114440918,238330.0,3.575000047683716
2023-11-01,3.5999999046325684,3.427999973297119,3.6080000400543213,151262.0,3.49399995803833
2023-11-02,3.50600004196167,3.4010000228881836,3.5199999809265137,118508.0,3.4719998836517334
2023-11-03,3.509999990463257,3.4519999027252197,3.5759999752044678,110113.0,3.515000104904175
2023-11-06,3.372999906539917,3.249000072479248,3.4070000648498535,185742.0,3.2639999389648438
2023-11-07,3.2730000019073486,3.0989999771118164,3.2950000762939453,186182.0,3.140000104904175
2023-11-08,3.1760001182556152,3.058000087738037,3.187999963760376,172750.0,3.1059999465942383
2023-11-09,3.121999979019165,3.0220000743865967,3.1619999408721924,142578.0,3.0409998893737793
2023-11-10,3.0380001068115234,2.989000082015991,3.0769999027252197,106720.0,3.0329999923706055
2023-11-13,3.063999891281128,3.061000108718872,3.246000051498413,165652.0,3.197000026702881
2023-11-14,3.2330000400543213,3.0859999656677246,3.2639999389648438,146724.0,3.1059999465942383
2023-11-15,3.1059999465942383,3.069999933242798,3.2750000953674316,153744.0,3.190000057220459
2023-11-16,3.1510000228881836,3.0280001163482666,3.265000104904175,179663.0,3.062000036239624
2023-11-17,3.055000066757202,2.8929998874664307,3.111999988555908,159777.0,2.9600000381469727
2023-11-20,2.9570000171661377,2.864000082015991,2.9579999446868896,113704.0,2.881999969482422
2023-11-21,2.885999917984009,2.8410000801086426,2.9210000038146973,103671.0,2.8459999561309814
2023-11-22,2.867000102996826,2.819000005722046,2.921999931335449,59224.0,2.8970000743865967
2023-11-23,2.8970000743865967,2.8589999675750732,2.937999963760376,59224.0,2.934000015258789
2023-11-24,2.8970000743865967,2.7980000972747803,2.9509999752044678,34118.0,2.8550000190734863
2023-11-27,2.7780001163482666,2.7090001106262207,2.819999933242798,67039.0,2.7939999103546143
2023-11-28,2.7899999618530273,2.6689999103546143,2.815000057220459,187190.0,2.7060000896453857
2023-11-29,2.7920000553131104,2.759999990463257,2.869999885559082,141591.0,2.803999900817871
2023-11-30,2.7990000247955322,2.760999917984009,2.8550000190734863,147752.0,2.802000045776367
2023-12-01,2.809000015258789,2.753999948501587,2.8440001010894775,133190.0,2.813999891281128
2023-12-04,2.7279999256134033,2.6489999294281006,2.752000093460083,161786.0,2.694000005722046
2023-12-05,2.6989998817443848,2.674999952316284,2.7860000133514404,119974.0,2.7100000381469727
2023-12-06,2.6989998817443848,2.5409998893737793,2.756999969482422,218374.0,2.569000005722046
2023-12-07,2.569000005722046,2.489000082015991,2.621000051498413,248396.0,2.5850000381469727
2023-12-08,2.559000015258789,2.5380001068115234,2.609999895095825,190998.0,2.5810000896453857
2023-12-11,2.490000009536743,2.2939999103546143,2.490000009536743,330300.0,2.430999994277954
2023-12-12,2.437999963760376,2.2760000228881836,2.4609999656677246,223455.0,2.311000108718872
2023-12-13,2.2780001163482666,2.234999895095825,2.384999990463257,255188.0,2.3350000381469727
2023-12-14,2.3529999256134033,2.328000068664551,2.421999931335449,159486.0,2.3919999599456787
2023-12-15,2.4079999923706055,2.380000114440918,2.5439999103546143,189244.0,2.490999937057495
2023-12-18,2.503000020980835,2.48799991607666,2.5969998836517334,154295.0,2.503000020980835
2023-12-19,2.5190000534057617,2.384999990463257,2.565000057220459,170435.0,2.492000102996826
2023-12-20,2.556999921798706,2.4100000858306885,2.5899999141693115,125263.0,2.447000026702881
2023-12-21,2.427000045776367,2.4079999923706055,2.6040000915527344,84545.0,2.572000026702881
2023-12-22,2.5840001106262207,2.5280001163482666,2.619999885559082,42835.0,2.609999895095825
2023-12-26,2.5450000762939453,2.4539999961853027,2.5810000896453857,50762.0,2.549999952316284
2023-12-27,2.5799999237060547,2.562000036239624,2.7219998836517334,129265.0,2.61899995803833
2023-12-28,2.4549999237060547,2.4119999408721924,2.5759999752044678,116059.0,2.556999921798706
2023-12-29,2.5390000343322754,2.489000082015991,2.561000108718872,89598.0,2.5139999389648438
2024-01-02,2.6050000190734863,2.5239999294281006,2.674999952316284,132454.0,2.568000078201294
2024-01-03,2.575000047683716,2.5369999408721924,2.7190001010894775,166472.0,2.6679999828338623
2024-01-04,2.687999963760376,2.680999994277954,2.86299991607666,206311.0,2.821000099182129
2024-01-05,2.8450000286102295,2.680999994277954,2.9059998989105225,187503.0,2.8929998874664307
2024-01-08,2.950000047683716,2.694000005722046,3.01200008392334,237672.0,2.9800000190734863
2024-01-09,2.943000078201294,2.884000062942505,3.3919999599456787,351780.0,3.190000057220459
2024-01-10,3.1670000553131104,2.9560000896453857,3.2260000705718994,258013.0,3.0390000343322754
2024-01-11,3.0290000438690186,2.944999933242798,3.2309999465942383,235033.0,3.0969998836517334
2024-01-12,3.118000030517578,3.1019999980926514,3.377000093460083,265883.0,3.312999963760376
2024-01-16,3.11299991607666,2.822000026702881,3.188999891281128,228164.0,2.9000000953674316
2024-01-17,2.8429999351501465,2.75600004196167,2.9579999446868896,150330.0,2.869999885559082
2024-01-18,2.875999927520752,2.6659998893737793,2.9600000381469727,151819.0,2.697000026702881
2024-01-19,2.7119998931884766,2.5139999389648438,2.7139999866485596,138427.0,2.5190000534057617
2024-01-22,2.380000114440918,2.311000108718872,2.4700000286102295,121583.0,2.4189999103546143
2024-01-23,2.437000036239624,2.325000047683716,2.49399995803833,69155.0,2.450000047683716
2024-01-24,2.497999906539917,2.494999885559082,2.696000099182129,65497.0,2.6410000324249268
2024-01-25,2.683000087738037,2.5260000228881836,2.884000062942505,44984.0,2.571000099182129
2024-01-26,2.6070001125335693,2.4240000247955322,2.803999900817871,73015.0,2.7119998931884766
2024-01-29,2.680000066757202,2.4110000133514404,2.759999990463257,164621.0,2.490000009536743
2024-01-30,2.059999942779541,2.0460000038146973,2.11899995803833,139745.0,2.0769999027252197
2024-01-31,2.0899999141693115,2.0369999408721924,2.1579999923706055,142856.0,2.0999999046325684
2024-02-01,2.134000062942505,2.0329999923706055,2.1679999828338623,161340.0,2.049999952316284
2024-02-02,2.053999900817871,2.0209999084472656,2.0999999046325684,125062.0,2.0789999961853027
2024-02-05,2.109999895095825,2.0409998893737793,2.127000093460083,136031.0,2.0820000171661377
2024-02-06,2.068000078201294,1.996999979019165,2.1019999980926514,137680.0,2.009000062942505
2024-02-07,2.003000020980835,1.9559999704360962,2.0399999618530273,204064.0,1.9670000076293945
2024-02-08,1.9700000286102295,1.8669999837875366,1.9930000305175781,237169.0,1.9170000553131104
2024-02-09,1.8849999904632568,1.8170000314712524,1.8849999904632568,247314.0,1.847000002861023
2024-02-12,1.8049999475479126,1.7319999933242798,1.8630000352859497,242152.0,1.7680000066757202
2024-02-13,1.753999948501587,1.6540000438690186,1.7860000133514404,286586.0,1.6890000104904175
2024-02-14,1.6690000295639038,1.590000033378601,1.684999942779541,208956.0,1.6089999675750732
2024-02-15,1.6109999418258667,1.5729999542236328,1.6690000295639038,183342.0,1.5809999704360962
2024-02-16,1.5889999866485596,1.5750000476837158,1.6369999647140503,170384.0,1.6089999675750732
2024-02-20,1.5329999923706055,1.5219999551773071,1.7089999914169312,201471.0,1.5759999752044678
2024-02-21,1.718999981880188,1.6770000457763672,1.7920000553131104,170658.0,1.7730000019073486
2024-02-22,1.784000039100647,1.6610000133514404,1.784000039100647,87803.0,1.7319999933242798
2024-02-23,1.722000002861023,1.5809999704360962,1.722000002861023,47590.0,1.6030000448226929
2024-02-26,1.659999966621399,1.593999981880188,1.7300000190734863,110505.0,1.659000039100647
2024-02-27,1.625,1.5110000371932983,1.7200000286102295,179943.0,1.6150000095367432
2024-02-28,1.8170000314712524,1.781999945640564,1.906000018119812,149429.0,1.8849999904632568
2024-02-29,1.8680000305175781,1.8289999961853027,1.9179999828338623,141543.0,1.8600000143051147
2024-03-01,1.8519999980926514,1.809999942779541,1.8880000114440918,105501.0,1.8350000381469727
2024-03-04,1.8730000257492065,1.8700000047683716,1.9889999628067017,185412.0,1.9160000085830688
2024-03-05,1.9279999732971191,1.8899999856948853,2.009000062942505,142113.0,1.9570000171661377
2024-03-06,1.9500000476837158,1.9210000038146973,1.9830000400543213,107219.0,1.9290000200271606
2024-03-07,1.9290000200271606,1.781999945640564,1.9550000429153442,173658.0,1.8179999589920044
2024-03-08,1.7960000038146973,1.7549999952316284,1.8370000123977661,143794.0,1.8049999475479126
2024-03-11,1.8049999475479126,1.746000051498413,1.840999960899353,159954.0,1.7589999437332153
2024-03-12,1.7580000162124634,1.690999984741211,1.8229999542236328,199589.0,1.7139999866485596
2024-03-13,1.7130000591278076,1.6510000228881836,1.7170000076293945,176633.0,1.6579999923706055
2024-03-14,1.6679999828338623,1.6430000066757202,1.7669999599456787,168141.0,1.7410000562667847
2024-03-15,1.7569999694824219,1.6460000276565552,1.7740000486373901,154729.0,1.6549999713897705
2024-03-18,1.6890000104904175,1.684000015258789,1.7619999647140503,137349.0,1.7029999494552612
2024-03-19,1.7170000076293945,1.7009999752044678,1.7690000534057617,128064.0,1.74399995803833
2024-03-20,1.75,1.6859999895095825,1.7649999856948853,115068.0,1.6990000009536743
2024-03-21,1.6990000009536743,1.6510000228881836,1.7130000591278076,77701.0,1.6829999685287476
2024-03-22,1.684000015258789,1.6469999551773071,1.7120000123977661,44514.0,1.659000039100647
2024-03-25,1.6640000343322754,1.5889999866485596,1.6749999523162842,84776.0,1.6150000095367432
2024-03-26,1.6080000400543213,1.4809999465942383,1.6469999551773071,123173.0,1.5750000476837158
2024-03-27,1.7890000343322754,1.7039999961853027,1.7890000343322754,144888.0,1.718000054359436
2024-03-28,1.7170000076293945,1.6859999895095825,1.7860000133514404,155745.0,1.7630000114440918
2024-04-01,1.7549999952316284,1.7059999704360962,1.8530000448226929,169145.0,1.8370000123977661
2024-04-02,1.8370000123977661,1.777999997138977,1.88100004196167,170434.0,1.8619999885559082
2024-04-03,1.8519999980926514,1.8359999656677246,1.906000018119812,133034.0,1.840999960899353
2024-04-04,1.843999981880188,1.7690000534057617,1.8530000448226929,179437.0,1.7740000486373901
2024-04-05,1.7790000438690186,1.7549999952316284,1.8229999542236328,191179.0,1.784999966621399
2024-04-08,1.7699999809265137,1.746000051498413,1.850000023841858,216676.0,1.843999981880188
2024-04-09,1.847000002861023,1.8380000591278076,1.9240000247955322,215016.0,1.871999979019165
2024-04-10,1.8880000114440918,1.8669999837875366,1.9429999589920044,174388.0,1.8849999904632568
2024-04-11,1.8739999532699585,1.753999948501587,1.8919999599456787,230318.0,1.7640000581741333
2024-04-12,1.7669999599456787,1.7309999465942383,1.784999966621399,162917.0,1.7699999809265137
2024-04-15,1.7719999551773071,1.6779999732971191,1.7920000553131104,170569.0,1.690999984741211
2024-04-16,1.6950000524520874,1.6490000486373901,1.8020000457763672,231556.0,1.7319999933242798
2024-04-17,1.6799999475479126,1.659999966621399,1.7239999771118164,152348.0,1.7120000123977661
2024-04-18,1.722000002861023,1.7130000591278076,1.7799999713897705,160729.0,1.7569999694824219
2024-04-19,1.7410000562667847,1.7239999771118164,1.805999994277954,154111.0,1.7519999742507935
2024-04-22,1.7649999856948853,1.7209999561309814,1.7999999523162842,107242.0,1.7910000085830688
2024-04-23,1.7979999780654907,1.7450000047683716,1.8480000495910645,71346.0,1.812000036239624
2024-04-24,1.8359999656677246,1.6339999437332153,1.840000033378601,58154.0,1.652999997138977
2024-04-25,1.6440000534057617,1.5829999446868896,1.6749999523162842,75479.0,1.6380000114440918
2024-04-26,1.621999979019165,1.4819999933242798,1.628000020980835,119516.0,1.6139999628067017
2024-04-29,1.9229999780654907,1.9160000085830688,2.055999994277954,158855.0,2.0299999713897705
2024-04-30,2.049999952316284,1.9509999752044678,2.0920000076293945,150370.0,1.9910000562667847
2024-05-01,1.9539999961853027,1.9129999876022339,1.9700000286102295,135918.0,1.9320000410079956
2024-05-02,1.930999994277954,1.9270000457763672,2.049999952316284,153739.0,2.0350000858306885
2024-05-03,2.0309998989105225,2.01200008392334,2.1600000858306885,209456.0,2.1419999599456787
2024-05-06,2.1700000762939453,2.132999897003174,2.26200008392334,196381.0,2.194999933242798
2024-05-07,2.2060000896453857,2.1419999599456787,2.2300000190734863,149430.0,2.2070000171661377
2024-05-08,2.2190001010894775,2.1670000553131104,2.2739999294281006,149910.0,2.187000036239624
2024-05-09,2.186000108718872,2.1530001163482666,2.315999984741211,207677.0,2.3010001182556152
2024-05-10,2.306999921798706,2.242000102996826,2.3440001010894775,142992.0,2.252000093460083
2024-05-13,2.25,2.2139999866485596,2.384000062942505,164690.0,2.38100004196167
2024-05-14,2.361999988555908,2.305999994277954,2.3970000743865967,147573.0,2.3440001010894775
2024-05-15,2.3429999351501465,2.312999963760376,2.4240000247955322,180743.0,2.4159998893737793
2024-05-16,2.4049999713897705,2.3889999389648438,2.575000047683716,229617.0,2.494999885559082
2024-05-17,2.486999988555908,2.484999895095825,2.6540000438690186,185798.0,2.625999927520752
2024-05-20,2.6589999198913574,2.625,2.75600004196167,211255.0,2.750999927520752
2024-05-21,2.7330000400543213,2.640000104904175,2.7980000972747803,174162.0,2.6710000038146973
2024-05-22,2.6649999618530273,2.6089999675750732,2.8510000705718994,184820.0,2.8420000076293945
2024-05-23,2.7990000247955322,2.640000104904175,2.9240000247955322,116689.0,2.6570000648498535
2024-05-24,2.6760001182556152,2.493000030517578,2.7090001106262207,51814.0,2.5199999809265137
2024-05-28,2.503000020980835,2.4749999046325684,2.621000051498413,86031.0,2.5899999141693115
2024-05-29,2.5940001010894775,2.4170000553131104,2.6689999103546143,161403.0,2.493000030517578
2024-05-30,2.6619999408721924,2.562000036239624,2.681999921798706,160060.0,2.572000026702881
2024-05-31,2.569999933242798,2.5179998874664307,2.624000072479248,139119.0,2.5869998931884766
2024-06-03,2.6449999809265137,2.628000020980835,2.7990000247955322,233692.0,2.75600004196167
2024-06-04,2.7720000743865967,2.572999954223633,2.8289999961853027,221922.0,2.5859999656677246
2024-06-05,2.617000102996826,2.6050000190734863,2.7869999408721924,201665.0,2.756999969482422
2024-06-06,2.76200008392334,2.7239999771118164,2.877000093460083,194237.0,2.821000099182129
2024-06-07,2.813999891281128,2.7909998893737793,2.9670000076293945,209110.0,2.9179999828338623
2024-06-10,2.9800000190734863,2.861999988555908,3.0959999561309814,269719.0,2.9059998989105225
2024-06-11,2.984999895095825,2.9660000801086426,3.1589999198913574,227818.0,3.128999948501587
2024-06-12,3.130000114440918,2.994999885559082,3.131999969482422,224795.0,3.0450000762939453
2024-06-13,3.0280001163482666,2.8980000019073486,3.0910000801086426,209730.0,2.9590001106262207
2024-06-14,2.9210000038146973,2.869999885559082,3.0,154123.0,2.88100004196167
2024-06-17,2.8459999561309814,2.759000062942505,2.8480000495910645,152241.0,2.7880001068115234
2024-06-18,2.7720000743865967,2.7720000743865967,2.9159998893737793,147414.0,2.9089999198913574
2024-06-20,2.9030001163482666,2.7230000495910645,2.947999954223633,186686.0,2.740999937057495
2024-06-21,2.7249999046325684,2.671999931335449,2.7699999809265137,79372.0,2.7049999237060547
2024-06-24,2.6700000762939453,2.634999990463257,2.8340001106262207,45418.0,2.811000108718872
2024-06-25,2.815999984741211,2.6989998817443848,2.8440001010894775,78233.0,2.75600004196167
2024-06-26,2.736999988555908,2.61299991607666,2.746000051498413,141345.0,2.628000020980835
2024-06-27,2.7339999675750732,2.6730000972747803,2.7839999198913574,139995.0,2.684999942779541
2024-06-28,2.7019999027252197,2.5940001010894775,2.765000104904175,151326.0,2.6010000705718994
2024-07-01,2.5759999752044678,2.4709999561309814,2.6019999980926514,181931.0,2.4779999256134033
2024-07-02,2.4760000705718994,2.4149999618530273,2.4839999675750732,154263.0,2.434999942779541
2024-07-03,2.4660000801086426,2.4100000858306885,2.4800000190734863,125894.0,2.4179999828338623
2024-07-05,2.4210000038146973,2.315000057220459,2.440000057220459,156544.0,2.319000005722046
2024-07-08,2.2699999809265137,2.2679998874664307,2.390000104904175,162309.0,2.365999937057495
2024-07-09,2.372999906539917,2.3310000896453857,2.447999954223633,155187.0,2.3440001010894775
2024-07-10,2.3459999561309814,2.2920000553131104,2.384999990463257,146358.0,2.3289999961853027
2024-07-11,2.3259999752044678,2.260999917984009,2.3429999351501465,122365.0,2.2679998874664307
2024-07-12,2.2669999599456787,2.249000072479248,2.3499999046325684,129723.0,2.3289999961853027
2024-07-15,2.2730000019073486,2.1470000743865967,2.2850000858306885,189516.0,2.1579999923706055
2024-07-16,2.1700000762939453,2.1489999294281006,2.2179999351501465,131219.0,2.187999963760376
2024-07-17,2.180999994277954,2.015000104904175,2.2079999446868896,212196.0,2.0350000858306885
2024-07-18,2.046999931335449,2.0239999294281006,2.134000062942505,159464.0,2.125
2024-07-19,2.0889999866485596,2.056999921798706,2.1429998874664307,101992.0,2.128000020980835
2024-07-22,2.1040000915527344,2.0899999141693115,2.2699999809265137,148699.0,2.250999927520752
2024-07-23,2.244999885559082,2.122999906539917,2.265000104904175,112276.0,2.187000036239624
2024-07-24,2.1530001163482666,2.1019999980926514,2.1700000762939453,65013.0,2.117000102996826
2024-07-25,2.125999927520752,2.0350000858306885,2.1549999713897705,44964.0,2.0409998893737793
2024-07-26,2.052000045776367,1.99399995803833,2.0840001106262207,58506.0,2.00600004196167
2024-07-29,2.0160000324249268,1.8559999465942383,2.055999994277954,162676.0,1.906999945640564
2024-07-30,2.065000057220459,1.9910000562667847,2.134999990463257,157477.0,2.125999927520752
2024-07-31,2.119999885559082,2.0230000019073486,2.1489999294281006,167713.0,2.0360000133514404
2024-08-01,2.0460000038146973,1.965000033378601,2.125999927520752,215979.0,1.968000054359436
2024-08-02,1.9850000143051147,1.9199999570846558,2.0230000019073486,164207.0,1.9670000076293945
2024-08-05,1.9500000476837158,1.8819999694824219,1.9739999771118164,150595.0,1.9420000314712524
2024-08-06,1.9570000171661377,1.899999976158142,2.0329999923706055,154471.0,2.009999990463257
2024-08-07,2.0250000953674316,2.009999990463257,2.119999885559082,226781.0,2.111999988555908
2024-08-08,2.0999999046325684,2.0280001163482666,2.178999900817871,232204.0,2.127000093460083
2024-08-09,2.1510000228881836,2.1040000915527344,2.187000036239624,183426.0,2.1429998874664307
2024-08-12,2.1730000972747803,2.1549999713897705,2.25600004196167,181250.0,2.188999891281128
2024-08-13,2.174999952316284,2.134000062942505,2.239000082015991,202099.0,2.1480000019073486
2024-08-14,2.1600000858306885,2.1440000534057617,2.2760000228881836,189925.0,2.2190001010894775
2024-08-15,2.2279999256134033,2.188999891281128,2.3010001182556152,165423.0,2.197000026702881
2024-08-16,2.2049999237060547,2.1110000610351562,2.2160000801086426,140820.0,2.122999906539917
2024-08-19,2.125,2.0969998836517334,2.253999948501587,179074.0,2.234999895095825
2024-08-20,2.246000051498413,2.1730000972747803,2.2780001163482666,129952.0,2.197999954223633
2024-08-21,2.2009999752044678,2.13100004196167,2.2279999256134033,124659.0,2.177000045776367
2024-08-22,2.187999963760376,2.0309998989105225,2.200000047683716,153777.0,2.052999973297119
2024-08-23,2.061000108718872,2.005000114440918,2.0739998817443848,62492.0,2.0220000743865967
2024-08-26,2.003999948501587,1.944000005722046,2.0220000743865967,50432.0,1.9559999704360962
2024-08-27,1.9559999704360962,1.875,1.9739999771118164,68871.0,1.9040000438690186
2024-08-28,1.9240000247955322,1.8559999465942383,2.0,165219.0,1.9299999475479126
2024-08-29,2.0969998836517334,2.0260000228881836,2.1489999294281006,154737.0,2.13700008392334
2024-08-30,2.1449999809265137,2.0929999351501465,2.1710000038146973,131106.0,2.127000093460083
2024-09-03,2.1459999084472656,2.075000047683716,2.2249999046325684,221115.0,2.203000068664551
2024-09-04,2.197000026702881,2.13100004196167,2.2699999809265137,150022.0,2.1449999809265137
2024-09-05,2.1389999389648438,2.117000102996826,2.2860000133514404,196899.0,2.253999948501587
2024-09-06,2.260999917984009,2.2320001125335693,2.2939999103546143,121498.0,2.2750000953674316
2024-09-09,2.2200000286102295,2.1410000324249268,2.246999979019165,121498.0,2.1700000762939453
2024-09-10,2.1489999294281006,2.125,2.257999897003174,183556.0,2.2320001125335693
2024-09-11,2.2360000610351562,2.2139999866485596,2.325000047683716,198836.0,2.2699999809265137
2024-09-12,2.2860000133514404,2.2290000915527344,2.3940000534057617,231423.0,2.3570001125335693
2024-09-13,2.36299991607666,2.2939999103546143,2.4070000648498535,173713.0,2.305000066757202
2024-09-16,2.2980000972747803,2.265000104904175,2.3970000743865967,163817.0,2.372999906539917
2024-09-17,2.3910000324249268,2.306999921798706,2.436000108718872,171895.0,2.3239998817443848
2024-09-18,2.312000036239624,2.2750000953674316,2.377000093460083,137696.0,2.2839999198913574
2024-09-19,2.2880001068115234,2.2230000495910645,2.3610000610351562,190187.0,2.3480000495910645
2024-09-20,2.3580000400543213,2.313999891281128,2.4600000381469727,161905.0,2.434000015258789
2024-09-23,2.4619998931884766,2.4579999446868896,2.6459999084472656,124650.0,2.61299991607666
2024-09-24,2.634000062942505,2.5350000858306885,2.6740000247955322,61695.0,2.5510001182556152
2024-09-25,2.5829999446868896,2.562999963760376,2.6579999923706055,91605.0,2.63700008392334
2024-09-26,2.640000104904175,2.5239999294281006,2.690000057220459,187374.0,2.5850000381469727
2024-09-27,2.74399995803833,2.7200000286102295,2.931999921798706,224258.0,2.9019999504089355
2024-09-30,2.8989999294281006,2.865000009536743,2.947999954223633,156783.0,2.9230000972747803
2024-10-01,2.9070000648498535,2.825000047683716,2.941999912261963,161084.0,2.8959999084472656
2024-10-02,2.8980000019073486,2.869999885559082,3.0,162673.0,2.885999917984009
2024-10-03,2.9210000038146973,2.9000000953674316,2.98799991607666,133170.0,2.9700000286102295
2024-10-04,2.9709999561309814,2.8310000896453857,3.0190000534057617,173745.0,2.8540000915527344
2024-10-07,2.8269999027252197,2.7049999237060547,2.8389999866485596,216871.0,2.746000051498413
2024-10-08,2.7330000400543213,2.6989998817443848,2.7809998989105225,162513.0,2.7330000400543213
2024-10-09,2.7090001106262207,2.631999969482422,2.7239999771118164,190644.0,2.6600000858306885
2024-10-10,2.6470000743865967,2.5880000591278076,2.700000047683716,188461.0,2.674999952316284
2024-10-11,2.687000036239624,2.615000009536743,2.7269999980926514,150928.0,2.631999969482422
2024-10-14,2.624000072479248,2.4760000705718994,2.625,139692.0,2.49399995803833
2024-10-15,2.4820001125335693,2.444999933242798,2.549999952316284,156441.0,2.497999906539917
2024-10-16,2.48799991607666,2.3580000400543213,2.496999979019165,173482.0,2.367000102996826
2024-10-17,2.377000093460083,2.3380000591278076,2.4170000553131104,135847.0,2.3469998836517334
2024-10-18,2.3489999771118164,2.247999906539917,2.369999885559082,164160.0,2.257999897003174
2024-10-21,2.2200000286102295,2.2100000381469727,2.36899995803833,154025.0,2.312000036239624
2024-10-22,2.364000082015991,2.2709999084472656,2.375,198772.0,2.311000108718872
2024-10-23,2.3010001182556152,2.257999897003174,2.441999912261963,145225.0,2.3420000076293945
2024-10-24,2.4000000953674316,2.372999906539917,2.5820000171661377,139719.0,2.5220000743865967
2024-10-25,2.5309998989105225,2.4600000381469727,2.5789999961853027,67455.0,2.559999942779541
2024-10-28,2.505000114440918,2.2679998874664307,2.5160000324249268,89409.0,2.309000015258789
2024-10-29,2.259000062942505,2.200000047683716,2.3910000324249268,143883.0,2.3459999561309814
2024-10-30,2.9049999713897705,2.7699999809265137,2.9189999103546143,162834.0,2.8450000286102295
2024-10-31,2.812999963760376,2.687999963760376,2.8299999237060547,185486.0,2.7070000171661377
2024-11-01,2.7019999027252197,2.631999969482422,2.7239999771118164,166422.0,2.6630001068115234
2024-11-04,2.559999942779541,2.5139999389648438,2.7950000762939453,201168.0,2.7809998989105225
2024-11-05,2.7890000343322754,2.6510000228881836,2.818000078201294,153934.0,2.6700000762939453
2024-11-06,2.678999900817871,2.6600000858306885,2.7960000038146973,157298.0,2.746999979019165
2024-11-07,2.7109999656677246,2.6559998989105225,2.7780001163482666,165551.0,2.693000078201294
2024-11-08,2.694000005722046,2.6429998874664307,2.747999906539917,158000.0,2.6689999103546143
2024-11-11,2.7699999809265137,2.7690000534057617,2.9560000896453857,252383.0,2.9200000762939453
2024-11-12,2.9519999027252197,2.8550000190734863,3.013000011444092,245266.0,2.9070000648498535
2024-11-13,2.9140000343322754,2.8299999237060547,3.0199999809265137,218400.0,2.9830000400543213
2024-11-14,2.9809999465942383,2.759000062942505,2.984999895095825,209678.0,2.7850000858306885
2024-11-15,2.765000104904175,2.687999963760376,2.8429999351501465,181092.0,2.822999954223633
2024-11-18,2.924999952316284,2.8320000171661377,2.9769999980926514,188338.0,2.9730000495910645
2024-11-19,2.9509999752044678,2.9049999713897705,3.058000087738037,211932.0,2.997999906539917
2024-11-20,2.9619998931884766,2.941999912261963,3.236999988555908,225693.0,3.193000078201294
2024-11-21,3.2160000801086426,3.194999933242798,3.4509999752044678,192156.0,3.3389999866485596
2024-11-22,3.390000104904175,3.071000099182129,3.562999963760376,95807.0,3.128999948501587
2024-11-25,3.3559999465942383,3.2639999389648438,3.4609999656677246,108485.0,3.36899995803833
2024-11-26,3.3299999237060547,3.255000114440918,3.5,222049.0,3.430999994277954
2024-11-27,3.4679999351501465,3.188999891281128,3.4700000286102295,214291.0,3.2039999961853027
2024-11-29,3.194999933242798,3.174999952316284,3.384000062942505,163060.0,3.36299991607666
2024-12-02,3.2200000286102295,3.1480000019073486,3.2790000438690186,208653.0,3.2130000591278076
2024-12-03,3.2070000171661377,3.0299999713897705,3.2170000076293945,184347.0,3.0420000553131104
2024-12-04,3.0480000972747803,2.9769999980926514,3.0880000591278076,171700.0,3.0429999828338623
2024-12-05,3.071000099182129,3.0350000858306885,3.1549999713897705,183885.0,3.0789999961853027
2024-12-06,3.0869998931884766,3.003999948501587,3.1080000400543213,188687.0,3.0759999752044678
2024-12-09,3.259999990463257,3.13700008392334,3.3239998817443848,258430.0,3.181999921798706
2024-12-10,3.188999891281128,3.069000005722046,3.193000078201294,233880.0,3.1630001068115234
2024-12-11,3.193000078201294,3.180999994277954,3.4040000438690186,276534.0,3.378000020980835
2024-12-12,3.364000082015991,3.2820000648498535,3.559000015258789,328089.0,3.4549999237060547
2024-12-13,3.4579999446868896,3.2639999389648438,3.489000082015991,213643.0,3.2799999713897705
2024-12-16,3.2100000381469727,3.1449999809265137,3.253000020980835,172230.0,3.2139999866485596
2024-12-17,3.2269999980926514,3.0910000801086426,3.3940000534057617,229155.0,3.308000087738037
2024-12-18,3.368000030517578,3.312000036239624,3.440999984741211,193391.0,3.374000072479248
2024-12-19,3.4049999713897705,3.3910000324249268,3.6459999084472656,195546.0,3.5840001106262207
2024-12-20,3.631999969482422,3.553999900817871,3.828000068664551,221930.0,3.747999906539917
2024-12-23,3.86899995803833,3.5810000896453857,3.944000005722046,125622.0,3.6559998989105225
2024-12-24,3.694999933242798,3.6659998893737793,3.9579999446868896,66852.0,3.946000099182129
2024-12-26,3.9700000286102295,3.6519999504089355,4.010000228881836,67209.0,3.7149999141693115
2024-12-27,3.7070000171661377,3.369999885559082,3.88700008392334,189959.0,3.5139999389648438
2024-12-30,3.6570000648498535,3.6480000019073486,4.201000213623047,374324.0,3.936000108718872
2024-12-31,3.9149999618530273,3.5769999027252197,4.01200008392334,184552.0,3.632999897003174
2025-01-02,3.6559998989105225,3.5409998893737793,3.8010001182556152,156670.0,3.6600000858306885
2025-01-03,3.6689999103546143,3.3299999237060547,3.680000066757202,188094.0,3.3540000915527344
2025-01-06,3.553999900817871,3.502000093460083,3.7260000705718994,228124.0,3.671999931335449
2025-01-07,3.7049999237060547,3.427000045776367,3.73799991607666,182148.0,3.4489998817443848
2025-01-08,3.447999954223633,3.427000045776367,3.694000005722046,189259.0,3.6510000228881836
2025-01-09,3.681999921798706,3.552000045776367,3.8299999237060547,145203.0,3.7009999752044678
2025-01-10,3.7090001106262207,3.684999942779541,4.01800012588501,229112.0,3.989000082015991
2025-01-13,4.3470001220703125,3.8450000286102295,4.36899995803833,195514.0,3.934000015258789
2025-01-14,3.930000066757202,3.7360000610351562,4.059000015258789,167416.0,3.9679999351501465
2025-01-15,3.9549999237060547,3.8589999675750732,4.140999794006348,169338.0,4.083000183105469
2025-01-16,4.130000114440918,4.01800012588501,4.328000068664551,193018.0,4.257999897003174
2025-01-17,4.28000020980835,3.9100000858306885,4.308000087738037,204277.0,3.947999954223633
2025-01-21,3.815000057220459,3.7190001010894775,3.9140000343322754,209907.0,3.75600004196167
2025-01-22,3.7860000133514404,3.7109999656677246,4.008999824523926,128783.0,3.9600000381469727
2025-01-23,4.000999927520752,3.8610000610351562,4.047999858856201,120839.0,3.944999933242798
2025-01-24,3.933000087738037,3.808000087738037,4.050000190734863,87568.0,4.0269999504089355
2025-01-27,3.7850000858306885,3.6089999675750732,3.8269999027252197,66940.0,3.697000026702881
2025-01-28,3.6989998817443848,3.3610000610351562,3.7200000286102295,63816.0,3.4709999561309814
2025-01-29,3.3350000381469727,3.312999963760376,3.5880000591278076,167840.0,3.5350000858306885
2025-01-30,3.174999952316284,3.0350000858306885,3.240000009536743,201741.0,3.046999931335449
2025-01-31,3.0810000896453857,2.990000009536743,3.118000030517578,138212.0,3.0439999103546143
2025-02-03,3.2300000190734863,3.2300000190734863,3.4070000648498535,273510.0,3.3519999980926514
2025-02-04,3.3269999027252197,3.1679999828338623,3.3499999046325684,182531.0,3.253000020980835
2025-02-05,3.2290000915527344,3.1610000133514404,3.375,170256.0,3.359999895095825
2025-02-06,3.3550000190734863,3.302999973297119,3.434000015258789,177672.0,3.4079999923706055
2025-02-07,3.380000114440918,3.2960000038146973,3.434999942779541,188698.0,3.309000015258789
2025-02-10,3.4059998989105225,3.3519999980926514,3.486999988555908,203924.0,3.444000005722046
2025-02-11,3.441999912261963,3.430999994277954,3.5759999752044678,219162.0,3.5190000534057617
2025-02-12,3.509999990463257,3.4690001010894775,3.5829999446868896,194725.0,3.565000057220459
2025-02-13,3.5910000801086426,3.5829999446868896,3.7860000133514404,305899.0,3.628000020980835
2025-02-14,3.6500000953674316,3.634999990463257,3.8010001182556152,201102.0,3.7249999046325684
2025-02-18,3.614000082015991,3.553999900817871,4.017000198364258,300505.0,4.006999969482422
2025-02-19,4.013000011444092,3.947000026702881,4.394000053405762,338827.0,4.28000020980835
2025-02-20,4.38100004196167,4.033999919891357,4.47599983215332,211817.0,4.1519999504089355
2025-02-21,4.173999786376953,4.1479997634887695,4.443999767303467,164320.0,4.234000205993652
2025-02-24,4.065000057220459,3.9059998989105225,4.090000152587891,82872.0,3.99399995803833
2025-02-25,3.986999988555908,3.934999942779541,4.185999870300293,91529.0,4.173999786376953
2025-02-26,4.130000114440918,3.859999895095825,4.211999893188477,172826.0,3.9059998989105225
2025-02-27,3.9660000801086426,3.878000020980835,4.065000057220459,171402.0,3.934000015258789
2025-02-28,3.938999891281128,3.813999891281128,3.9539999961853027,141989.0,3.8340001106262207
2025-03-03,3.7790000438690186,3.742000102996826,4.172999858856201,269838.0,4.122000217437744
2025-03-04,4.168000221252441,4.056000232696533,4.551000118255615,350513.0,4.349999904632568
2025-03-05,4.316999912261963,4.2270002365112305,4.51800012588501,224571.0,4.449999809265137
2025-03-06,4.466000080108643,4.254000186920166,4.4710001945495605,202475.0,4.302000045776367
2025-03-07,4.285999774932861,4.131999969482422,4.426000118255615,211901.0,4.39900016784668
2025-03-10,4.4670000076293945,4.447000026702881,4.901000022888184,221480.0,4.491000175476074
2025-03-11,4.460999965667725,4.334000110626221,4.5879998207092285,192161.0,4.453000068664551
2025-03-12,4.3460001945495605,4.0289998054504395,4.379000186920166,224052.0,4.084000110626221
2025-03-13,4.0320000648498535,3.9549999237060547,4.195000171661377,227071.0,4.111000061035156
2025-03-14,4.039999961853027,3.9619998931884766,4.140999794006348,144405.0,4.104000091552734
2025-03-17,4.124000072479248,3.9769999980926514,4.2179999351501465,153362.0,4.01800012588501
2025-03-18,4.002999782562256,3.9700000286102295,4.127999782562256,171724.0,4.052000045776367
2025-03-19,4.052000045776367,4.046000003814697,4.258999824523926,149299.0,4.247000217437744
2025-03-20,4.209000110626221,3.9549999237060547,4.247000217437744,185932.0,3.9749999046325684
2025-03-21,3.9609999656677246,3.864000082015991,4.045000076293945,125273.0,3.9800000190734863
2025-03-24,3.880000114440918,3.861999988555908,4.01200008392334,78987.0,3.9140000343322754
2025-03-25,3.9089999198913574,3.7960000038146973,3.990000009536743,50289.0,3.8399999141693115
2025-03-26,3.865999937057495,3.812999963760376,3.930000066757202,52751.0,3.8610000610351562
2025-03-27,3.8589999675750732,3.688999891281128,4.015999794006348,181918.0,3.950000047683716
2025-03-28,3.9149999618530273,3.8359999656677246,4.099999904632568,176361.0,4.065000057220459
2025-03-31,4.176000118255615,4.054999828338623,4.252999782562256,171857.0,4.11899995803833
2025-04-01,4.131999969482422,3.934000015258789,4.1479997634887695,156694.0,3.9509999752044678
2025-04-02,3.950000047683716,3.934999942779541,4.089000225067139,141243.0,4.054999828338623
2025-04-03,4.011000156402588,3.9679999351501465,4.203000068664551,165412.0,4.138000011444092
2025-04-04,4.11899995803833,3.811000108718872,4.1529998779296875,246548.0,3.8369998931884766
2025-04-07,3.811000108718872,3.5999999046325684,3.938999891281128,298843.0,3.6549999713897705
2025-04-08,3.630000114440918,3.4619998931884766,3.7829999923706055,278152.0,3.4649999141693115
2025-04-09,3.4809999465942383,3.3359999656677246,3.8289999961853027,359064.0,3.815999984741211
2025-04-10,3.746999979019165,3.4660000801086426,3.750999927520752,260676.0,3.556999921798706
2025-04-11,3.5199999809265137,3.3940000534057617,3.5759999752044678,181628.0,3.5269999504089355
2025-04-14,3.5,3.312000036239624,3.61299991607666,160225.0,3.325000047683716
2025-04-15,3.3450000286102295,3.2160000801086426,3.378000020980835,143589.0,3.3289999961853027
2025-04-16,3.318000078201294,3.2039999961853027,3.318000078201294,150410.0,3.246999979019165
2025-04-17,3.26200008392334,3.190999984741211,3.3340001106262207,145610.0,3.244999885559082
2025-04-21,3.197999954223633,2.99399995803833,3.2249999046325684,175116.0,3.0160000324249268
2025-04-22,3.0510001182556152,2.9549999237060547,3.0950000286102295,133976.0,3.006999969482422
2025-04-23,3.0460000038146973,2.9670000076293945,3.0739998817443848,86140.0,3.0220000743865967
2025-04-24,3.010999917984009,2.8580000400543213,3.0160000324249268,66984.0,2.930000066757202
2025-04-25,2.938999891281128,2.868000030517578,2.9830000400543213,58815.0,2.937000036239624
2025-04-28,2.884000062942505,2.8589999675750732,3.187000036239624,229473.0,3.1700000762939453
2025-04-29,3.319999933242798,3.306999921798706,3.4570000171661377,156565.0,3.385999917984009
2025-04-30,3.380000114440918,3.259999990463257,3.3989999294281006,145962.0,3.3259999752044678
2025-05-01,3.3529999256134033,3.3399999141693115,3.5399999618530273,159640.0,3.4790000915527344
2025-05-02,3.446000099182129,3.4179999828338623,3.6730000972747803,140954.0,3.630000114440918
2025-05-05,3.6710000038146973,3.5309998989105225,3.746999979019165,161317.0,3.549999952316284
2025-05-06,3.568000078201294,3.4230000972747803,3.6480000019073486,200855.0,3.4630000591278076
2025-05-07,3.486999988555908,3.486999988555908,3.6559998989105225,162366.0,3.621000051498413
2025-05-08,3.631999969482422,3.5269999504089355,3.7230000495910645,158746.0,3.5920000076293945
2025-05-09,3.621000051498413,3.61299991607666,3.815000057220459,174974.0,3.7950000762939453
2025-05-12,3.7750000953674316,3.6080000400543213,3.8399999141693115,163731.0,3.6459999084472656
2025-05-13,3.677000045776367,3.569999933242798,3.7279999256134033,130015.0,3.6470000743865967
2025-05-14,3.621999979019165,3.4539999961853027,3.634999990463257,119947.0,3.492000102996826
2025-05-15,3.4670000076293945,3.3350000381469727,3.499000072479248,152653.0,3.361999988555908
2025-05-16,3.371999979019165,3.305000066757202,3.4489998817443848,141334.0,3.3340001106262207
2025-05-19,3.2690000534057617,3.0980000495910645,3.2699999809265137,182905.0,3.11299991607666
2025-05-20,3.1070001125335693,3.1070001125335693,3.453000068664551,230771.0,3.427000045776367
2025-05-21,3.4149999618530273,3.3359999656677246,3.513000011444092,135733.0,3.368000030517578
2025-05-22,3.3559999465942383,3.23799991607666,3.38100004196167,91988.0,3.253000020980835
2025-05-23,3.2829999923706055,3.2170000076293945,3.3499999046325684,60597.0,3.3340001106262207
2025-05-27,3.375999927520752,3.2139999866485596,3.444999933242798,55895.0,3.3980000019073486
2025-05-28,3.4049999713897705,3.1519999504089355,3.510999917984009,204259.0,3.2039999961853027
2025-05-29,3.5350000858306885,3.437000036239624,3.5759999752044678,180662.0,3.5220000743865967
2025-05-30,3.5350000858306885,3.440000057220459,3.563999891281128,131545.0,3.447000026702881
2025-06-02,3.500999927520752,3.500999927520752,3.75,199977.0,3.694000005722046
2025-06-03,3.747999906539917,3.630000114440918,3.7639999389648438,139410.0,3.7219998836517334
2025-06-04,3.7290000915527344,3.6610000133514404,3.740000009536743,126093.0,3.7160000801086426
2025-06-05,3.703000068664551,3.619999885559082,3.7909998893737793,208764.0,3.677000045776367
2025-06-06,3.6530001163482666,3.6489999294281006,3.816999912261963,180631.0,3.7839999198913574
2025-06-09,3.7190001010894775,3.5810000896453857,3.7690000534057617,215678.0,3.634999990463257
2025-06-10,3.611999988555908,3.515000104904175,3.6619999408721924,179312.0,3.5329999923706055
2025-06-11,3.5260000228881836,3.453000068664551,3.625999927520752,211742.0,3.506999969482422
2025-06-12,3.5190000534057617,3.4660000801086426,3.6440000534057617,220853.0,3.492000102996826
2025-06-13,3.5409998893737793,3.499000072479248,3.622999906539917,133290.0,3.5810000896453857
2025-06-16,3.7039999961853027,3.634000062942505,3.759999990463257,171746.0,3.747999906539917
2025-06-17,3.746000051498413,3.7200000286102295,3.88100004196167,163883.0,3.8510000705718994
2025-06-18,3.861999988555908,3.813999891281128,4.001999855041504,0.0,3.989000082015991
2025-06-20,3.984999895095825,3.818000078201294,4.1479997634887695,194501.0,3.8469998836517334
2025-06-23,3.9489998817443848,3.6659998893737793,3.9489998817443848,102698.0,3.697999954223633
2025-06-24,3.680999994277954,3.5299999713897705,3.684000015258789,70983.0,3.5369999408721924
2025-06-25,3.5490000247955322,3.371999979019165,3.5869998931884766,74500.0,3.4059998989105225
2025-06-26,3.3940000534057617,3.1989998817443848,3.424999952316284,230496.0,3.260999917984009
2025-06-27,3.5299999713897705,3.513000011444092,3.750999927520752,153056.0,3.739000082015991
2025-06-30,3.734999895095825,3.4210000038146973,3.73799991607666,212922.0,3.4560000896453857
2025-07-01,3.453000068664551,3.2929999828338623,3.4679999351501465,177010.0,3.4149999618530273
2025-07-02,3.4170000553131104,3.365999937057495,3.5199999809265137,115605.0,3.48799991607666
2025-07-03,3.5,3.3919999599456787,3.5739998817443848,0.0,3.4089999198913574
2025-07-04,3.4030001163482666,3.365999937057495,3.434999942779541,0.0,3.38700008392334
2025-07-07,3.3440001010894775,3.2750000953674316,3.4719998836517334,163396.0,3.4119999408721924
2025-07-08,3.4059998989105225,3.325000047683716,3.4690001010894775,130237.0,3.3399999141693115
2025-07-09,3.3480000495910645,3.1489999294281006,3.3589999675750732,217203.0,3.2139999866485596
2025-07-10,3.2079999446868896,3.190999984741211,3.3980000019073486,163043.0,3.3369998931884766
2025-07-11,3.365000009536743,3.2929999828338623,3.4179999828338623,130290.0,3.313999891281128
2025-07-14,3.4040000438690186,3.382999897003174,3.499000072479248,149455.0,3.4660000801086426
2025-07-15,3.447000026702881,3.4010000228881836,3.5420000553131104,132955.0,3.5230000019073486
2025-07-16,3.5190000534057617,3.490999937057495,3.5980000495910645,116044.0,3.5510001182556152
2025-07-17,3.556999921798706,3.510999917984009,3.628999948501587,108569.0,3.5420000553131104
2025-07-18,3.5190000534057617,3.49399995803833,3.628000020980835,123961.0,3.565000057220459
2025-07-21,3.4639999866485596,3.2869999408721924,3.4749999046325684,176972.0,3.325000047683716
2025-07-22,3.316999912261963,3.2100000381469727,3.3310000896453857,124612.0,3.252000093460083
2025-07-23,3.253000020980835,3.061000108718872,3.2669999599456787,158442.0,3.0769999027252197
2025-07-24,3.069999933242798,3.065000057220459,3.1659998893737793,75361.0,3.0940001010894775
2025-07-25,3.109999895095825,3.068000078201294,3.1449999809265137,39115.0,3.109999895095825
2025-07-28,3.0929999351501465,2.9839999675750732,3.140000104904175,69852.0,2.98799991607666
2025-07-29,3.0339999198913574,3.010999917984009,3.111999988555908,117204.0,3.0810000896453857
2025-07-30,3.1640000343322754,3.0139999389648438,3.186000108718872,126252.0,3.0450000762939453
2025-07-31,3.0260000228881836,2.9719998836517334,3.114000082015991,168396.0,3.1059999465942383
2025-08-01,3.0999999046325684,3.0510001182556152,3.13100004196167,102378.0,3.0829999446868896
2025-08-04,3.065000057220459,2.8949999809265137,3.078000068664551,167435.0,2.931999921798706
2025-08-05,2.946000099182129,2.928999900817871,3.0409998893737793,134125.0,3.009999990463257
2025-08-06,3.015000104904175,2.944999933242798,3.0959999561309814,133710.0,3.0769999027252197
2025-08-07,3.0989999771118164,3.0350000858306885,3.1480000019073486,171662.0,3.066999912261963
2025-08-08,3.0859999656677246,2.9600000381469727,3.1059999465942383,164260.0,2.990000009536743
2025-08-11,2.8949999809265137,2.88100004196167,3.0,156872.0,2.9539999961853027
2025-08-12,2.9779999256134033,2.7739999294281006,2.984999895095825,219061.0,2.808000087738037
2025-08-13,2.7839999198913574,2.7639999389648438,2.8510000705718994,179251.0,2.828000068664551
2025-08-14,2.818000078201294,2.7739999294281006,2.8519999980926514,138654.0,2.8410000801086426
2025-08-15,2.8499999046325684,2.8359999656677246,2.9660000801086426,132775.0,2.9159998893737793
2025-08-18,2.877000093460083,2.7990000247955322,2.921999931335449,143784.0,2.890000104904175
2025-08-19,2.9049999713897705,2.7249999046325684,2.9119999408721924,171271.0,2.7660000324249268
2025-08-20,2.756999969482422,2.7249999046325684,2.7769999504089355,121113.0,2.752000093460083
2025-08-21,2.765000104904175,2.740000009536743,2.8489999771118164,115270.0,2.8259999752044678
2025-08-22,2.812999963760376,2.688999891281128,2.819000005722046,79364.0,2.697999954223633
2025-08-25,2.6389999389648438,2.621999979019165,2.7170000076293945,60316.0,2.696000099182129
2025-08-26,2.7109999656677246,2.6540000438690186,2.742000102996826,70243.0,2.7170000076293945
2025-08-27,2.73799991607666,2.6760001182556152,2.9059998989105225,162239.0,2.867000102996826
2025-08-28,2.874000072479248,2.8499999046325684,2.999000072479248,186265.0,2.944000005722046
2025-08-29,2.984999895095825,2.9210000038146973,3.0230000019073486,0.0,2.996999979019165
2025-09-02,2.9719998836517334,2.86899995803833,3.065000057220459,226571.0,3.009000062942505
2025-09-03,2.992000102996826,2.9639999866485596,3.13100004196167,187561.0,3.063999891281128
2025-09-04,3.075000047683716,3.0220000743865967,3.130000114440918,165913.0,3.0739998817443848
2025-09-05,3.078000068664551,3.0209999084472656,3.130000114440918,130911.0,3.0480000972747803
2025-09-08,3.0869998931884766,3.055999994277954,3.197999954223633,200532.0,3.0899999141693115
2025-09-09,3.0980000495910645,3.0460000038146973,3.1649999618530273,181519.0,3.117000102996826
2025-09-10,3.1070001125335693,3.007999897003174,3.117000102996826,171976.0,3.0290000438690186
2025-09-11,3.0290000438690186,2.9110000133514404,3.062000036239624,199072.0,2.934000015258789
2025-09-12,2.9179999828338623,2.8970000743865967,3.0,160049.0,2.940999984741211
2025-09-15,2.9509999752044678,2.9159998893737793,3.049999952316284,152709.0,3.0429999828338623
2025-09-16,3.0450000762939453,2.86899995803833,3.138000011444092,166585.0,3.1029999256134033
2025-09-17,3.117000102996826,3.068000078201294,3.1679999828338623,132465.0,3.0999999046325684
2025-09-18,3.0759999752044678,2.924999952316284,3.1070001125335693,180476.0,2.938999891281128
2025-09-19,2.938999891281128,2.8570001125335693,2.9489998817443848,142217.0,2.888000011444092
2025-09-22,2.9089999198913574,2.803999900817871,2.944999933242798,163184.0,2.805999994277954
2025-09-23,2.805999994277954,2.7720000743865967,2.869999885559082,70892.0,2.8529999256134033
2025-09-24,2.86299991607666,2.815999984741211,2.9140000343322754,55699.0,2.8580000400543213
2025-09-25,2.878999948501587,2.8480000495910645,2.9679999351501465,74214.0,2.9040000438690186
2025-09-26,2.9119999408721924,2.7880001068115234,2.944000005722046,168752.0,2.8350000381469727
2025-09-29,3.1489999294281006,3.132999897003174,3.2990000247955322,166628.0,3.2669999599456787
2025-09-30,3.2790000438690186,3.244999885559082,3.3510000705718994,162025.0,3.302999973297119
2025-10-01,3.3310000896453857,3.318000078201294,3.492000102996826,240703.0,3.4760000705718994
2025-10-02,3.4570000171661377,3.4019999504089355,3.5850000381469727,259354.0,3.441999912261963
2025-10-03,3.4130001068115234,3.306999921798706,3.4509999752044678,217261.0,3.3239998817443848
2025-10-06,3.299999952316284,3.2960000038146973,3.484999895095825,165229.0,3.3570001125335693
2025-10-07,3.3980000019073486,3.3550000190734863,3.5239999294281006,230258.0,3.497999906539917
2025-10-08,3.5239999294281006,3.315999984741211,3.549999952316284,242687.0,3.3329999446868896
2025-10-09,3.3359999656677246,3.234999895095825,3.3929998874664307,198680.0,3.2690000534057617
2025-10-10,3.239000082015991,3.0889999866485596,3.253000020980835,195346.0,3.1059999465942383
2025-10-13,3.0999999046325684,3.0290000438690186,3.138000011444092,195346.0,3.118000030517578
2025-10-14,3.1029999256134033,3.003999948501587,3.1059999465942383,150478.0,3.0280001163482666
2025-10-15,3.0290000438690186,2.9639999866485596,3.0409998893737793,149150.0,3.0160000324249268
2025-10-16,3.0360000133514404,2.921999931335449,3.066999912261963,161360.0,2.937999963760376
2025-10-17,2.9260001182556152,2.8929998874664307,3.0239999294281006,128236.0,3.007999897003174
2025-10-20,3.1600000858306885,3.135999917984009,3.430000066757202,266597.0,3.3970000743865967
2025-10-21,3.4210000038146973,3.3570001125335693,3.503999948501587,197775.0,3.4739999771118164
2025-10-22,3.486999988555908,3.385999917984009,3.572000026702881,202361.0,3.450000047683716
2025-10-23,3.438999891281128,3.2899999618530273,3.506999969482422,157089.0,3.3440001010894775
2025-10-24,3.2850000858306885,3.200000047683716,3.3970000743865967,108141.0,3.303999900817871
2025-10-27,3.4100000858306885,3.260999917984009,3.4690001010894775,67444.0,3.441999912261963
2025-10-28,3.4110000133514404,3.239000082015991,3.434999942779541,85022.0,3.3450000286102295
2025-10-29,3.2709999084472656,3.193000078201294,3.4049999713897705,153684.0,3.375999927520752
2025-10-30,3.7980000972747803,3.7860000133514404,4.071000099182129,201075.0,3.9560000896453857
2025-10-31,4.060999870300293,4.014999866485596,4.1570000648498535,238492.0,4.124000072479248
2025-11-03,4.159999847412109,4.086999893188477,4.297999858856201,0.0,4.265999794006348
2025-11-04,4.25600004196167,4.183000087738037,4.395999908447266,231288.0,4.3429999351501465
2025-11-05,4.320000171661377,4.205999851226807,4.35099983215332,156270.0,4.23199987411499
2025-11-06,4.238999843597412,4.191999912261963,4.420000076293945,193866.0,4.35699987411499
2025-11-07,4.413000106811523,4.26800012588501,4.419000148773193,178319.0,4.315000057220459
2025-11-10,4.480000019073486,4.26200008392334,4.508999824523926,189080.0,4.3379998207092285
2025-11-11,4.375,4.276000022888184,4.580999851226807,243691.0,4.565000057220459
2025-11-12,4.526000022888184,4.460999965667725,4.581999778747559,170351.0,4.5329999923706055
2025-11-13,4.534999847412109,4.453999996185303,4.688000202178955,201019.0,4.645999908447266
2025-11-14,4.5970001220703125,4.375999927520752,4.635000228881836,227908.0,4.565999984741211
2025-11-17,4.531000137329102,4.322999954223633,4.540999889373779,191623.0,4.361000061035156
2025-11-18,4.3420000076293945,4.235000133514404,4.401000022888184,204812.0,4.370999813079834
2025-11-19,4.374000072479248,4.349999904632568,4.6020002365112305,152272.0,4.550000190734863
2025-11-20,4.565999984741211,4.458000183105469,4.611999988555908,105538.0,4.473999977111816
2025-11-21,4.488999843597412,4.460999965667725,4.675000190734863,80707.0,4.579999923706055
2025-11-24,4.465000152587891,4.443999767303467,4.576000213623047,78483.0,4.548999786376953
2025-11-25,4.500999927520752,4.267000198364258,4.546999931335449,240457.0,4.423999786376953
2025-11-26,4.482999801635742,4.441999912261963,4.644000053405762,155159.0,4.558000087738037
2025-11-28,4.618000030517578,4.5269999504089355,4.870999813079834,127694.0,4.849999904632568
2025-12-01,4.869999885559082,4.757999897003174,4.952000141143799,209469.0,4.921000003814697
2025-12-02,4.9019999504089355,4.804999828338623,4.984000205993652,172375.0,4.840000152587891
2025-12-03,4.827000141143799,4.818999767303467,5.039000034332275,186366.0,4.994999885559082
2025-12-04,5.010000228881836,4.870999813079834,5.090000152587891,209843.0,5.063000202178955
2025-12-05,5.077000141143799,5.0269999504089355,5.495999813079834,376679.0,5.289000034332275
2025-12-08,5.099999904632568,4.849999904632568,5.204999923706055,301953.0,4.9120001792907715
2025-12-09,4.868000030517578,4.551000118255615,4.877999782562256,249501.0,4.573999881744385
2025-12-10,4.578000068664551,4.454999923706055,4.696000099182129,271105.0,4.59499979019165
2025-12-11,4.625999927520752,4.196000099182129,4.63100004196167,287859.0,4.230999946594238
2025-12-12,4.230999946594238,4.065000057220459,4.256999969482422,199844.0,4.11299991607666
2025-12-15,4.171000003814697,3.993000030517578,4.2179999351501465,169239.0,4.01200008392334
2025-12-16,4.0370001792907715,3.8420000076293945,4.045000076293945,155859.0,3.885999917984009
2025-12-17,3.936000108718872,3.9200000762939453,4.113999843597412,153559.0,4.02400016784668
2025-12-18,4.117000102996826,3.877000093460083,4.2179999351501465,158058.0,3.9079999923706055
2025-12-19,3.941999912261963,3.8399999141693115,4.03000020980835,145508.0,3.9839999675750732
2025-12-22,4.080999851226807,3.796999931335449,4.139999866485596,157602.0,3.9649999141693115
2025-12-23,3.990000009536743,3.943000078201294,4.448999881744385,126794.0,4.4079999923706055
2025-12-24,4.414999961853027,4.179999828338623,4.5929999351501465,57070.0,4.242000102996826
2025-12-26,4.196000099182129,4.196000099182129,4.421000003814697,46351.0,4.366000175476074
2025-12-29,4.449999809265137,4.35099983215332,4.7210001945495605,163457.0,4.686999797821045
2025-12-30,3.947000026702881,3.9159998893737793,4.176000118255615,136981.0,3.9719998836517334
2025-12-31,3.9760000705718994,3.678999900817871,3.9830000400543213,132231.0,3.686000108718872
2026-01-02,3.678999900817871,3.562999963760376,3.703000068664551,133024.0,3.618000030517578
2026-01-05,3.506999969482422,3.3550000190734863,3.5299999713897705,228737.0,3.5230000019073486
2026-01-06,3.492000102996826,3.3239998817443848,3.502000093460083,145165.0,3.3499999046325684
2026-01-07,3.424999952316284,3.4189999103546143,3.5910000801086426,151941.0,3.5250000953674316
2026-01-08,3.562999963760376,3.3550000190734863,3.634000062942505,193218.0,3.4070000648498535
2026-01-09,3.4100000858306885,3.13100004196167,3.496000051498413,322218.0,3.1689999103546143
2026-01-12,3.2899999618530273,3.181999921798706,3.430999994277954,248893.0,3.4089999198913574
2026-01-13,3.3580000400543213,3.2980000972747803,3.499000072479248,187132.0,3.4189999103546143
2026-01-14,3.384000062942505,3.068000078201294,3.443000078201294,215332.0,3.119999885559082
2026-01-15,3.1019999980926514,3.00600004196167,3.2179999351501465,180723.0,3.128000020980835
2026-01-16,3.1459999084472656,3.0199999809265137,3.2300000190734863,139667.0,3.1029999256134033
2026-01-20,3.5,3.380000114440918,3.990000009536743,410520.0,3.9070000648498535
2026-01-21,3.9030001163482666,3.8340001106262207,5.098999977111816,367003.0,4.875
2026-01-22,5.039000034332275,4.769000053405762,5.650000095367432,310947.0,5.045000076293945
2026-01-23,4.872000217437744,4.659999847412109,5.434000015258789,107108.0,5.275000095367432
2026-01-26,5.790999889373779,5.728000164031982,7.439000129699707,99498.0,6.800000190734863
2026-01-27,6.645999908447266,5.771999835968018,7.309999942779541,77676.0,6.953999996185303
2026-01-28,6.5,5.900000095367432,7.827000141143799,235065.0,7.460000038146973
2026-01-29,3.742000102996826,3.7279999256134033,3.930000066757202,234642.0,3.9179999828338623
2026-01-30,3.878999948501587,3.818000078201294,4.425000190734863,351649.0,4.354000091552734
2026-02-02,3.7079999446868896,3.1549999713897705,3.7360000610351562,554857.0,3.236999988555908
2026-02-03,3.263000011444092,3.1689999103546143,3.3970000743865967,238550.0,3.311000108718872
2026-02-04,3.369999885559082,3.2639999389648438,3.5480000972747803,194662.0,3.4649999141693115
2026-02-05,3.4719998836517334,3.328000068664551,3.572999954223633,202389.0,3.509000062942505
2026-02-06,3.5169999599456787,3.38700008392334,3.6589999198913574,215129.0,3.421999931335449
2026-02-09,3.25,3.1110000610351562,3.265000104904175,211763.0,3.138000011444092
2026-02-10,3.1410000324249268,3.061000108718872,3.2139999866485596,175754.0,3.115000009536743
2026-02-11,3.1589999198913574,3.055000066757202,3.249000072479248,174848.0,3.1589999198913574
2026-02-12,3.2219998836517334,3.180000066757202,3.315999984741211,222258.0,3.2170000076293945
2026-02-13,3.2190001010894775,3.114000082015991,3.2780001163482666,125822.0,3.243000030517578
2026-02-17,3.049999952316284,2.9679999351501465,3.1710000038146973,183610.0,3.0309998989105225
2026-02-18,3.049999952316284,2.921999931335449,3.055999994277954,142497.0,3.010999917984009
2026-02-19,3.0220000743865967,2.9609999656677246,3.0950000286102295,120477.0,2.996000051498413
2026-02-20,2.9709999561309814,2.9489998817443848,3.1549999713897705,90717.0,3.046999931335449
2026-02-23,3.240000009536743,2.9769999980926514,3.253000020980835,55412.0,2.984999895095825
2026-02-24,2.9809999465942383,2.9049999713897705,3.0139999389648438,69623.0,2.9149999618530273
2026-02-25,2.9200000762939453,2.8949999809265137,3.0169999599456787,133499.0,2.9690001010894775
2026-02-26,2.8910000324249268,2.7750000953674316,2.8910000324249268,139781.0,2.8269999027252197
2026-02-27,2.8320000171661377,2.818000078201294,2.8940000534057617,109106.0,2.8589999675750732
2026-03-02,2.928999900817871,2.867000102996826,3.069999933242798,174543.0,2.9600000381469727
2026-03-03,2.9800000190734863,2.9730000495910645,3.187999963760376,225190.0,3.053999900817871
2026-03-04,3.0409998893737793,2.8910000324249268,3.0759999752044678,155742.0,2.9170000553131104
2026-03-05,2.937000036239624,2.9200000762939453,3.0460000038146973,148177.0,3.003000020980835
2026-03-06,3.0220000743865967,2.9509999752044678,3.2799999713897705,196840.0,3.186000108718872
2026-03-09,3.303999900817871,3.0209999084472656,3.49399995803833,233306.0,3.119999885559082
2026-03-10,3.0269999504089355,2.9609999656677246,3.1470000743865967,205911.0,3.0199999809265137
2026-03-11,3.063999891281128,3.0190000534057617,3.2279999256134033,141651.0,3.2090001106262207
2026-03-12,3.2309999465942383,3.1449999809265137,3.2920000553131104,150134.0,3.2330000400543213
2026-03-13,3.252000093460083,3.1089999675750732,3.316999912261963,129471.0,3.13100004196167
2026-03-16,3.180000066757202,2.992000102996826,3.180000066757202,130165.0,3.0230000019073486
2026-03-17,3.0360000133514404,3.00600004196167,3.0969998836517334,101786.0,3.0329999923706055
2026-03-18,3.0439999103546143,2.9230000972747803,3.2109999656677246,141167.0,3.065000057220459
2026-03-19,3.1640000343322754,3.1029999256134033,3.2699999809265137,154492.0,3.1659998893737793
2026-03-20,3.119999885559082,3.0450000762939453,3.1689999103546143,106682.0,3.0950000286102295
2026-03-23,3.1080000400543213,2.875,3.1530001163482666,119426.0,2.8910000324249268
2026-03-24,2.9100000858306885,2.875999927520752,2.9739999771118164,52369.0,2.943000078201294
2026-03-25,2.9000000953674316,2.864000082015991,2.984999895095825,30840.0,2.9519999027252197
2026-03-26,2.9839999675750732,2.9179999828338623,3.0250000953674316,61382.0,2.999000072479248
2026-03-27,2.9700000286102295,2.9649999141693115,3.124000072479248,132398.0,3.0950000286102295
2026-03-30,3.055000066757202,2.8510000705718994,3.056999921798706,126193.0,2.88700008392334
2026-03-31,2.88700008392334,2.802999973297119,2.9769999980926514,154156.0,2.884000062942505
2026-04-01,2.880000114440918,2.7850000858306885,2.8989999294281006,126772.0,2.819000005722046
2026-04-02,2.812999963760376,2.7790000438690186,2.8889999389648438,0.0,2.799999952316284
2026-04-06,2.8380000591278076,2.7690000534057617,2.868000030517578,100084.0,2.811000108718872
2026-04-07,2.803999900817871,2.75600004196167,2.888000011444092,135271.0,2.869999885559082
2026-04-08,2.8429999351501465,2.7019999027252197,2.8440001010894775,223335.0,2.7239999771118164
2026-04-09,2.7309999465942383,2.6549999713897705,2.73799991607666,170766.0,2.6700000762939453
2026-04-10,2.6710000038146973,2.628000020980835,2.688999891281128,151051.0,2.6480000019073486
2026-04-13,2.690999984741211,2.615000009536743,2.7230000495910645,155024.0,2.627000093460083
2026-04-14,2.628000020980835,2.561000108718872,2.6600000858306885,174530.0,2.5989999771118164
2026-04-15,2.5989999771118164,2.569999933242798,2.628000020980835,114648.0,2.609999895095825
2026-04-16,2.614000082015991,2.5880000591278076,2.678999900817871,108047.0,2.6470000743865967
2026-04-17,2.6670000553131104,2.622999906539917,2.7070000171661377,109843.0,2.6740000247955322
2026-04-20,2.687999963760376,2.671999931335449,2.746000051498413,92530.0,2.688999891281128
2026-04-21,2.674999952316284,2.6429998874664307,2.7200000286102295,94189.0,2.697000026702881
2026-04-22,2.7009999752044678,2.6760001182556152,2.763000011444092,78929.0,2.7219998836517334
2026-04-23,2.7179999351501465,2.568000078201294,2.740000009536743,79279.0,2.614000082015991
2026-04-24,2.5940001010894775,2.494999885559082,2.5940001010894775,50988.0,2.5230000019073486
2026-04-27,2.505000114440918,2.505000114440918,2.630000114440918,65552.0,2.549999952316284
2026-04-28,2.5390000343322754,2.4830000400543213,2.578000068664551,102074.0,2.559000015258789
2026-04-29,2.680000066757202,2.615000009536743,2.691999912261963,98371.0,2.6470000743865967
2026-04-30,2.6489999294281006,2.5920000076293945,2.7939999103546143,172760.0,2.7669999599456787
2026-05-01,2.755000114440918,2.746000051498413,2.821000099182129,111530.0,2.7799999713897705
2026-05-04,2.7829999923706055,2.752000093460083,2.882999897003174,125100.0,2.867000102996826
2026-05-05,2.8510000705718994,2.759999990463257,2.868000030517578,115367.0,2.7880001068115234
2026-05-06,2.7809998989105225,2.690000057220459,2.7890000343322754,107146.0,2.7300000190734863
2026-05-07,2.7260000705718994,2.6760001182556152,2.812999963760376,166306.0,2.7690000534057617
2026-05-08,2.7880001068115234,2.734999895095825,2.8450000286102295,124590.0,2.756999969482422
2026-05-11,2.752000093460083,2.750999927520752,2.936000108718872,162409.0,2.9100000858306885
2026-05-12,2.9260001182556152,2.803999900817871,2.944999933242798,140080.0,2.8429999351501465
2026-05-13,2.8329999446868896,2.812999963760376,2.927000045776367,132794.0,2.864000082015991
2026-05-14,2.867000102996826,2.7980000972747803,2.921999931335449,144509.0,2.8940000534057617
2026-05-15,2.9200000762939453,2.8940000534057617,2.9820001125335693,144038.0,2.9600000381469727
2026-05-18,2.99399995803833,2.9670000076293945,3.0899999141693115,149997.0,3.0239999294281006
2026-05-19,3.0309998989105225,3.00600004196167,3.132999897003174,144723.0,3.114000082015991
2026-05-20,3.11299991607666,2.984999895095825,3.138000011444092,149151.0,3.003999948501587
2026-05-21,3.0299999713897705,2.9800000190734863,3.065999984741211,73478.0,3.0179998874664307
2026-05-22,3.0,2.888000011444092,3.009999990463257,63029.0,2.9070000648498535
2026-05-26,2.9000000953674316,2.8589999675750732,2.989000082015991,55626.0,2.8940000534057617
2026-05-27,2.9100000858306885,2.8570001125335693,3.055000066757202,188474.0,3.0399999618530273
2026-05-28,3.0880000591278076,3.056999921798706,3.305999994277954,200655.0,3.2850000858306885
2026-05-29,3.2990000247955322,3.2720000743865967,3.388000011444092,167682.0,3.2899999618530273
2026-06-01,3.3350000381469727,3.1600000858306885,3.3959999084472656,171269.0,3.178999900817871
2026-06-02,3.194000005722046,3.0989999771118164,3.2279999256134033,140767.0,3.1670000553131104
2026-06-03,3.171999931335449,3.1429998874664307,3.26200008392334,135015.0,3.2139999866485596
2026-06-04,3.255000114440918,3.2109999656677246,3.375999927520752,194709.0,3.3359999656677246
2026-06-05,3.3550000190734863,3.2079999446868896,3.365000009536743,181904.0,3.2290000915527344
2026-06-08,3.184999942779541,3.0969998836517334,3.194999933242798,199640.0,3.1470000743865967
2026-06-09,3.1440000534057617,3.117000102996826,3.2070000171661377,179403.0,3.140000104904175
2026-06-10,3.138000011444092,3.072000026702881,3.249000072479248,194341.0,3.184999942779541
2026-06-11,3.186000108718872,3.053999900817871,3.2039999961853027,206797.0,3.0869998931884766
2026-06-12,3.0850000381469727,3.0309998989105225,3.1429998874664307,138859.0,3.119999885559082
2026-06-15,3.0850000381469727,3.0169999599456787,3.1630001068115234,139274.0,3.1470000743865967
2026-06-16,3.1549999713897705,3.127000093460083,3.2679998874664307,148973.0,3.239000082015991
2026-06-17,3.256999969482422,3.121000051498413,3.2990000247955322,170489.0,3.1449999809265137
2026-06-18,3.1540000438690186,3.125,3.246000051498413,147984.0,3.2330000400543213
2026-06-22,3.2799999713897705,3.2339999675750732,3.3350000381469727,151751.0,3.253000020980835
2026-06-23,3.236999988555908,3.1419999599456787,3.2769999504089355,76512.0,3.1470000743865967
2026-06-24,3.1610000133514404,3.135999917984009,3.2320001125335693,39410.0,3.2209999561309814
2026-06-25,3.2230000495910645,3.196000099182129,3.36299991607666,106506.0,3.3429999351501465
2026-06-26,3.302000045776367,3.2009999752044678,3.440999984741211,171611.0,3.2309999465942383
2026-06-29,3.2809998989105225,3.1630001068115234,3.312999963760376,153806.0,3.180999994277954
2026-06-30,3.1710000038146973,3.1589999198913574,3.328000068664551,207986.0,3.2750000953674316
2026-07-01,3.25600004196167,3.194999933242798,3.2709999084472656,122894.0,3.2200000286102295
2026-07-02,3.2139999866485596,3.1510000228881836,3.2200000286102295,137589.0,3.196000099182129
2026-07-06,3.2060000896453857,3.1589999198913574,3.25600004196167,205853.0,3.244999885559082
2026-07-07,3.253999948501587,3.180999994277954,3.319999933242798,172662.0,3.265000104904175
2026-07-08,3.2809998989105225,3.203000068664551,3.3550000190734863,158732.0,3.2119998931884766
2026-07-09,3.2190001010894775,2.990999937057495,3.24399995803833,240595.0,3.01200008392334
2026-07-10,3.0160000324249268,2.874000072479248,3.0220000743865967,187170.0,2.940000057220459
2026-07-13,2.930999994277954,2.8469998836517334,2.953000068664551,137746.0,2.8970000743865967
2026-07-14,2.9030001163482666,2.8499999046325684,2.927999973297119,113702.0,2.9040000438690186
2026-07-15,2.9230000972747803,2.865000009536743,2.940999984741211,114040.0,2.9240000247955322
2026-07-16,2.9210000038146973,2.822999954223633,2.9679999351501465,141791.0,2.8580000400543213
2026-07-17,2.8940000534057617,2.8429999351501465,2.9260001182556152,106995.0,2.9110000133514404
2026-07-20,2.875,2.8310000896453857,2.9100000858306885,131706.0,2.859999895095825
2026-07-21,2.8420000076293945,2.8389999866485596,2.9059998989105225,105685.0,2.865000009536743
2026-07-22,2.8919999599456787,2.865000009536743,2.9509999752044678,127528.0,2.924999952316284
2026-07-23,2.943000078201294,2.9059998989105225,2.990999937057495,125863.0,2.9159998893737793
2026-07-24,2.9149999618530273,2.8589999675750732,2.9579999446868896,69670.0,2.871000051498413
2026-07-27,2.819999933242798,2.7339999675750732,2.8359999656677246,57067.0,2.7669999599456787
2026-07-28,2.740999937057495,2.634999990463257,2.760999917984009,45760.0,2.6619999408721924
2026-07-29,2.631999969482422,2.619999885559082,2.7709999084472656,112922.0,2.7249999046325684
2026-07-30,2.7320001125335693,2.680000066757202,2.7760000228881836,122809.0,2.757999897003174
2026-07-31,2.746000051498413,2.7119998931884766,2.802000045776367,117480.0,2.746999979019165
2026-08-03,2.744999885559082,2.7100000381469727,2.809999942779541,101918.0,2.7809998989105225
2026-08-04,2.7739999294281006,2.6589999198913574,2.7860000133514404,139814.0,2.681999921798706
2026-08-05,2.687000036239624,2.6600000858306885,2.7079999446868896,87311.0,2.687999963760376
2026-08-06,2.6710000038146973,2.615999937057495,2.7019999027252197,124916.0,2.640000104904175
2026-08-07,2.632999897003174,2.617000102996826,2.690000057220459,157146.0,2.6619999408721924
2026-08-10,2.7090001106262207,2.7019999027252197,2.805999994277954,215477.0,2.7939999103546143
2026-08-11,2.7780001163482666,2.744999885559082,2.819000005722046,191841.0,2.7669999599456787
2026-08-12,2.749000072479248,2.746999979019165,2.8299999237060547,179743.0,2.803999900817871
2026-08-13,2.7920000553131104,2.7090001106262207,2.7990000247955322,197560.0,2.7269999980926514
2026-08-14,2.7360000610351562,2.7100000381469727,2.7829999923706055,117531.0,2.7330000400543213
2026-08-17,2.690999984741211,2.638000011444092,2.7100000381469727,138756.0,2.690000057220459
2026-08-18,2.7019999027252197,2.691999912261963,2.7960000038146973,159550.0,2.7760000228881836
2026-08-19,2.7860000133514404,2.7699999809265137,2.875,189364.0,2.813999891281128
2026-08-20,2.7809998989105225,2.7109999656677246,2.803999900817871,178527.0,2.7330000400543213
2026-08-21,2.763000011444092,2.740999937057495,2.7980000972747803,110328.0,2.7730000019073486
2026-08-24,2.75,2.7160000801086426,2.8389999866485596,90855.0,2.7820000648498535
2026-08-25,2.753999948501587,2.696000099182129,2.803999900817871,42228.0,2.7699999809265137
2026-08-26,2.7929999828338623,2.7850000858306885,2.9110000133514404,68681.0,2.8420000076293945
2026-08-27,2.8550000190734863,2.8499999046325684,2.944000005722046,188571.0,2.9070000648498535
2026-08-28,2.9059998989105225,2.8359999656677246,2.931999921798706,132710.0,2.888000011444092
2026-08-31,2.875,2.8320000171661377,2.947000026702881,145815.0,2.934999942779541
2026-09-01,2.930999994277954,2.8510000705718994,2.9549999237060547,148990.0,2.9040000438690186
2026-09-02,2.946000099182129,2.9100000858306885,3.002000093460083,134975.0,2.9560000896453857
2026-09-03,2.997999906539917,2.884999990463257,3.0260000228881836,197408.0,2.9130001068115234
2026-09-04,2.9260001182556152,2.9019999504089355,2.9860000610351562,150051.0,2.9749999046325684
2026-09-08,2.930999994277954,2.86299991607666,3.0139999389648438,248447.0,2.9159998893737793
2026-09-09,2.9070000648498535,2.7990000247955322,2.9070000648498535,178990.0,2.822000026702881
2026-09-10,2.809000015258789,2.753000020980835,2.8440001010894775,174179.0,2.8340001106262207
2026-09-11,2.8380000591278076,2.7730000019073486,2.8459999561309814,128318.0,2.8310000896453857
2026-09-14,2.868000030517578,2.8489999771118164,2.9110000133514404,195801.0,2.8959999084472656
2026-09-15,2.884000062942505,2.869999885559082,2.9519999027252197,142797.0,2.9189999103546143
2026-09-16,2.937999963760376,2.878000020980835,2.9779999256134033,149573.0,2.8910000324249268
2026-09-17,2.8940000534057617,2.8589999675750732,2.9590001106262207,172220.0,2.9010000228881836
2026-09-18,2.871000051498413,2.8459999561309814,2.943000078201294,162448.0,2.9119999408721924
2026-09-21,2.9019999504089355,2.819000005722046,2.9059998989105225,189440.0,2.8359999656677246
2026-09-22,2.8299999237060547,2.816999912261963,3.0230000019073486,176560.0,2.9649999141693115
2026-09-23,3.013000011444092,2.9590001106262207,3.065999984741211,103189.0,3.0230000019073486
2026-09-24,3.0369999408721924,2.9790000915527344,3.316999912261963,113668.0,3.296999931335449
2026-09-25,3.2090001106262207,3.0899999141693115,3.2339999675750732,104862.0,3.196000099182129
