,npm_bitcoinjs-lib
2020-09-01,4406
2020-09-02,4779
2020-09-03,4832
2020-09-04,4711
2020-09-05,1623
2020-09-06,1823
2020-09-07,4029
2020-09-08,3961
2020-09-09,5169
2020-09-10,5576
2020-09-11,4768
2020-09-12,1827
2020-09-13,1841
2020-09-14,5279
2020-09-15,5405
2020-09-16,5214
2020-09-17,5358
2020-09-18,4209
2020-09-19,1411
2020-09-20,1652
2020-09-21,4966
2020-09-22,5252
2020-09-23,5200
2020-09-24,4612
2020-09-25,4081
2020-09-26,1374
2020-09-27,1094
2020-09-28,4616
2020-09-29,5702
2020-09-30,4830
2020-10-01,3465
2020-10-02,3554
2020-10-03,1273
2020-10-04,1384
2020-10-05,4002
2020-10-06,6487
2020-10-07,5838
2020-10-08,5069
2020-10-09,4113
2020-10-10,2545
2020-10-11,2070
2020-10-12,5128
2020-10-13,5625
2020-10-14,4989
2020-10-15,5310
2020-10-16,4757
2020-10-17,1873
2020-10-18,1756
2020-10-19,5082
2020-10-20,5625
2020-10-21,5759
2020-10-22,5605
2020-10-23,5159
2020-10-24,1935
2020-10-25,1592
2020-10-26,5791
2020-10-27,6498
2020-10-28,6595
2020-10-29,5036
2020-10-30,5172
2020-10-31,1181
2020-11-01,1421
2020-11-02,4826
2020-11-03,5216
2020-11-04,5028
2020-11-05,4477
2020-11-06,5087
2020-11-07,1319
2020-11-08,1467
2020-11-09,7032
2020-11-10,8042
2020-11-11,6813
2020-11-12,7253
2020-11-13,7101
2020-11-14,1705
2020-11-15,1319
2020-11-16,6109
2020-11-17,7570
2020-11-18,5651
2020-11-19,5737
2020-11-20,6616
2020-11-21,2305
2020-11-22,1271
2020-11-23,6282
2020-11-24,7457
2020-11-25,7096
2020-11-26,4636
2020-11-27,4548
2020-11-28,1601
2020-11-29,1486
2020-11-30,7219
2020-12-01,6262
2020-12-02,6822
2020-12-03,5752
2020-12-04,5374
2020-12-05,1508
2020-12-06,1731
2020-12-07,6722
2020-12-08,6021
2020-12-09,5831
2020-12-10,7585
2020-12-11,5281
2020-12-12,1984
2020-12-13,2362
2020-12-14,5776
2020-12-15,6368
2020-12-16,5255
2020-12-17,6733
2020-12-18,4652
2020-12-19,1581
2020-12-20,1471
2020-12-21,3572
2020-12-22,5067
2020-12-23,3938
2020-12-24,2781
2020-12-25,1780
2020-12-26,969
2020-12-27,1448
2020-12-28,3505
2020-12-29,3718
2020-12-30,2980
2020-12-31,2051
2021-01-01,1013
2021-01-02,1415
2021-01-03,1556
2021-01-04,4472
2021-01-05,5482
2021-01-06,5585
2021-01-07,6127
2021-01-08,6282
2021-01-09,2372
2021-01-10,2438
2021-01-11,7032
2021-01-12,8671
2021-01-13,9568
2021-01-14,8440
2021-01-15,6777
2021-01-16,2660
2021-01-17,1751
2021-01-18,6083
2021-01-19,6950
2021-01-20,10031
2021-01-21,7155
2021-01-22,5038
2021-01-23,2412
2021-01-24,1798
2021-01-25,6342
2021-01-26,5906
2021-01-27,6878
2021-01-28,7384
2021-01-29,6285
2021-01-30,2339
2021-01-31,2093
2021-02-01,5781
2021-02-02,9116
2021-02-03,6676
2021-02-04,9445
2021-02-05,5293
2021-02-06,1748
2021-02-07,1958
2021-02-08,5989
2021-02-09,6399
2021-02-10,6620
2021-02-11,6199
2021-02-12,5297
2021-02-13,2782
2021-02-14,1921
2021-02-15,5223
2021-02-16,6105
2021-02-17,7869
2021-02-18,8438
2021-02-19,6046
2021-02-20,2228
2021-02-21,2789
2021-02-22,6026
2021-02-23,6820
2021-02-24,7070
2021-02-25,5814
2021-02-26,7959
2021-02-27,2074
2021-02-28,2181
2021-03-01,6218
2021-03-02,6795
2021-03-03,9144
2021-03-04,8946
2021-03-05,5547
2021-03-06,1670
2021-03-07,1589
2021-03-08,7405
2021-03-09,9245
2021-03-10,6316
2021-03-11,6721
2021-03-12,5721
2021-03-13,1568
2021-03-14,1247
2021-03-15,5345
2021-03-16,6726
2021-03-17,7576
2021-03-18,6326
2021-03-19,5781
2021-03-20,1656
2021-03-21,1768
2021-03-22,6093
2021-03-23,7025
2021-03-24,6785
2021-03-25,9188
2021-03-26,6878
2021-03-27,1952
2021-03-28,1858
2021-03-29,6502
2021-03-30,7109
2021-03-31,5742
2021-04-01,4770
2021-04-02,3473
2021-04-03,1311
2021-04-04,1124
2021-04-05,3625
2021-04-06,5288
2021-04-07,6411
2021-04-08,6598
2021-04-09,6661
2021-04-10,2551
2021-04-11,2035
2021-04-12,6810
2021-04-13,6385
2021-04-14,5989
2021-04-15,8131
2021-04-16,4320
2021-04-17,1695
2021-04-18,1599
2021-04-19,5752
2021-04-20,7542
2021-04-21,8444
2021-04-22,6981
2021-04-23,6177
2021-04-24,1512
2021-04-25,1671
2021-04-26,5859
2021-04-27,5966
2021-04-28,6575
2021-04-29,5698
2021-04-30,6120
2021-05-01,1257
2021-05-02,1328
2021-05-03,5269
2021-05-04,6091
2021-05-05,6681
2021-05-06,8341
2021-05-07,7857
2021-05-08,3476
2021-05-09,2144
2021-05-10,9862
2021-05-11,9505
2021-05-12,9977
2021-05-13,10235
2021-05-14,7385
2021-05-15,1745
2021-05-16,1269
2021-05-17,8160
2021-05-18,7805
2021-05-19,7621
2021-05-20,7200
2021-05-21,7221
2021-05-22,2786
2021-05-23,1528
2021-05-24,9182
2021-05-25,7716
2021-05-26,9782
2021-05-27,8298
2021-05-28,10604
2021-05-29,2604
2021-05-30,2116
2021-05-31,8014
2021-06-01,8956
2021-06-02,10436
2021-06-03,10239
2021-06-04,8810
2021-06-05,2554
2021-06-06,4220
2021-06-07,8856
2021-06-08,8343
2021-06-09,8862
2021-06-10,10320
2021-06-11,6500
2021-06-12,2586
2021-06-13,1148
2021-06-14,8164
2021-06-15,6679
2021-06-16,6034
2021-06-17,6545
2021-06-18,5165
2021-06-19,1580
2021-06-20,1780
2021-06-21,5856
2021-06-22,7245
2021-06-23,7804
2021-06-24,8020
2021-06-25,6434
2021-06-26,1958
2021-06-27,1767
2021-06-28,7693
2021-06-29,5785
2021-06-30,7342
2021-07-01,6102
2021-07-02,5621
2021-07-03,1890
2021-07-04,1644
2021-07-05,6014
2021-07-06,7513
2021-07-07,6831
2021-07-08,7130
2021-07-09,7076
2021-07-10,1381
2021-07-11,2098
2021-07-12,7656
2021-07-13,7120
2021-07-14,5889
2021-07-15,5897
2021-07-16,4922
2021-07-17,1544
2021-07-18,2737
2021-07-19,6423
2021-07-20,6017
2021-07-21,5690
2021-07-22,4877
2021-07-23,5045
2021-07-24,1763
2021-07-25,1540
2021-07-26,5862
2021-07-27,6632
2021-07-28,6217
2021-07-29,6268
2021-07-30,6016
2021-07-31,1563
2021-08-01,1692
2021-08-02,7986
2021-08-03,7468
2021-08-04,6657
2021-08-05,6796
2021-08-06,6916
2021-08-07,2164
2021-08-08,1853
2021-08-09,5766
2021-08-10,6252
2021-08-11,6370
2021-08-12,7560
2021-08-13,6374
2021-08-14,1918
2021-08-15,2384
2021-08-16,6875
2021-08-17,6757
2021-08-18,6304
2021-08-19,6994
2021-08-20,5448
2021-08-21,2758
2021-08-22,1742
2021-08-23,7175
2021-08-24,5730
2021-08-25,7132
2021-08-26,7097
2021-08-27,6072
2021-08-28,1683
2021-08-29,1651
2021-08-30,6432
2021-08-31,7146
2021-09-01,8026
2021-09-02,6526
2021-09-03,5959
2021-09-04,1897
2021-09-05,2119
2021-09-06,6165
2021-09-07,8175
2021-09-08,7512
2021-09-09,8256
2021-09-10,7409
2021-09-11,2021
2021-09-12,1718
2021-09-13,7675
2021-09-14,7646
2021-09-15,8976
2021-09-16,6619
2021-09-17,6714
2021-09-18,1320
2021-09-19,1546
2021-09-20,5965
2021-09-21,8006
2021-09-22,7491
2021-09-23,7702
2021-09-24,5718
2021-09-25,1554
2021-09-26,1524
2021-09-27,6269
2021-09-28,7031
2021-09-29,7804
2021-09-30,8983
2021-10-01,5697
2021-10-02,1578
2021-10-03,1320
2021-10-04,6456
2021-10-05,8223
2021-10-06,7124
2021-10-07,6370
2021-10-08,5769
2021-10-09,1756
2021-10-10,4904
2021-10-11,7553
2021-10-12,7079
2021-10-13,8621
2021-10-14,8141
2021-10-15,6658
2021-10-16,1506
2021-10-17,1480
2021-10-18,9118
2021-10-19,7283
2021-10-20,9094
2021-10-21,8922
2021-10-22,7440
2021-10-23,1646
2021-10-24,2142
2021-10-25,7485
2021-10-26,9193
2021-10-27,8157
2021-10-28,7185
2021-10-29,6366
2021-10-30,2060
2021-10-31,1841
2021-11-01,6037
2021-11-02,6306
2021-11-03,7008
2021-11-04,6769
2021-11-05,6587
2021-11-06,1708
2021-11-07,1926
2021-11-08,8314
2021-11-09,8430
2021-11-10,9644
2021-11-11,6803
2021-11-12,10399
2021-11-13,3600
2021-11-14,3262
2021-11-15,9786
2021-11-16,11465
2021-11-17,16754
2021-11-18,15162
2021-11-19,11705
2021-11-20,3711
2021-11-21,3111
2021-11-22,12611
2021-11-23,9596
2021-11-24,8293
2021-11-25,7749
2021-11-26,6046
2021-11-27,1579
2021-11-28,3111
2021-11-29,8471
2021-11-30,8144
2021-12-01,8289
2021-12-02,10878
2021-12-03,8467
2021-12-04,2313
2021-12-05,2315
2021-12-06,7431
2021-12-07,7029
2021-12-08,7607
2021-12-09,8322
2021-12-10,6937
2021-12-11,2609
2021-12-12,4120
2021-12-13,6890
2021-12-14,6504
2021-12-15,7207
2021-12-16,6811
2021-12-17,5076
2021-12-18,2121
2021-12-19,1775
2021-12-20,7220
2021-12-21,7154
2021-12-22,7926
2021-12-23,5844
2021-12-24,3752
2021-12-25,1798
2021-12-26,2051
2021-12-27,4478
2021-12-28,4662
2021-12-29,4997
2021-12-30,4595
2021-12-31,3023
2022-01-01,1240
2022-01-02,1993
2022-01-03,5562
2022-01-04,6022
2022-01-05,6575
2022-01-06,6461
2022-01-07,4924
2022-01-08,2439
2022-01-09,2536
2022-01-10,8475
2022-01-11,7700
2022-01-12,8545
2022-01-13,9674
2022-01-14,8206
2022-01-15,3204
2022-01-16,2889
2022-01-17,7551
2022-01-18,7306
2022-01-19,7727
2022-01-20,7742
2022-01-21,6485
2022-01-22,3189
2022-01-23,2144
2022-01-24,7762
2022-01-25,7236
2022-01-26,8974
2022-01-27,9178
2022-01-28,8141
2022-01-29,3217
2022-01-30,2661
2022-01-31,8817
2022-02-01,7913
2022-02-02,9413
2022-02-03,7796
2022-02-04,8719
2022-02-05,3271
2022-02-06,2648
2022-02-07,7546
2022-02-08,8503
2022-02-09,9033
2022-02-10,11081
2022-02-11,7771
2022-02-12,3046
2022-02-13,3819
2022-02-14,10050
2022-02-15,9142
2022-02-16,8339
2022-02-17,8467
2022-02-18,6946
2022-02-19,3005
2022-02-20,2071
2022-02-21,8000
2022-02-22,9407
2022-02-23,7204
2022-02-24,8195
2022-02-25,7865
2022-02-26,3026
2022-02-27,2262
2022-02-28,7510
2022-03-01,8191
2022-03-02,8011
2022-03-03,8347
2022-03-04,7236
2022-03-05,3240
2022-03-06,2336
2022-03-07,6893
2022-03-08,8708
2022-03-09,7894
2022-03-10,6965
2022-03-11,7179
2022-03-12,3522
2022-03-13,3150
2022-03-14,8264
2022-03-15,9436
2022-03-16,9049
2022-03-17,8171
2022-03-18,9147
2022-03-19,2969
2022-03-20,2937
2022-03-21,9833
2022-03-22,11999
2022-03-23,10658
2022-03-24,9404
2022-03-25,8567
2022-03-26,3415
2022-03-27,3379
2022-03-28,11180
2022-03-29,10458
2022-03-30,9487
2022-03-31,9713
2022-04-01,8036
2022-04-02,2987
2022-04-03,2389
2022-04-04,7908
2022-04-05,8078
2022-04-06,7422
2022-04-07,8623
2022-04-08,6796
2022-04-09,2583
2022-04-10,2078
2022-04-11,6955
2022-04-12,9588
2022-04-13,8831
2022-04-14,7761
2022-04-15,5376
2022-04-16,2406
2022-04-17,2220
2022-04-18,6517
2022-04-19,11619
2022-04-20,9060
2022-04-21,9177
2022-04-22,8334
2022-04-23,2444
2022-04-24,2419
2022-04-25,7501
2022-04-26,8463
2022-04-27,8189
2022-04-28,8363
2022-04-29,6985
2022-04-30,2129
2022-05-01,2169
2022-05-02,6935
2022-05-03,7391
2022-05-04,8910
2022-05-05,8236
2022-05-06,7489
2022-05-07,2361
2022-05-08,1878
2022-05-09,7936
2022-05-10,8489
2022-05-11,9464
2022-05-12,10139
2022-05-13,8565
2022-05-14,2717
2022-05-15,2606
2022-05-16,8856
2022-05-17,8578
2022-05-18,8316
2022-05-19,9428
2022-05-20,8347
2022-05-21,2837
2022-05-22,3265
2022-05-23,8258
2022-05-24,8858
2022-05-25,12666
2022-05-26,8128
2022-05-27,7100
2022-05-28,2429
2022-05-29,1943
2022-05-30,6549
2022-05-31,7422
2022-06-01,7324
2022-06-02,8584
2022-06-03,8272
2022-06-04,2168
2022-06-05,2098
2022-06-06,7858
2022-06-07,8533
2022-06-08,8851
2022-06-09,9390
2022-06-10,7198
2022-06-11,2113
2022-06-12,2427
2022-06-13,8536
2022-06-14,8406
2022-06-15,9102
2022-06-16,7816
2022-06-17,7231
2022-06-18,2340
2022-06-19,3327
2022-06-20,8982
2022-06-21,9370
2022-06-22,8981
2022-06-23,8181
2022-06-24,7003
2022-06-25,2614
2022-06-26,2898
2022-06-27,8656
2022-06-28,8674
2022-06-29,7860
2022-06-30,7945
2022-07-01,6605
2022-07-02,1632
2022-07-03,1580
2022-07-04,6263
2022-07-05,8016
2022-07-06,8056
2022-07-07,7771
2022-07-08,7375
2022-07-09,2346
2022-07-10,2430
2022-07-11,7611
2022-07-12,8279
2022-07-13,7530
2022-07-14,7438
2022-07-15,6965
2022-07-16,2080
2022-07-17,2123
2022-07-18,7368
2022-07-19,7821
2022-07-20,9036
2022-07-21,7911
2022-07-22,0
2022-07-23,2598
2022-07-24,2279
2022-07-25,7786
2022-07-26,8989
2022-07-27,7959
2022-07-28,8063
2022-07-29,7449
2022-07-30,2760
2022-07-31,2364
2022-08-01,7365
2022-08-02,7411
2022-08-03,7260
2022-08-04,7544
2022-08-05,6766
2022-08-06,2150
2022-08-07,2366
2022-08-08,6985
2022-08-09,8757
2022-08-10,7423
2022-08-11,7602
2022-08-12,6779
2022-08-13,2231
2022-08-14,2301
2022-08-15,9423
2022-08-16,10325
2022-08-17,8631
2022-08-18,8424
2022-08-19,7446
2022-08-20,2242
2022-08-21,2103
2022-08-22,8857
2022-08-23,8022
2022-08-24,8375
2022-08-25,8752
2022-08-26,7021
2022-08-27,2408
2022-08-28,2113
2022-08-29,8010
2022-08-30,9571
2022-08-31,9630
2022-09-01,9965
2022-09-02,7545
2022-09-03,2082
2022-09-04,1802
2022-09-05,6985
2022-09-06,8570
2022-09-07,8489
2022-09-08,8459
2022-09-09,7848
2022-09-10,2477
2022-09-11,1891
2022-09-12,8292
2022-09-13,10137
2022-09-14,9481
2022-09-15,11831
2022-09-16,11018
2022-09-17,2855
2022-09-18,3219
2022-09-19,9559
2022-09-20,10914
2022-09-21,10148
2022-09-22,10558
2022-09-23,8430
2022-09-24,2932
2022-09-25,2423
2022-09-26,9063
2022-09-27,10096
2022-09-28,10994
2022-09-29,10038
2022-09-30,10309
2022-10-01,1969
2022-10-02,3283
2022-10-03,10110
2022-10-04,12279
2022-10-05,9614
2022-10-06,10732
2022-10-07,9536
2022-10-08,2419
2022-10-09,3289
2022-10-10,8260
2022-10-11,11447
2022-10-12,9560
2022-10-13,11332
2022-10-14,9490
2022-10-15,2816
2022-10-16,2507
2022-10-17,9940
2022-10-18,11418
2022-10-19,12846
2022-10-20,11606
2022-10-21,10981
2022-10-22,4027
2022-10-23,3422
2022-10-24,11678
2022-10-25,11904
2022-10-26,13464
2022-10-27,12591
2022-10-28,9808
2022-10-29,3233
2022-10-30,3375
2022-10-31,11790
2022-11-01,11650
2022-11-02,11598
2022-11-03,11374
2022-11-04,11339
2022-11-05,4143
2022-11-06,3326
2022-11-07,9986
2022-11-08,10692
2022-11-09,9650
2022-11-10,11861
2022-11-11,9252
2022-11-12,2830
2022-11-13,2685
2022-11-14,10566
2022-11-15,12918
2022-11-16,11449
2022-11-17,11084
2022-11-18,11519
2022-11-19,3414
2022-11-20,3546
2022-11-21,11221
2022-11-22,13222
2022-11-23,12131
2022-11-24,8354
2022-11-25,6653
2022-11-26,2875
2022-11-27,2690
2022-11-28,11540
2022-11-29,12360
2022-11-30,12752
2022-12-01,11651
2022-12-02,10709
2022-12-03,3816
2022-12-04,4003
2022-12-05,11610
2022-12-06,10904
2022-12-07,11741
2022-12-08,11650
2022-12-09,10142
2022-12-10,3304
2022-12-11,2700
2022-12-12,11455
2022-12-13,10743
2022-12-14,11425
2022-12-15,12487
2022-12-16,11549
2022-12-17,3331
2022-12-18,2190
2022-12-19,10136
2022-12-20,11165
2022-12-21,10100
2022-12-22,9266
2022-12-23,7364
2022-12-24,2512
2022-12-25,2243
2022-12-26,4393
2022-12-27,6036
2022-12-28,7712
2022-12-29,6499
2022-12-30,4994
2022-12-31,2804
2023-01-01,1970
2023-01-02,4766
2023-01-03,8168
2023-01-04,9347
2023-01-05,9245
2023-01-06,8134
2023-01-07,2795
2023-01-08,2481
2023-01-09,9660
2023-01-10,10528
2023-01-11,11803
2023-01-12,11017
2023-01-13,10460
2023-01-14,2297
2023-01-15,2324
2023-01-16,9436
2023-01-17,10564
2023-01-18,12229
2023-01-19,11854
2023-01-20,10072
2023-01-21,2258
2023-01-22,2467
2023-01-23,10134
2023-01-24,11464
2023-01-25,12339
2023-01-26,12143
2023-01-27,11672
2023-01-28,3368
2023-01-29,3781
2023-01-30,11416
2023-01-31,12683
2023-02-01,11897
2023-02-02,10539
2023-02-03,13521
2023-02-04,3254
2023-02-05,3395
2023-02-06,12207
2023-02-07,13249
2023-02-08,11581
2023-02-09,13926
2023-02-10,12411
2023-02-11,3597
2023-02-12,3417
2023-02-13,11605
2023-02-14,14262
2023-02-15,12491
2023-02-16,11173
2023-02-17,13922
2023-02-18,4640
2023-02-19,4443
2023-02-20,12445
2023-02-21,17859
2023-02-22,17817
2023-02-23,12771
2023-02-24,11418
2023-02-25,3594
2023-02-26,3670
2023-02-27,12703
2023-02-28,13785
2023-03-01,12413
2023-03-02,12330
2023-03-03,12199
2023-03-04,4976
2023-03-05,3676
2023-03-06,12163
2023-03-07,12671
2023-03-08,12899
2023-03-09,14906
2023-03-10,12176
2023-03-11,3353
2023-03-12,3471
2023-03-13,13013
2023-03-14,12497
2023-03-15,16679
2023-03-16,16487
2023-03-17,13318
2023-03-18,4051
2023-03-19,3602
2023-03-20,14321
2023-03-21,14554
2023-03-22,16035
2023-03-23,15836
2023-03-24,13188
2023-03-25,3983
2023-03-26,3048
2023-03-27,14919
2023-03-28,14683
2023-03-29,15048
2023-03-30,18612
2023-03-31,14403
2023-04-01,4388
2023-04-02,4842
2023-04-03,19633
2023-04-04,19325
2023-04-05,19965
2023-04-06,18478
2023-04-07,12120
2023-04-08,4952
2023-04-09,4996
2023-04-10,13655
2023-04-11,15936
2023-04-12,16224
2023-04-13,16787
2023-04-14,13790
2023-04-15,4462
2023-04-16,4866
2023-04-17,15717
2023-04-18,17010
2023-04-19,17039
2023-04-20,16768
2023-04-21,14324
2023-04-22,4906
2023-04-23,4513
2023-04-24,13419
2023-04-25,17791
2023-04-26,16776
2023-04-27,15906
2023-04-28,13759
2023-04-29,5089
2023-04-30,5554
2023-05-01,10525
2023-05-02,15558
2023-05-03,16499
2023-05-04,17264
2023-05-05,16572
2023-05-06,5384
2023-05-07,5512
2023-05-08,15978
2023-05-09,15380
2023-05-10,16052
2023-05-11,14467
2023-05-12,15319
2023-05-13,5805
2023-05-14,4617
2023-05-15,15806
2023-05-16,14738
2023-05-17,15608
2023-05-18,13896
2023-05-19,11528
2023-05-20,4394
2023-05-21,4595
2023-05-22,15540
2023-05-23,17078
2023-05-24,19207
2023-05-25,16244
2023-05-26,15876
2023-05-27,5712
2023-05-28,5619
2023-05-29,14057
2023-05-30,20154
2023-05-31,19020
2023-06-01,18016
2023-06-02,14040
2023-06-03,5480
2023-06-04,6205
2023-06-05,16500
2023-06-06,18327
2023-06-07,18700
2023-06-08,19445
2023-06-09,16483
2023-06-10,5916
2023-06-11,4657
2023-06-12,16852
2023-06-13,21475
2023-06-14,21856
2023-06-15,19817
2023-06-16,17016
2023-06-17,5884
2023-06-18,4764
2023-06-19,15708
2023-06-20,18193
2023-06-21,20003
2023-06-22,20810
2023-06-23,20494
2023-06-24,5433
2023-06-25,4913
2023-06-26,19077
2023-06-27,20905
2023-06-28,20819
2023-06-29,16676
2023-06-30,16641
2023-07-01,7252
2023-07-02,4336
2023-07-03,17481
2023-07-04,15792
2023-07-05,19395
2023-07-06,18948
2023-07-07,19248
2023-07-08,6225
2023-07-09,4497
2023-07-10,21871
2023-07-11,24594
2023-07-12,20526
2023-07-13,15492
2023-07-14,15320
2023-07-15,4440
2023-07-16,3843
2023-07-17,17718
2023-07-18,19014
2023-07-19,22281
2023-07-20,17787
2023-07-21,15278
2023-07-22,5784
2023-07-23,5985
2023-07-24,18837
2023-07-25,20630
2023-07-26,19264
2023-07-27,18591
2023-07-28,19004
2023-07-29,4309
2023-07-30,3696
2023-07-31,17483
2023-08-01,21457
2023-08-02,20610
2023-08-03,18614
2023-08-04,15514
2023-08-05,4313
2023-08-06,4640
2023-08-07,15693
2023-08-08,16123
2023-08-09,18876
2023-08-10,16415
2023-08-11,17192
2023-08-12,4049
2023-08-13,4415
2023-08-14,16144
2023-08-15,19781
2023-08-16,18552
2023-08-17,19724
2023-08-18,16582
2023-08-19,4564
2023-08-20,3911
2023-08-21,16863
2023-08-22,18174
2023-08-23,19820
2023-08-24,22857
2023-08-25,18962
2023-08-26,5071
2023-08-27,4567
2023-08-28,25517
2023-08-29,19793
2023-08-30,21935
2023-08-31,18835
2023-09-01,16357
2023-09-02,4527
2023-09-03,3679
2023-09-04,15203
2023-09-05,18086
2023-09-06,21253
2023-09-07,20754
2023-09-08,21731
2023-09-09,4509
2023-09-10,4777
2023-09-11,23760
2023-09-12,22640
2023-09-13,22492
2023-09-14,19923
2023-09-15,19616
2023-09-16,4673
2023-09-17,4367
2023-09-18,20415
2023-09-19,21968
2023-09-20,22914
2023-09-21,19447
2023-09-22,20106
2023-09-23,5511
2023-09-24,3725
2023-09-25,21023
2023-09-26,22466
2023-09-27,24563
2023-09-28,22071
2023-09-29,20147
2023-09-30,6429
2023-10-01,4641
2023-10-02,20836
2023-10-03,21789
2023-10-04,21283
2023-10-05,21481
2023-10-06,19162
2023-10-07,4299
2023-10-08,4048
2023-10-09,17076
2023-10-10,20506
2023-10-11,19656
2023-10-12,17455
2023-10-13,17103
2023-10-14,5333
2023-10-15,3421
2023-10-16,18986
2023-10-17,23136
2023-10-18,21800
2023-10-19,22402
2023-10-20,17883
2023-10-21,4134
2023-10-22,4136
2023-10-23,17603
2023-10-24,20085
2023-10-25,24994
2023-10-26,19625
2023-10-27,21151
2023-10-28,4492
2023-10-29,4010
2023-10-30,21584
2023-10-31,22370
2023-11-01,22862
2023-11-02,8884
2023-11-03,0
2023-11-04,4465
2023-11-05,5662
2023-11-06,19006
2023-11-07,24596
2023-11-08,23820
2023-11-09,22369
2023-11-10,21166
2023-11-11,6040
2023-11-12,5241
2023-11-13,16201
2023-11-14,20464
2023-11-15,18433
2023-11-16,21276
2023-11-17,16180
2023-11-18,3624
2023-11-19,4085
2023-11-20,17824
2023-11-21,19693
2023-11-22,19167
2023-11-23,14417
2023-11-24,13336
2023-11-25,4571
2023-11-26,6859
2023-11-27,20704
2023-11-28,20172
2023-11-29,22085
2023-11-30,22089
2023-12-01,18194
2023-12-02,4117
2023-12-03,3629
2023-12-04,17883
2023-12-05,19665
2023-12-06,23733
2023-12-07,20039
2023-12-08,16823
2023-12-09,5899
2023-12-10,5943
2023-12-11,22318
2023-12-12,20272
2023-12-13,19720
2023-12-14,20576
2023-12-15,16409
2023-12-16,5789
2023-12-17,5040
2023-12-18,17634
2023-12-19,19721
2023-12-20,18079
2023-12-21,15978
2023-12-22,13615
2023-12-23,4643
2023-12-24,3515
2023-12-25,5110
2023-12-26,9537
2023-12-27,12722
2023-12-28,11654
2023-12-29,10756
2023-12-30,6784
2023-12-31,5327
2024-01-01,4819
2024-01-02,15289
2024-01-03,20478
2024-01-04,18932
2024-01-05,20176
2024-01-06,4092
2024-01-07,3296
2024-01-08,18470
2024-01-09,18176
2024-01-10,20212
2024-01-11,20885
2024-01-12,20496
2024-01-13,5505
2024-01-14,3903
2024-01-15,16507
2024-01-16,19033
2024-01-17,20615
2024-01-18,22945
2024-01-19,17805
2024-01-20,5603
2024-01-21,3971
2024-01-22,19658
2024-01-23,21650
2024-01-24,19870
2024-01-25,22171
2024-01-26,18474
2024-01-27,4547
2024-01-28,3369
2024-01-29,19837
2024-01-30,21714
2024-01-31,20741
2024-02-01,20508
2024-02-02,22283
2024-02-03,7429
2024-02-04,4225
2024-02-05,20139
2024-02-06,19640
2024-02-07,21053
2024-02-08,20196
2024-02-09,16330
2024-02-10,4003
2024-02-11,3152
2024-02-12,14501
2024-02-13,17303
2024-02-14,17739
2024-02-15,17613
2024-02-16,15891
2024-02-17,3994
2024-02-18,3437
2024-02-19,15681
2024-02-20,18296
2024-02-21,19387
2024-02-22,22481
2024-02-23,17636
2024-02-24,4440
2024-02-25,3836
2024-02-26,18576
2024-02-27,21473
2024-02-28,17413
2024-02-29,18564
2024-03-01,17381
2024-03-02,4811
2024-03-03,3103
2024-03-04,19335
2024-03-05,19379
2024-03-06,20282
2024-03-07,19399
2024-03-08,18228
2024-03-09,5770
2024-03-10,4519
2024-03-11,17951
2024-03-12,19863
2024-03-13,20263
2024-03-14,16497
2024-03-15,17586
2024-03-16,4108
2024-03-17,3333
2024-03-18,18777
2024-03-19,18350
2024-03-20,18071
2024-03-21,17261
2024-03-22,15407
2024-03-23,3676
2024-03-24,3737
2024-03-25,16732
2024-03-26,12851
2024-03-27,18702
2024-03-28,16780
2024-03-29,11548
2024-03-30,2951
2024-03-31,3514
2024-04-01,13154
2024-04-02,14512
2024-04-03,15777
2024-04-04,16476
2024-04-05,15814
2024-04-06,3945
2024-04-07,3023
2024-04-08,15866
2024-04-09,17582
2024-04-10,17148
2024-04-11,15900
2024-04-12,13855
2024-04-13,6599
2024-04-14,3422
2024-04-15,15738
2024-04-16,16076
2024-04-17,15907
2024-04-18,18364
2024-04-19,17306
2024-04-20,5372
2024-04-21,4709
2024-04-22,15973
2024-04-23,16614
2024-04-24,17863
2024-04-25,17254
2024-04-26,14561
2024-04-27,4179
2024-04-28,4214
2024-04-29,15808
2024-04-30,14737
2024-05-01,12304
2024-05-02,14226
2024-05-03,11698
2024-05-04,4509
2024-05-05,2925
2024-05-06,14138
2024-05-07,13874
2024-05-08,14588
2024-05-09,14790
2024-05-10,12588
2024-05-11,3738
2024-05-12,2602
2024-05-13,14022
2024-05-14,16498
2024-05-15,15291
2024-05-16,15001
2024-05-17,14084
2024-05-18,3694
2024-05-19,2569
2024-05-20,14885
2024-05-21,14225
2024-05-22,15706
2024-05-23,16055
2024-05-24,13178
2024-05-25,2733
2024-05-26,2566
2024-05-27,12096
2024-05-28,16041
2024-05-29,17233
2024-05-30,13865
2024-05-31,15591
2024-06-01,4445
2024-06-02,5763
2024-06-03,15818
2024-06-04,18371
2024-06-05,17224
2024-06-06,18096
2024-06-07,14211
2024-06-08,3686
2024-06-09,3714
2024-06-10,17901
2024-06-11,22329
2024-06-12,24824
2024-06-13,19656
2024-06-14,17183
2024-06-15,3415
2024-06-16,2929
2024-06-17,16500
2024-06-18,23811
2024-06-19,21086
2024-06-20,21166
2024-06-21,15905
2024-06-22,4448
2024-06-23,3447
2024-06-24,24703
2024-06-25,21081
2024-06-26,22030
2024-06-27,21139
2024-06-28,16178
2024-06-29,4520
2024-06-30,3431
2024-07-01,22012
2024-07-02,26995
2024-07-03,24325
2024-07-04,16245
2024-07-05,13222
2024-07-06,3043
2024-07-07,2637
2024-07-08,19281
2024-07-09,20406
2024-07-10,22477
2024-07-11,20936
2024-07-12,23915
2024-07-13,4850
2024-07-14,4665
2024-07-15,39214
2024-07-16,21833
2024-07-17,26218
2024-07-18,22530
2024-07-19,17673
2024-07-20,5900
2024-07-21,3777
2024-07-22,20990
2024-07-23,19227
2024-07-24,20948
2024-07-25,25648
2024-07-26,19940
2024-07-27,4103
2024-07-28,4804
2024-07-29,17503
2024-07-30,21180
2024-07-31,20700
2024-08-01,19009
2024-08-02,18322
2024-08-03,5265
2024-08-04,4291
2024-08-05,19416
2024-08-06,23206
2024-08-07,22355
2024-08-08,22447
2024-08-09,27127
2024-08-10,4323
2024-08-11,3317
2024-08-12,20425
2024-08-13,18768
2024-08-14,16636
2024-08-15,16034
2024-08-16,20091
2024-08-17,4739
2024-08-18,3812
2024-08-19,19972
2024-08-20,18812
2024-08-21,23614
2024-08-22,21745
2024-08-23,19430
2024-08-24,5511
2024-08-25,4111
2024-08-26,22321
2024-08-27,20415
2024-08-28,19260
2024-08-29,22667
2024-08-30,25119
2024-08-31,5303
2024-09-01,4884
2024-09-02,20528
2024-09-03,20625
2024-09-04,25812
2024-09-05,25612
2024-09-06,21355
2024-09-07,4827
2024-09-08,4276
2024-09-09,21066
2024-09-10,23426
2024-09-11,57870
2024-09-12,43928
2024-09-13,27649
2024-09-14,6301
2024-09-15,4904
2024-09-16,19953
2024-09-17,23140
2024-09-18,27633
2024-09-19,20862
2024-09-20,20949
2024-09-21,4712
2024-09-22,4175
2024-09-23,21755
2024-09-24,26817
2024-09-25,27107
2024-09-26,21152
2024-09-27,20231
2024-09-28,5447
2024-09-29,3663
2024-09-30,24640
2024-10-01,26021
2024-10-02,23971
2024-10-03,25593
2024-10-04,19954
2024-10-05,5501
2024-10-06,3877
2024-10-07,23528
2024-10-08,23749
2024-10-09,28545
2024-10-10,29990
2024-10-11,20881
2024-10-12,5545
2024-10-13,5669
2024-10-14,22972
2024-10-15,36572
2024-10-16,36088
2024-10-17,35394
2024-10-18,26375
2024-10-19,6079
2024-10-20,8076
2024-10-21,23045
2024-10-22,26540
2024-10-23,39111
2024-10-24,32116
2024-10-25,26126
2024-10-26,8436
2024-10-27,8371
2024-10-28,30792
2024-10-29,30570
2024-10-30,25714
2024-10-31,26408
2024-11-01,19750
2024-11-02,5935
2024-11-03,5924
2024-11-04,27458
2024-11-05,34703
2024-11-06,28684
2024-11-07,31885
2024-11-08,27540
2024-11-09,8208
2024-11-10,7839
2024-11-11,27104
2024-11-12,32555
2024-11-13,60685
2024-11-14,33359
2024-11-15,29975
2024-11-16,10202
2024-11-17,12775
2024-11-18,33169
2024-11-19,34773
2024-11-20,35024
2024-11-21,37695
2024-11-22,40548
2024-11-23,15055
2024-11-24,12545
2024-11-25,53539
2024-11-26,39682
2024-11-27,35128
2024-11-28,30730
2024-11-29,29619
2024-11-30,15429
2024-12-01,11815
2024-12-02,34840
2024-12-03,38670
2024-12-04,36683
2024-12-05,32320
2024-12-06,31506
2024-12-07,11199
2024-12-08,10609
2024-12-09,37183
2024-12-10,39924
2024-12-11,44085
2024-12-12,44458
2024-12-13,28876
2024-12-14,10541
2024-12-15,9552
2024-12-16,37238
2024-12-17,37316
2024-12-18,42291
2024-12-19,35548
2024-12-20,28638
2024-12-21,10229
2024-12-22,10745
2024-12-23,25642
2024-12-24,20490
2024-12-25,10483
2024-12-26,17290
2024-12-27,17813
2024-12-28,9428
2024-12-29,9145
2024-12-30,21039
2024-12-31,18779
2025-01-01,9834
2025-01-02,24150
2025-01-03,23900
2025-01-04,12914
2025-01-05,11305
2025-01-06,32053
2025-01-07,34449
2025-01-08,34120
2025-01-09,32943
2025-01-10,30558
2025-01-11,10824
2025-01-12,17104
2025-01-13,32665
2025-01-14,30885
2025-01-15,36772
2025-01-16,33924
2025-01-17,31573
2025-01-18,10782
2025-01-19,10096
2025-01-20,35150
2025-01-21,57544
2025-01-22,47731
2025-01-23,44798
2025-01-24,37731
2025-01-25,12739
2025-01-26,10757
2025-01-27,30733
2025-01-28,34971
2025-01-29,33347
2025-01-30,43335
2025-01-31,49942
2025-02-01,11412
2025-02-02,11183
2025-02-03,34215
2025-02-04,37276
2025-02-05,37132
2025-02-06,35856
2025-02-07,35463
2025-02-08,19179
2025-02-09,10570
2025-02-10,38807
2025-02-11,41623
2025-02-12,36790
2025-02-13,39220
2025-02-14,33206
2025-02-15,22368
2025-02-16,10812
2025-02-17,32447
2025-02-18,33666
2025-02-19,40736
2025-02-20,40579
2025-02-21,32801
2025-02-22,10742
2025-02-23,11670
2025-02-24,33846
2025-02-25,36553
2025-02-26,48709
2025-02-27,44636
2025-02-28,35819
2025-03-28,37743
2025-03-29,12204
2025-03-30,8578
2025-03-31,36512
2025-04-01,40020
2025-04-02,54522
2025-04-03,43790
2025-04-04,34391
2025-04-05,8221
2025-04-06,8150
2025-04-07,47711
2025-04-08,43027
2025-04-09,45678
2025-04-10,44006
2025-04-11,41879
2025-04-12,8644
2025-04-13,7561
2025-04-14,39779
2025-04-15,53986
2025-04-16,50685
2025-04-17,51339
2025-04-18,27596
2025-04-19,10579
2025-04-20,9752
2025-04-21,36977
2025-04-22,46459
2025-04-23,61535
2025-04-24,47892
2025-04-25,44977
2025-04-26,7313
2025-04-27,8236
2025-04-28,45896
2025-04-29,50489
2025-04-30,51670
2025-05-01,32468
2025-05-02,35614
2025-05-03,7643
2025-05-04,6535
2025-05-05,42496
2025-05-06,40834
2025-05-07,48421
2025-05-08,41545
2025-05-09,45876
2025-05-10,7779
2025-05-11,8070
2025-05-12,45097
2025-05-13,59856
2025-05-14,68421
2025-05-15,61168
2025-05-16,56922
2025-05-17,9798
2025-05-18,14142
2025-05-19,57217
2025-05-20,71122
2025-05-21,56099
2025-05-22,59773
2025-05-23,54969
2025-05-24,15027
2025-05-25,20023
2025-05-26,47611
2025-05-27,61790
2025-05-28,52490
2025-05-29,46576
2025-05-30,54235
2025-05-31,11787
2025-06-01,11566
2025-06-02,64952
2025-06-03,71979
2025-06-04,74559
2025-06-05,62864
2025-06-06,68640
2025-06-07,11177
2025-06-08,12451
2025-06-09,68090
2025-06-10,61372
2025-06-11,59370
2025-06-12,56798
2025-06-13,52002
2025-06-14,15988
2025-06-15,16292
2025-06-16,68078
2025-06-17,73226
2025-06-18,121092
2025-06-19,72417
2025-06-20,61224
2025-06-21,25410
2025-06-22,19245
2025-06-23,64793
2025-06-24,73041
2025-06-25,81091
2025-06-26,73806
2025-06-27,64228
2025-06-28,14604
2025-06-29,19603
2025-06-30,78241
2025-07-01,67191
2025-07-02,92780
2025-07-03,73214
2025-07-04,62999
2025-07-05,14891
2025-07-06,19692
2025-07-07,83330
2025-07-08,91806
2025-07-09,86084
2025-07-10,55674
2025-07-11,61571
2025-07-12,11555
2025-07-13,14180
2025-07-14,60072
2025-07-15,84269
2025-07-16,70508
2025-07-17,72534
2025-07-18,69440
2025-07-19,12315
2025-07-20,13516
2025-07-21,70821
2025-07-22,67096
2025-07-23,80758
2025-07-24,64870
2025-07-25,59295
2025-07-26,11389
2025-07-27,8377
2025-07-28,64945
2025-07-29,68617
2025-07-30,69297
2025-07-31,76620
2025-08-01,56526
2025-08-02,13160
2025-08-03,16950
2025-08-04,54916
2025-08-05,65074
2025-08-06,68460
2025-08-07,64919
2025-08-08,54412
2025-08-09,12773
2025-08-10,12998
2025-08-11,61559
2025-08-12,71168
2025-08-13,86460
2025-08-14,97961
2025-08-15,78510
2025-08-16,14516
2025-08-17,12655
2025-08-18,107837
2025-08-19,113388
2025-08-20,109797
2025-08-21,97880
2025-08-22,95723
2025-08-23,15003
2025-08-24,14520
2025-08-25,94698
2025-08-26,92827
2025-08-27,79227
2025-08-28,84703
2025-08-29,73667
2025-08-30,19123
2025-08-31,16457
2025-09-01,62257
2025-09-02,81728
2025-09-03,94909
2025-09-04,90150
2025-09-05,97599
2025-09-06,20053
2025-09-07,14537
2025-09-08,92747
2025-09-09,111350
2025-09-10,74987
2025-09-11,120094
2025-09-12,108370
2025-09-13,16290
2025-09-14,11007
2025-09-15,109813
2025-09-16,79579
2025-09-17,78228
2025-09-18,76056
2025-09-19,56029
2025-09-20,13714
2025-09-21,15687
2025-09-22,67642
2025-09-23,82374
2025-09-24,81463
2025-09-25,81248
2025-09-26,77537
2025-09-27,19467
2025-09-28,14903
2025-09-29,72036
2025-09-30,78742
2025-10-01,76804
2025-10-02,61261
2025-10-03,64961
2025-10-04,13933
2025-10-05,12885
2025-10-06,70659
2025-10-07,77731
2025-10-08,75350
2025-10-09,69697
2025-10-10,58570
2025-10-11,16555
2025-10-12,18396
2025-10-13,64952
2025-10-14,75314
2025-10-15,74802
2025-10-16,77359
2025-10-17,75136
2025-10-18,19595
2025-10-19,0
2025-10-20,72553
2025-10-21,77041
2025-10-22,75577
2025-10-23,82588
2025-10-24,84899
2025-10-25,22588
2025-10-26,15831
2025-10-27,88165
2025-10-28,78315
2025-10-29,92582
2025-10-30,82165
2025-10-31,74272
2025-11-01,24521
2025-11-02,16596
2025-11-03,91656
2025-11-04,88238
2025-11-05,94977
2025-11-06,77557
2025-11-07,67486
2025-11-08,24476
2025-11-09,17079
2025-11-10,77725
2025-11-11,84452
2025-11-12,104350
2025-11-13,94451
2025-11-14,83296
2025-11-15,18269
2025-11-16,17021
2025-11-17,81928
2025-11-18,86423
2025-11-19,80591
2025-11-20,93546
2025-11-21,92036
2025-11-22,19568
2025-11-23,17994
2025-11-24,96360
2025-11-25,99153
2025-11-26,99433
2025-11-27,87572
2025-11-28,75519
2025-11-29,23590
2025-11-30,19272
2025-12-01,85829
2025-12-02,107707
2025-12-03,100135
2025-12-04,93339
2025-12-05,83826
2025-12-06,24684
2025-12-07,23115
2025-12-08,95681
2025-12-09,103708
2025-12-10,113747
2025-12-11,85965
2025-12-12,86606
2025-12-13,19963
2025-12-14,21087
2025-12-15,101750
2025-12-16,104872
2025-12-17,104981
2025-12-18,91239
2025-12-19,81248
2025-12-20,17535
2025-12-21,13614
2025-12-22,58459
2025-12-23,57926
2025-12-24,39375
2025-12-25,18378
2025-12-26,28795
2025-12-27,10680
2025-12-28,14675
2025-12-29,46297
2025-12-30,42347
2025-12-31,28467
2026-01-01,13342
2026-01-02,40164
2026-01-03,13025
2026-01-04,13703
2026-01-05,63319
2026-01-06,63660
2026-01-07,67688
2026-01-08,66408
2026-01-09,53889
2026-01-10,15627
2026-01-11,14492
2026-01-12,69692
2026-01-13,77175
2026-01-14,86998
2026-01-15,81579
2026-01-16,69452
2026-01-17,14365
2026-01-18,14531
2026-01-19,80925
2026-01-20,89689
2026-01-21,90902
2026-01-22,85465
2026-01-23,68411
2026-01-24,16390
2026-01-25,14514
2026-01-26,88517
2026-01-27,97472
2026-01-28,99155
2026-01-29,109931
2026-01-30,86825
2026-01-31,20801
2026-02-01,18505
2026-02-02,90934
2026-02-03,98977
2026-02-04,107858
2026-02-05,91316
2026-02-06,80576
2026-02-07,16806
2026-02-08,15893
2026-02-09,85437
2026-02-10,85440
2026-02-11,88946
2026-02-12,90695
2026-02-13,80955
2026-02-14,19536
2026-02-15,18057
2026-02-16,65893
2026-02-17,78724
2026-02-18,99293
2026-02-19,85683
2026-02-20,80629
2026-02-21,20402
2026-02-22,19032
2026-02-23,70697
2026-02-24,92644
2026-02-25,96634
2026-02-26,88030
2026-02-27,90053
2026-02-28,35330
2026-03-01,21698
2026-03-02,92206
2026-03-03,106075
2026-03-04,98492
2026-03-05,106256
2026-03-06,88974
2026-03-07,34616
2026-03-08,22854
2026-03-09,110792
2026-03-10,117715
2026-03-11,93278
2026-03-12,98384
2026-03-13,79713
2026-03-14,22309
2026-03-15,25326
2026-03-16,87944
2026-03-17,115437
2026-03-18,99111
2026-03-19,105479
2026-03-20,94267
2026-03-21,20933
2026-03-22,25641
2026-03-23,95379
2026-03-24,101691
2026-03-25,101355
2026-03-26,103155
2026-03-27,88053
2026-03-28,22913
2026-03-29,27303
2026-03-30,96659
2026-03-31,102056
2026-04-01,78805
2026-04-02,93888
2026-04-03,68871
2026-04-04,23280
2026-04-05,21246
2026-04-06,71782
2026-04-07,96350
2026-04-08,102334
2026-04-09,96053
2026-04-10,124220
2026-04-11,30078
2026-04-12,31230
2026-04-13,114036
2026-04-14,87352
2026-04-15,107126
2026-04-16,89135
2026-04-17,98064
2026-04-18,24727
2026-04-19,21656
2026-04-20,97384
2026-04-21,107737
2026-04-22,114945
2026-04-23,105693
2026-04-24,87676
2026-04-25,35192
2026-04-26,31324
2026-04-27,114961
2026-04-28,127107
2026-04-29,122154
2026-04-30,107025
2026-05-01,98545
2026-05-02,30541
2026-05-03,29488
2026-05-04,103079
2026-05-05,103899
2026-05-06,106595
2026-05-07,107249
2026-05-08,102540
2026-05-09,0
2026-05-10,43270
2026-05-11,125286
2026-05-12,140528
2026-05-13,148736
2026-05-14,130132
2026-05-15,124013
2026-05-16,48296
2026-05-17,41239
2026-05-18,122496
2026-05-19,112262
2026-05-20,134489
2026-05-21,143897
2026-05-22,107432
2026-05-23,33867
2026-05-24,34508
2026-05-25,101495
2026-05-26,125816
2026-05-27,128398
2026-05-28,129964
2026-05-29,120859
2026-05-30,38389
2026-05-31,37382
2026-06-01,130803
2026-06-02,139663
2026-06-03,148688
2026-06-04,143626
2026-06-05,0
2026-06-06,41257
2026-06-07,31263
2026-06-08,114595
2026-06-09,138153
2026-06-10,118142
2026-06-11,165215
2026-06-12,120866
2026-06-13,36509
2026-06-14,33899
2026-06-15,109453
2026-06-16,122551
2026-06-17,122523
2026-06-18,137961
2026-06-19,116763
2026-06-20,51609
2026-06-21,48166
2026-06-22,129635
2026-06-23,126171
2026-06-24,135772
2026-06-25,136455
2026-06-26,120720
2026-06-27,48856
2026-06-28,41971
2026-06-29,136442
2026-06-30,141120
2026-07-01,141353
2026-07-02,148244
2026-07-03,132751
2026-07-04,38028
2026-07-05,36279
2026-07-06,128862
2026-07-07,147926
2026-07-08,146972
2026-07-09,140467
2026-07-10,123981
2026-07-11,39994
2026-07-12,0
2026-07-13,133349
2026-07-14,146113
2026-07-15,170474
2026-07-16,138476
2026-07-17,118866
2026-07-18,47020
2026-07-19,50053
2026-07-20,141796
2026-07-21,161013
2026-07-22,157063
2026-07-23,148215
2026-07-24,118488
2026-07-25,37284
2026-07-26,35070
2026-07-27,155474
2026-07-28,139710
2026-07-29,140382
2026-07-30,143123
2026-07-31,117204
2026-08-01,43362
2026-08-02,42328
2026-08-03,142108
2026-08-04,145139
2026-08-05,161580
2026-08-06,144128
2026-08-07,123545
2026-08-08,46584
2026-08-09,40202
2026-08-10,138303
2026-08-11,157019
2026-08-12,133794
2026-08-13,159807
2026-08-14,0
2026-08-15,42242
2026-08-16,38260
2026-08-17,121173
2026-08-18,135017
2026-08-19,132309
2026-08-20,138318
2026-08-21,112669
2026-08-22,44159
2026-08-23,48388
2026-08-24,140822
2026-08-25,170363
2026-08-26,164567
2026-08-27,156961
2026-08-28,145159
2026-08-29,50702
2026-08-30,39749
2026-08-31,161376
2026-09-01,151734
2026-09-02,166309
2026-09-03,0
2026-09-04,161580
2026-09-05,51575
2026-09-06,47504
2026-09-07,0
2026-09-08,0
2026-09-09,175813
2026-09-10,203117
2026-09-11,143294
2026-09-12,43438
2026-09-13,47994
2026-09-14,169144
2026-09-15,0
2026-09-16,167729
2026-09-17,176283
2026-09-18,165612
2026-09-19,54139
2026-09-20,54750
2026-09-21,162761
2026-09-22,189307
2026-09-23,177475
2026-09-24,160880
2026-09-25,132599
2026-09-26,39191
2026-09-27,38327
2026-09-28,0
