date,Bab el-Mandeb Strait,Panama Canal,Strait of Hormuz,Suez Canal
2023-06-01,16.0,15.0,68.0,18.0
2023-06-02,34.0,8.0,49.0,27.0
2023-06-03,25.0,7.0,74.0,22.0
2023-06-04,34.0,14.0,69.0,31.0
2023-06-05,28.0,15.0,69.0,21.0
2023-06-06,28.0,12.0,44.0,21.0
2023-06-07,20.0,15.0,72.0,27.0
2023-06-08,32.0,15.0,47.0,32.0
2023-06-09,32.0,13.0,61.0,29.0
2023-06-10,24.0,14.0,66.0,40.0
2023-06-11,29.0,14.0,79.0,30.0
2023-06-12,22.0,16.0,66.0,19.0
2023-06-13,19.0,12.0,61.0,30.0
2023-06-14,21.0,8.0,43.0,32.0
2023-06-15,30.0,16.0,49.0,25.0
2023-06-16,20.0,9.0,53.0,26.0
2023-06-17,27.0,14.0,57.0,25.0
2023-06-18,26.0,11.0,54.0,28.0
2023-06-19,34.0,11.0,67.0,24.0
2023-06-20,29.0,10.0,52.0,20.0
2023-06-21,24.0,14.0,62.0,29.0
2023-06-22,28.0,15.0,57.0,34.0
2023-06-23,29.0,9.0,61.0,29.0
2023-06-24,29.0,13.0,76.0,26.0
2023-06-25,34.0,14.0,48.0,22.0
2023-06-26,27.0,14.0,71.0,16.0
2023-06-27,31.0,17.0,45.0,32.0
2023-06-28,21.0,15.0,62.0,30.0
2023-06-29,26.0,15.0,64.0,21.0
2023-06-30,20.0,11.0,65.0,29.0
2023-07-01,39.0,12.0,72.0,27.0
2023-07-02,23.0,16.0,58.0,27.0
2023-07-03,17.0,12.0,48.0,26.0
2023-07-04,28.0,11.0,61.0,23.0
2023-07-05,30.0,15.0,78.0,28.0
2023-07-06,21.0,18.0,70.0,24.0
2023-07-07,33.0,17.0,79.0,28.0
2023-07-08,31.0,14.0,61.0,27.0
2023-07-09,25.0,15.0,62.0,20.0
2023-07-10,22.0,12.0,61.0,22.0
2023-07-11,25.0,15.0,62.0,19.0
2023-07-12,39.0,12.0,51.0,22.0
2023-07-13,28.0,15.0,65.0,27.0
2023-07-14,24.0,18.0,67.0,36.0
2023-07-15,28.0,12.0,63.0,26.0
2023-07-16,29.0,11.0,64.0,31.0
2023-07-17,33.0,12.0,58.0,29.0
2023-07-18,24.0,16.0,65.0,35.0
2023-07-19,22.0,19.0,61.0,29.0
2023-07-20,25.0,14.0,75.0,31.0
2023-07-21,29.0,12.0,62.0,25.0
2023-07-22,27.0,7.0,64.0,30.0
2023-07-23,21.0,9.0,51.0,24.0
2023-07-24,29.0,13.0,61.0,25.0
2023-07-25,30.0,17.0,53.0,24.0
2023-07-26,20.0,12.0,55.0,23.0
2023-07-27,25.0,14.0,41.0,23.0
2023-07-28,18.0,9.0,61.0,21.0
2023-07-29,31.0,12.0,51.0,31.0
2023-07-30,29.0,13.0,64.0,16.0
2023-07-31,35.0,16.0,76.0,30.0
2023-08-01,25.0,13.0,80.0,19.0
2023-08-02,26.0,16.0,73.0,23.0
2023-08-03,23.0,15.0,57.0,22.0
2023-08-04,22.0,15.0,64.0,23.0
2023-08-05,20.0,12.0,58.0,18.0
2023-08-06,30.0,18.0,58.0,15.0
2023-08-07,28.0,15.0,66.0,25.0
2023-08-08,22.0,13.0,55.0,26.0
2023-08-09,26.0,15.0,58.0,33.0
2023-08-10,16.0,14.0,63.0,25.0
2023-08-11,24.0,12.0,66.0,27.0
2023-08-12,19.0,9.0,75.0,17.0
2023-08-13,34.0,13.0,65.0,30.0
2023-08-14,40.0,14.0,63.0,25.0
2023-08-15,22.0,13.0,48.0,21.0
2023-08-16,23.0,13.0,62.0,25.0
2023-08-17,24.0,12.0,72.0,23.0
2023-08-18,27.0,9.0,57.0,24.0
2023-08-19,27.0,10.0,65.0,31.0
2023-08-20,27.0,13.0,61.0,29.0
2023-08-21,23.0,11.0,74.0,20.0
2023-08-22,25.0,18.0,59.0,23.0
2023-08-23,21.0,12.0,56.0,18.0
2023-08-24,25.0,15.0,72.0,24.0
2023-08-25,22.0,12.0,53.0,18.0
2023-08-26,13.0,9.0,76.0,21.0
2023-08-27,18.0,16.0,46.0,24.0
2023-08-28,31.0,13.0,60.0,29.0
2023-08-29,23.0,13.0,72.0,24.0
2023-08-30,28.0,15.0,53.0,21.0
2023-08-31,28.0,17.0,47.0,24.0
2023-09-01,28.0,14.0,55.0,26.0
2023-09-02,26.0,13.0,47.0,25.0
2023-09-03,33.0,8.0,59.0,24.0
2023-09-04,32.0,15.0,65.0,19.0
2023-09-05,36.0,15.0,60.0,23.0
2023-09-06,24.0,11.0,67.0,26.0
2023-09-07,24.0,18.0,62.0,25.0
2023-09-08,24.0,20.0,66.0,24.0
2023-09-09,29.0,12.0,57.0,27.0
2023-09-10,24.0,11.0,65.0,33.0
2023-09-11,24.0,14.0,49.0,27.0
2023-09-12,29.0,8.0,48.0,32.0
2023-09-13,18.0,16.0,66.0,26.0
2023-09-14,34.0,19.0,81.0,24.0
2023-09-15,20.0,10.0,58.0,28.0
2023-09-16,31.0,8.0,50.0,17.0
2023-09-17,23.0,14.0,40.0,22.0
2023-09-18,31.0,15.0,61.0,32.0
2023-09-19,23.0,14.0,67.0,27.0
2023-09-20,29.0,16.0,57.0,25.0
2023-09-21,21.0,14.0,61.0,27.0
2023-09-22,34.0,11.0,83.0,20.0
2023-09-23,30.0,15.0,48.0,28.0
2023-09-24,26.0,14.0,65.0,24.0
2023-09-25,20.0,12.0,61.0,27.0
2023-09-26,23.0,11.0,66.0,22.0
2023-09-27,17.0,13.0,62.0,23.0
2023-09-28,22.0,13.0,73.0,28.0
2023-09-29,27.0,7.0,68.0,22.0
2023-09-30,30.0,14.0,63.0,22.0
2023-10-01,29.0,13.0,64.0,24.0
2023-10-02,30.0,9.0,62.0,21.0
2023-10-03,27.0,14.0,68.0,18.0
2023-10-04,23.0,11.0,63.0,20.0
2023-10-05,25.0,13.0,66.0,27.0
2023-10-06,27.0,10.0,73.0,31.0
2023-10-07,26.0,15.0,42.0,23.0
2023-10-08,25.0,15.0,73.0,28.0
2023-10-09,23.0,15.0,63.0,29.0
2023-10-10,30.0,10.0,74.0,26.0
2023-10-11,33.0,14.0,57.0,27.0
2023-10-12,19.0,16.0,79.0,27.0
2023-10-13,27.0,12.0,58.0,23.0
2023-10-14,29.0,11.0,65.0,28.0
2023-10-15,17.0,14.0,59.0,32.0
2023-10-16,40.0,12.0,42.0,26.0
2023-10-17,23.0,11.0,58.0,26.0
2023-10-18,31.0,10.0,54.0,18.0
2023-10-19,36.0,15.0,49.0,31.0
2023-10-20,27.0,13.0,64.0,29.0
2023-10-21,34.0,10.0,47.0,27.0
2023-10-22,19.0,8.0,30.0,19.0
2023-10-23,19.0,14.0,50.0,30.0
2023-10-24,21.0,11.0,51.0,29.0
2023-10-25,34.0,17.0,47.0,25.0
2023-10-26,34.0,11.0,50.0,24.0
2023-10-27,20.0,15.0,43.0,23.0
2023-10-28,30.0,10.0,32.0,25.0
2023-10-29,23.0,7.0,61.0,12.0
2023-10-30,27.0,11.0,71.0,22.0
2023-10-31,26.0,13.0,54.0,24.0
2023-11-01,15.0,16.0,62.0,33.0
2023-11-02,21.0,9.0,67.0,27.0
2023-11-03,28.0,14.0,69.0,24.0
2023-11-04,29.0,9.0,28.0,32.0
2023-11-05,21.0,10.0,40.0,19.0
2023-11-06,17.0,8.0,43.0,21.0
2023-11-07,24.0,13.0,31.0,16.0
2023-11-08,25.0,10.0,39.0,27.0
2023-11-09,35.0,12.0,53.0,29.0
2023-11-10,28.0,10.0,52.0,27.0
2023-11-11,22.0,10.0,67.0,20.0
2023-11-12,31.0,10.0,67.0,24.0
2023-11-13,27.0,10.0,67.0,27.0
2023-11-14,20.0,9.0,56.0,27.0
2023-11-15,26.0,9.0,54.0,23.0
2023-11-16,21.0,14.0,30.0,19.0
2023-11-17,37.0,12.0,43.0,37.0
2023-11-18,26.0,8.0,52.0,20.0
2023-11-19,19.0,7.0,35.0,21.0
2023-11-20,24.0,9.0,45.0,24.0
2023-11-21,28.0,11.0,42.0,21.0
2023-11-22,26.0,15.0,37.0,27.0
2023-11-23,25.0,7.0,33.0,24.0
2023-11-24,26.0,7.0,47.0,33.0
2023-11-25,32.0,13.0,36.0,26.0
2023-11-26,33.0,9.0,41.0,28.0
2023-11-27,30.0,10.0,46.0,23.0
2023-11-28,26.0,9.0,52.0,22.0
2023-11-29,41.0,12.0,37.0,24.0
2023-11-30,26.0,12.0,42.0,20.0
2023-12-01,24.0,10.0,42.0,30.0
2023-12-02,22.0,15.0,38.0,25.0
2023-12-03,35.0,14.0,52.0,29.0
2023-12-04,28.0,9.0,51.0,24.0
2023-12-05,32.0,10.0,53.0,23.0
2023-12-06,27.0,8.0,54.0,22.0
2023-12-07,29.0,9.0,48.0,22.0
2023-12-08,32.0,6.0,41.0,29.0
2023-12-09,25.0,10.0,41.0,33.0
2023-12-10,26.0,8.0,45.0,22.0
2023-12-11,24.0,10.0,39.0,33.0
2023-12-12,23.0,11.0,45.0,30.0
2023-12-13,35.0,10.0,38.0,24.0
2023-12-14,34.0,9.0,31.0,28.0
2023-12-15,27.0,11.0,45.0,24.0
2023-12-16,27.0,11.0,36.0,24.0
2023-12-17,26.0,9.0,39.0,34.0
2023-12-18,22.0,8.0,33.0,28.0
2023-12-19,23.0,6.0,45.0,18.0
2023-12-20,18.0,8.0,43.0,28.0
2023-12-21,25.0,9.0,41.0,27.0
2023-12-22,21.0,10.0,48.0,22.0
2023-12-23,17.0,10.0,55.0,19.0
2023-12-24,27.0,13.0,39.0,19.0
2023-12-25,22.0,8.0,52.0,23.0
2023-12-26,28.0,6.0,50.0,21.0
2023-12-27,21.0,9.0,42.0,14.0
2023-12-28,17.0,13.0,62.0,23.0
2023-12-29,27.0,9.0,50.0,22.0
2023-12-30,21.0,8.0,49.0,18.0
2023-12-31,15.0,13.0,46.0,26.0
2024-01-01,16.0,9.0,39.0,18.0
2024-01-02,18.0,9.0,48.0,22.0
2024-01-03,12.0,10.0,38.0,16.0
2024-01-04,21.0,10.0,47.0,19.0
2024-01-05,18.0,9.0,49.0,23.0
2024-01-06,18.0,9.0,45.0,22.0
2024-01-07,14.0,9.0,41.0,16.0
2024-01-08,22.0,6.0,43.0,13.0
2024-01-09,13.0,2.0,35.0,17.0
2024-01-10,12.0,7.0,34.0,17.0
2024-01-11,23.0,9.0,52.0,19.0
2024-01-12,8.0,11.0,49.0,10.0
2024-01-13,13.0,9.0,44.0,14.0
2024-01-14,9.0,9.0,52.0,13.0
2024-01-15,10.0,10.0,68.0,17.0
2024-01-16,10.0,10.0,54.0,20.0
2024-01-17,18.0,6.0,40.0,16.0
2024-01-18,11.0,7.0,42.0,24.0
2024-01-19,12.0,9.0,32.0,19.0
2024-01-20,13.0,10.0,43.0,9.0
2024-01-21,17.0,9.0,44.0,14.0
2024-01-22,17.0,7.0,42.0,14.0
2024-01-23,11.0,5.0,43.0,14.0
2024-01-24,12.0,7.0,54.0,17.0
2024-01-25,13.0,5.0,43.0,16.0
2024-01-26,12.0,7.0,51.0,11.0
2024-01-27,11.0,8.0,40.0,9.0
2024-01-28,11.0,10.0,40.0,16.0
2024-01-29,12.0,7.0,34.0,9.0
2024-01-30,6.0,13.0,34.0,13.0
2024-01-31,10.0,9.0,48.0,14.0
2024-02-01,10.0,7.0,50.0,8.0
2024-02-02,16.0,8.0,32.0,12.0
2024-02-03,10.0,7.0,33.0,16.0
2024-02-04,8.0,4.0,32.0,13.0
2024-02-05,17.0,12.0,43.0,12.0
2024-02-06,11.0,8.0,32.0,7.0
2024-02-07,8.0,10.0,45.0,14.0
2024-02-08,8.0,5.0,51.0,12.0
2024-02-09,13.0,9.0,35.0,11.0
2024-02-10,10.0,8.0,44.0,15.0
2024-02-11,7.0,8.0,48.0,15.0
2024-02-12,9.0,8.0,48.0,16.0
2024-02-13,14.0,8.0,32.0,15.0
2024-02-14,8.0,9.0,44.0,9.0
2024-02-15,7.0,14.0,55.0,10.0
2024-02-16,12.0,9.0,56.0,20.0
2024-02-17,12.0,7.0,49.0,14.0
2024-02-18,17.0,10.0,35.0,8.0
2024-02-19,15.0,9.0,39.0,26.0
2024-02-20,12.0,8.0,44.0,9.0
2024-02-21,18.0,9.0,42.0,10.0
2024-02-22,14.0,10.0,35.0,14.0
2024-02-23,22.0,8.0,31.0,18.0
2024-02-24,12.0,8.0,54.0,15.0
2024-02-25,14.0,10.0,51.0,12.0
2024-02-26,12.0,8.0,42.0,13.0
2024-02-27,17.0,8.0,42.0,14.0
2024-02-28,9.0,7.0,42.0,14.0
2024-02-29,13.0,10.0,36.0,16.0
2024-03-01,6.0,6.0,42.0,12.0
2024-03-02,17.0,8.0,30.0,11.0
2024-03-03,19.0,6.0,52.0,13.0
2024-03-04,9.0,10.0,64.0,7.0
2024-03-05,9.0,11.0,46.0,18.0
2024-03-06,14.0,10.0,40.0,9.0
2024-03-07,11.0,10.0,45.0,16.0
2024-03-08,9.0,10.0,65.0,18.0
2024-03-09,14.0,10.0,46.0,16.0
2024-03-10,14.0,8.0,35.0,15.0
2024-03-11,14.0,10.0,60.0,13.0
2024-03-12,13.0,9.0,68.0,16.0
2024-03-13,12.0,5.0,50.0,14.0
2024-03-14,14.0,16.0,71.0,14.0
2024-03-15,12.0,8.0,63.0,13.0
2024-03-16,11.0,11.0,72.0,14.0
2024-03-17,15.0,8.0,65.0,10.0
2024-03-18,5.0,12.0,59.0,20.0
2024-03-19,13.0,7.0,51.0,13.0
2024-03-20,12.0,11.0,71.0,19.0
2024-03-21,9.0,10.0,63.0,13.0
2024-03-22,13.0,9.0,61.0,12.0
2024-03-23,10.0,10.0,49.0,13.0
2024-03-24,14.0,10.0,57.0,6.0
2024-03-25,12.0,8.0,61.0,19.0
2024-03-26,19.0,9.0,45.0,14.0
2024-03-27,16.0,11.0,60.0,15.0
2024-03-28,12.0,13.0,51.0,11.0
2024-03-29,14.0,11.0,64.0,10.0
2024-03-30,11.0,8.0,55.0,15.0
2024-03-31,13.0,9.0,68.0,11.0
2024-04-01,15.0,12.0,59.0,17.0
2024-04-02,11.0,11.0,58.0,21.0
2024-04-03,10.0,11.0,61.0,12.0
2024-04-04,10.0,12.0,62.0,13.0
2024-04-05,7.0,13.0,58.0,13.0
2024-04-06,9.0,8.0,70.0,12.0
2024-04-07,13.0,9.0,58.0,14.0
2024-04-08,9.0,13.0,65.0,15.0
2024-04-09,16.0,11.0,67.0,12.0
2024-04-10,18.0,10.0,67.0,15.0
2024-04-11,16.0,7.0,62.0,16.0
2024-04-12,10.0,8.0,56.0,15.0
2024-04-13,13.0,8.0,74.0,12.0
2024-04-14,10.0,12.0,62.0,12.0
2024-04-15,14.0,5.0,55.0,19.0
2024-04-16,9.0,11.0,48.0,14.0
2024-04-17,13.0,9.0,42.0,16.0
2024-04-18,15.0,10.0,48.0,13.0
2024-04-19,8.0,16.0,62.0,11.0
2024-04-20,12.0,10.0,65.0,7.0
2024-04-21,11.0,15.0,66.0,23.0
2024-04-22,10.0,9.0,68.0,20.0
2024-04-23,7.0,16.0,64.0,14.0
2024-04-24,9.0,10.0,60.0,9.0
2024-04-25,14.0,12.0,51.0,14.0
2024-04-26,21.0,11.0,49.0,15.0
2024-04-27,16.0,11.0,69.0,16.0
2024-04-28,12.0,10.0,57.0,12.0
2024-04-29,4.0,11.0,44.0,10.0
2024-04-30,18.0,9.0,72.0,19.0
2024-05-01,16.0,9.0,65.0,14.0
2024-05-02,18.0,12.0,37.0,10.0
2024-05-03,14.0,9.0,44.0,13.0
2024-05-04,13.0,10.0,75.0,13.0
2024-05-05,10.0,13.0,72.0,7.0
2024-05-06,8.0,12.0,59.0,12.0
2024-05-07,11.0,9.0,69.0,23.0
2024-05-08,12.0,8.0,53.0,17.0
2024-05-09,12.0,14.0,63.0,19.0
2024-05-10,10.0,2.0,51.0,20.0
2024-05-11,11.0,12.0,73.0,16.0
2024-05-12,18.0,9.0,53.0,17.0
2024-05-13,7.0,7.0,77.0,17.0
2024-05-14,12.0,12.0,68.0,13.0
2024-05-15,10.0,10.0,63.0,14.0
2024-05-16,20.0,11.0,64.0,19.0
2024-05-17,7.0,13.0,61.0,18.0
2024-05-18,13.0,10.0,57.0,12.0
2024-05-19,15.0,14.0,63.0,16.0
2024-05-20,17.0,10.0,55.0,17.0
2024-05-21,15.0,10.0,69.0,19.0
2024-05-22,9.0,13.0,59.0,16.0
2024-05-23,12.0,13.0,67.0,19.0
2024-05-24,10.0,10.0,66.0,15.0
2024-05-25,7.0,9.0,66.0,15.0
2024-05-26,13.0,9.0,70.0,16.0
2024-05-27,9.0,11.0,63.0,7.0
2024-05-28,9.0,9.0,71.0,8.0
2024-05-29,9.0,15.0,58.0,16.0
2024-05-30,11.0,12.0,58.0,14.0
2024-05-31,3.0,16.0,51.0,17.0
2024-06-01,14.0,9.0,61.0,16.0
2024-06-02,6.0,11.0,78.0,15.0
2024-06-03,9.0,12.0,65.0,9.0
2024-06-04,10.0,12.0,61.0,16.0
2024-06-05,9.0,13.0,55.0,16.0
2024-06-06,13.0,14.0,57.0,17.0
2024-06-07,13.0,13.0,61.0,17.0
2024-06-08,16.0,10.0,65.0,9.0
2024-06-09,12.0,10.0,77.0,17.0
2024-06-10,13.0,14.0,67.0,17.0
2024-06-11,9.0,9.0,62.0,13.0
2024-06-12,7.0,15.0,60.0,20.0
2024-06-13,10.0,12.0,56.0,16.0
2024-06-14,19.0,9.0,55.0,13.0
2024-06-15,9.0,12.0,67.0,15.0
2024-06-16,11.0,8.0,52.0,13.0
2024-06-17,16.0,13.0,66.0,18.0
2024-06-18,16.0,12.0,52.0,12.0
2024-06-19,14.0,9.0,59.0,15.0
2024-06-20,10.0,11.0,67.0,22.0
2024-06-21,14.0,9.0,52.0,11.0
2024-06-22,14.0,12.0,56.0,14.0
2024-06-23,12.0,11.0,56.0,15.0
2024-06-24,10.0,8.0,66.0,15.0
2024-06-25,10.0,5.0,69.0,13.0
2024-06-26,11.0,17.0,55.0,20.0
2024-06-27,12.0,17.0,79.0,12.0
2024-06-28,10.0,12.0,57.0,12.0
2024-06-29,8.0,11.0,54.0,16.0
2024-06-30,11.0,19.0,65.0,10.0
2024-07-01,4.0,10.0,44.0,12.0
2024-07-02,9.0,11.0,78.0,8.0
2024-07-03,9.0,11.0,62.0,16.0
2024-07-04,15.0,14.0,73.0,12.0
2024-07-05,18.0,13.0,53.0,16.0
2024-07-06,11.0,12.0,61.0,13.0
2024-07-07,9.0,8.0,68.0,13.0
2024-07-08,13.0,15.0,60.0,8.0
2024-07-09,6.0,7.0,76.0,16.0
2024-07-10,15.0,14.0,60.0,8.0
2024-07-11,7.0,14.0,70.0,26.0
2024-07-12,13.0,13.0,63.0,12.0
2024-07-13,21.0,10.0,57.0,17.0
2024-07-14,10.0,11.0,69.0,12.0
2024-07-15,14.0,13.0,64.0,8.0
2024-07-16,9.0,9.0,64.0,11.0
2024-07-17,8.0,17.0,68.0,16.0
2024-07-18,10.0,8.0,57.0,15.0
2024-07-19,14.0,13.0,60.0,13.0
2024-07-20,13.0,14.0,59.0,17.0
2024-07-21,13.0,12.0,59.0,17.0
2024-07-22,10.0,10.0,54.0,12.0
2024-07-23,12.0,14.0,53.0,10.0
2024-07-24,8.0,13.0,57.0,22.0
2024-07-25,10.0,15.0,76.0,20.0
2024-07-26,11.0,14.0,42.0,22.0
2024-07-27,13.0,14.0,66.0,15.0
2024-07-28,11.0,8.0,61.0,11.0
2024-07-29,9.0,9.0,61.0,13.0
2024-07-30,15.0,10.0,50.0,14.0
2024-07-31,9.0,13.0,64.0,16.0
2024-08-01,13.0,8.0,46.0,11.0
2024-08-02,10.0,15.0,59.0,18.0
2024-08-03,10.0,6.0,62.0,14.0
2024-08-04,15.0,8.0,58.0,17.0
2024-08-05,11.0,15.0,48.0,13.0
2024-08-06,5.0,10.0,56.0,15.0
2024-08-07,9.0,15.0,46.0,15.0
2024-08-08,9.0,9.0,61.0,10.0
2024-08-09,11.0,11.0,55.0,20.0
2024-08-10,14.0,15.0,66.0,9.0
2024-08-11,11.0,11.0,51.0,13.0
2024-08-12,17.0,11.0,68.0,18.0
2024-08-13,13.0,13.0,54.0,21.0
2024-08-14,9.0,13.0,48.0,16.0
2024-08-15,8.0,12.0,46.0,11.0
2024-08-16,10.0,17.0,43.0,22.0
2024-08-17,9.0,14.0,38.0,17.0
2024-08-18,11.0,11.0,42.0,14.0
2024-08-19,8.0,9.0,46.0,8.0
2024-08-20,15.0,14.0,35.0,17.0
2024-08-21,8.0,4.0,48.0,15.0
2024-08-22,12.0,15.0,41.0,23.0
2024-08-23,8.0,9.0,48.0,20.0
2024-08-24,6.0,12.0,75.0,12.0
2024-08-25,10.0,13.0,54.0,16.0
2024-08-26,13.0,15.0,64.0,18.0
2024-08-27,13.0,16.0,71.0,14.0
2024-08-28,15.0,14.0,81.0,12.0
2024-08-29,8.0,16.0,69.0,9.0
2024-08-30,14.0,12.0,63.0,12.0
2024-08-31,8.0,8.0,51.0,14.0
2024-09-01,8.0,15.0,43.0,14.0
2024-09-02,7.0,14.0,52.0,22.0
2024-09-03,10.0,9.0,81.0,8.0
2024-09-04,7.0,13.0,74.0,13.0
2024-09-05,17.0,14.0,55.0,17.0
2024-09-06,10.0,16.0,55.0,17.0
2024-09-07,5.0,11.0,69.0,11.0
2024-09-08,12.0,11.0,47.0,10.0
2024-09-09,7.0,14.0,69.0,16.0
2024-09-10,9.0,16.0,63.0,17.0
2024-09-11,11.0,14.0,56.0,12.0
2024-09-12,14.0,13.0,61.0,9.0
2024-09-13,11.0,14.0,66.0,9.0
2024-09-14,10.0,5.0,65.0,19.0
2024-09-15,9.0,14.0,57.0,13.0
2024-09-16,5.0,12.0,53.0,21.0
2024-09-17,12.0,12.0,51.0,18.0
2024-09-18,12.0,7.0,72.0,12.0
2024-09-19,13.0,9.0,59.0,17.0
2024-09-20,16.0,11.0,63.0,19.0
2024-09-21,8.0,13.0,58.0,7.0
2024-09-22,10.0,14.0,56.0,19.0
2024-09-23,12.0,9.0,74.0,19.0
2024-09-24,14.0,17.0,65.0,16.0
2024-09-25,8.0,9.0,69.0,20.0
2024-09-26,16.0,11.0,53.0,21.0
2024-09-27,14.0,10.0,50.0,15.0
2024-09-28,8.0,13.0,70.0,20.0
2024-09-29,10.0,12.0,43.0,9.0
2024-09-30,13.0,17.0,41.0,14.0
2024-10-01,12.0,14.0,50.0,16.0
2024-10-02,9.0,11.0,72.0,14.0
2024-10-03,10.0,15.0,48.0,20.0
2024-10-04,7.0,15.0,58.0,9.0
2024-10-05,10.0,7.0,53.0,11.0
2024-10-06,10.0,8.0,41.0,17.0
2024-10-07,11.0,10.0,52.0,14.0
2024-10-08,13.0,7.0,54.0,17.0
2024-10-09,4.0,9.0,57.0,12.0
2024-10-10,13.0,18.0,55.0,7.0
2024-10-11,6.0,14.0,59.0,17.0
2024-10-12,21.0,7.0,67.0,7.0
2024-10-13,14.0,7.0,66.0,20.0
2024-10-14,9.0,13.0,45.0,10.0
2024-10-15,9.0,14.0,43.0,15.0
2024-10-16,6.0,11.0,47.0,19.0
2024-10-17,8.0,15.0,58.0,17.0
2024-10-18,10.0,10.0,58.0,11.0
2024-10-19,11.0,7.0,59.0,12.0
2024-10-20,12.0,13.0,55.0,16.0
2024-10-21,18.0,15.0,46.0,15.0
2024-10-22,13.0,12.0,38.0,9.0
2024-10-23,8.0,14.0,34.0,8.0
2024-10-24,7.0,15.0,54.0,17.0
2024-10-25,10.0,11.0,57.0,18.0
2024-10-26,4.0,8.0,40.0,12.0
2024-10-27,10.0,10.0,47.0,15.0
2024-10-28,12.0,11.0,38.0,21.0
2024-10-29,14.0,11.0,38.0,15.0
2024-10-30,12.0,12.0,39.0,17.0
2024-10-31,9.0,14.0,33.0,13.0
2024-11-01,8.0,10.0,48.0,12.0
2024-11-02,8.0,9.0,58.0,17.0
2024-11-03,16.0,14.0,65.0,12.0
2024-11-04,10.0,11.0,62.0,10.0
2024-11-05,17.0,18.0,63.0,13.0
2024-11-06,17.0,16.0,52.0,22.0
2024-11-07,12.0,19.0,59.0,15.0
2024-11-08,12.0,16.0,58.0,10.0
2024-11-09,9.0,12.0,54.0,13.0
2024-11-10,13.0,14.0,54.0,18.0
2024-11-11,7.0,10.0,67.0,19.0
2024-11-12,16.0,13.0,43.0,21.0
2024-11-13,14.0,16.0,45.0,13.0
2024-11-14,10.0,12.0,37.0,11.0
2024-11-15,9.0,18.0,46.0,8.0
2024-11-16,17.0,11.0,37.0,14.0
2024-11-17,11.0,11.0,32.0,13.0
2024-11-18,8.0,11.0,48.0,7.0
2024-11-19,12.0,13.0,38.0,12.0
2024-11-20,13.0,8.0,46.0,10.0
2024-11-21,7.0,11.0,41.0,10.0
2024-11-22,11.0,15.0,39.0,17.0
2024-11-23,9.0,9.0,38.0,16.0
2024-11-24,8.0,10.0,38.0,19.0
2024-11-25,12.0,11.0,35.0,14.0
2024-11-26,16.0,14.0,30.0,12.0
2024-11-27,7.0,9.0,46.0,13.0
2024-11-28,13.0,13.0,43.0,10.0
2024-11-29,10.0,11.0,39.0,8.0
2024-11-30,9.0,14.0,44.0,10.0
2024-12-01,16.0,14.0,32.0,15.0
2024-12-02,8.0,14.0,42.0,10.0
2024-12-03,12.0,18.0,22.0,12.0
2024-12-04,13.0,12.0,39.0,10.0
2024-12-05,11.0,13.0,47.0,16.0
2024-12-06,14.0,14.0,43.0,16.0
2024-12-07,7.0,12.0,43.0,18.0
2024-12-08,7.0,17.0,39.0,13.0
2024-12-09,13.0,7.0,38.0,8.0
2024-12-10,8.0,9.0,42.0,13.0
2024-12-11,13.0,15.0,37.0,21.0
2024-12-12,18.0,8.0,42.0,0.0
2024-12-13,9.0,17.0,43.0,19.0
2024-12-14,9.0,11.0,44.0,11.0
2024-12-15,11.0,13.0,35.0,14.0
2024-12-16,10.0,9.0,43.0,13.0
2024-12-17,8.0,16.0,35.0,14.0
2024-12-18,11.0,13.0,53.0,15.0
2024-12-19,8.0,13.0,39.0,10.0
2024-12-20,11.0,21.0,43.0,17.0
2024-12-21,8.0,11.0,48.0,11.0
2024-12-22,9.0,14.0,33.0,17.0
2024-12-23,11.0,11.0,29.0,12.0
2024-12-24,11.0,16.0,42.0,13.0
2024-12-25,16.0,16.0,40.0,13.0
2024-12-26,19.0,14.0,43.0,17.0
2024-12-27,9.0,11.0,41.0,15.0
2024-12-28,11.0,9.0,38.0,13.0
2024-12-29,14.0,10.0,38.0,12.0
2024-12-30,17.0,14.0,40.0,11.0
2024-12-31,10.0,13.0,37.0,10.0
2025-01-01,16.0,10.0,41.0,9.0
2025-01-02,7.0,13.0,37.0,8.0
2025-01-03,4.0,14.0,37.0,20.0
2025-01-04,5.0,10.0,40.0,13.0
2025-01-05,9.0,13.0,38.0,14.0
2025-01-06,10.0,14.0,25.0,16.0
2025-01-07,10.0,15.0,34.0,16.0
2025-01-08,13.0,15.0,30.0,9.0
2025-01-09,9.0,13.0,37.0,10.0
2025-01-10,15.0,13.0,42.0,8.0
2025-01-11,9.0,13.0,49.0,11.0
2025-01-12,13.0,13.0,53.0,11.0
2025-01-13,15.0,12.0,38.0,18.0
2025-01-14,8.0,14.0,33.0,15.0
2025-01-15,11.0,10.0,33.0,14.0
2025-01-16,11.0,12.0,43.0,14.0
2025-01-17,9.0,11.0,46.0,14.0
2025-01-18,6.0,8.0,45.0,12.0
2025-01-19,17.0,14.0,32.0,12.0
2025-01-20,8.0,10.0,45.0,13.0
2025-01-21,10.0,10.0,38.0,8.0
2025-01-22,11.0,15.0,35.0,18.0
2025-01-23,12.0,14.0,41.0,9.0
2025-01-24,15.0,11.0,31.0,13.0
2025-01-25,10.0,12.0,52.0,12.0
2025-01-26,9.0,13.0,54.0,11.0
2025-01-27,15.0,14.0,41.0,17.0
2025-01-28,11.0,11.0,33.0,17.0
2025-01-29,10.0,14.0,48.0,10.0
2025-01-30,9.0,11.0,38.0,11.0
2025-01-31,11.0,11.0,46.0,21.0
2025-02-01,9.0,8.0,31.0,10.0
2025-02-02,10.0,14.0,40.0,14.0
2025-02-03,7.0,12.0,44.0,8.0
2025-02-04,10.0,13.0,46.0,4.0
2025-02-05,9.0,14.0,35.0,15.0
2025-02-06,13.0,11.0,34.0,11.0
2025-02-07,12.0,16.0,29.0,7.0
2025-02-08,10.0,15.0,33.0,7.0
2025-02-09,11.0,10.0,45.0,20.0
2025-02-10,11.0,11.0,45.0,13.0
2025-02-11,11.0,17.0,49.0,16.0
2025-02-12,6.0,11.0,59.0,12.0
2025-02-13,17.0,13.0,63.0,12.0
2025-02-14,16.0,9.0,47.0,14.0
2025-02-15,7.0,11.0,38.0,10.0
2025-02-16,9.0,14.0,40.0,20.0
2025-02-17,9.0,16.0,33.0,12.0
2025-02-18,11.0,10.0,39.0,17.0
2025-02-19,11.0,14.0,43.0,13.0
2025-02-20,14.0,14.0,45.0,9.0
2025-02-21,10.0,13.0,40.0,14.0
2025-02-22,14.0,12.0,65.0,12.0
2025-02-23,9.0,12.0,40.0,10.0
2025-02-24,11.0,16.0,40.0,14.0
2025-02-25,9.0,17.0,39.0,16.0
2025-02-26,13.0,14.0,20.0,12.0
2025-02-27,11.0,13.0,38.0,10.0
2025-02-28,6.0,14.0,35.0,10.0
2025-03-01,10.0,13.0,36.0,12.0
2025-03-02,16.0,10.0,34.0,13.0
2025-03-03,13.0,18.0,54.0,12.0
2025-03-04,11.0,14.0,39.0,21.0
2025-03-05,4.0,15.0,40.0,10.0
2025-03-06,14.0,13.0,68.0,13.0
2025-03-07,9.0,15.0,56.0,19.0
2025-03-08,8.0,10.0,68.0,9.0
2025-03-09,15.0,12.0,36.0,11.0
2025-03-10,10.0,12.0,46.0,15.0
2025-03-11,14.0,11.0,37.0,21.0
2025-03-12,8.0,16.0,55.0,9.0
2025-03-13,15.0,11.0,44.0,13.0
2025-03-14,8.0,9.0,41.0,13.0
2025-03-15,15.0,7.0,45.0,11.0
2025-03-16,14.0,11.0,62.0,21.0
2025-03-17,15.0,14.0,35.0,16.0
2025-03-18,13.0,15.0,46.0,9.0
2025-03-19,17.0,8.0,45.0,14.0
2025-03-20,12.0,21.0,70.0,13.0
2025-03-21,11.0,5.0,55.0,17.0
2025-03-22,10.0,14.0,53.0,13.0
2025-03-23,16.0,14.0,40.0,15.0
2025-03-24,11.0,10.0,41.0,19.0
2025-03-25,13.0,13.0,36.0,13.0
2025-03-26,10.0,15.0,24.0,17.0
2025-03-27,8.0,13.0,34.0,17.0
2025-03-28,13.0,12.0,64.0,24.0
2025-03-29,11.0,11.0,68.0,13.0
2025-03-30,13.0,19.0,66.0,19.0
2025-03-31,10.0,12.0,54.0,12.0
2025-04-01,9.0,14.0,62.0,13.0
2025-04-02,11.0,15.0,60.0,14.0
2025-04-03,19.0,12.0,80.0,14.0
2025-04-04,15.0,12.0,60.0,19.0
2025-04-05,15.0,8.0,58.0,15.0
2025-04-06,6.0,12.0,58.0,8.0
2025-04-07,19.0,10.0,54.0,14.0
2025-04-08,16.0,11.0,69.0,11.0
2025-04-09,10.0,13.0,59.0,16.0
2025-04-10,10.0,12.0,55.0,17.0
2025-04-11,14.0,12.0,59.0,16.0
2025-04-12,11.0,9.0,50.0,17.0
2025-04-13,16.0,15.0,58.0,25.0
2025-04-14,11.0,15.0,56.0,12.0
2025-04-15,6.0,12.0,72.0,11.0
2025-04-16,16.0,12.0,60.0,17.0
2025-04-17,9.0,22.0,31.0,13.0
2025-04-18,13.0,12.0,25.0,22.0
2025-04-19,13.0,10.0,42.0,15.0
2025-04-20,5.0,12.0,50.0,12.0
2025-04-21,14.0,15.0,61.0,10.0
2025-04-22,8.0,12.0,61.0,12.0
2025-04-23,9.0,12.0,65.0,14.0
2025-04-24,17.0,9.0,64.0,13.0
2025-04-25,12.0,8.0,63.0,16.0
2025-04-26,11.0,11.0,67.0,9.0
2025-04-27,5.0,10.0,59.0,11.0
2025-04-28,11.0,13.0,52.0,10.0
2025-04-29,11.0,8.0,56.0,24.0
2025-04-30,10.0,16.0,63.0,11.0
2025-05-01,8.0,18.0,58.0,23.0
2025-05-02,7.0,16.0,63.0,10.0
2025-05-03,20.0,10.0,52.0,10.0
2025-05-04,12.0,16.0,48.0,8.0
2025-05-05,11.0,15.0,66.0,13.0
2025-05-06,12.0,16.0,54.0,12.0
2025-05-07,9.0,16.0,30.0,9.0
2025-05-08,13.0,11.0,41.0,17.0
2025-05-09,9.0,14.0,58.0,9.0
2025-05-10,16.0,10.0,68.0,22.0
2025-05-11,8.0,9.0,69.0,13.0
2025-05-12,8.0,9.0,68.0,9.0
2025-05-13,7.0,13.0,54.0,13.0
2025-05-14,6.0,11.0,66.0,15.0
2025-05-15,17.0,12.0,61.0,16.0
2025-05-16,16.0,15.0,49.0,14.0
2025-05-17,12.0,7.0,56.0,18.0
2025-05-18,11.0,12.0,71.0,10.0
2025-05-19,9.0,11.0,64.0,11.0
2025-05-20,10.0,11.0,67.0,24.0
2025-05-21,15.0,18.0,63.0,17.0
2025-05-22,9.0,11.0,59.0,15.0
2025-05-23,15.0,11.0,68.0,14.0
2025-05-24,10.0,13.0,51.0,21.0
2025-05-25,15.0,10.0,53.0,17.0
2025-05-26,9.0,15.0,54.0,10.0
2025-05-27,16.0,10.0,53.0,11.0
2025-05-28,9.0,6.0,44.0,9.0
2025-05-29,10.0,12.0,73.0,18.0
2025-05-30,13.0,7.0,65.0,21.0
2025-05-31,8.0,11.0,51.0,18.0
2025-06-01,12.0,13.0,47.0,12.0
2025-06-02,10.0,17.0,66.0,13.0
2025-06-03,10.0,18.0,55.0,11.0
2025-06-04,15.0,12.0,67.0,14.0
2025-06-05,12.0,14.0,50.0,8.0
2025-06-06,11.0,9.0,43.0,18.0
2025-06-07,11.0,9.0,45.0,14.0
2025-06-08,12.0,10.0,61.0,15.0
2025-06-09,19.0,8.0,69.0,18.0
2025-06-10,11.0,11.0,60.0,16.0
2025-06-11,11.0,13.0,50.0,17.0
2025-06-12,11.0,11.0,63.0,15.0
2025-06-13,7.0,16.0,66.0,20.0
2025-06-14,14.0,7.0,53.0,17.0
2025-06-15,12.0,13.0,63.0,16.0
2025-06-16,14.0,9.0,58.0,12.0
2025-06-17,8.0,13.0,49.0,15.0
2025-06-18,9.0,12.0,71.0,16.0
2025-06-19,12.0,10.0,53.0,8.0
2025-06-20,13.0,13.0,49.0,11.0
2025-06-21,11.0,8.0,68.0,18.0
2025-06-22,15.0,14.0,60.0,16.0
2025-06-23,9.0,10.0,39.0,9.0
2025-06-24,15.0,13.0,65.0,15.0
2025-06-25,10.0,7.0,68.0,16.0
2025-06-26,9.0,14.0,55.0,19.0
2025-06-27,14.0,16.0,70.0,20.0
2025-06-28,9.0,12.0,58.0,13.0
2025-06-29,6.0,11.0,55.0,10.0
2025-06-30,15.0,13.0,49.0,14.0
2025-07-01,15.0,14.0,44.0,16.0
2025-07-02,15.0,13.0,54.0,15.0
2025-07-03,10.0,8.0,48.0,16.0
2025-07-04,14.0,19.0,58.0,11.0
2025-07-05,7.0,13.0,62.0,15.0
2025-07-06,7.0,11.0,45.0,21.0
2025-07-07,10.0,12.0,31.0,18.0
2025-07-08,13.0,21.0,42.0,11.0
2025-07-09,13.0,14.0,60.0,19.0
2025-07-10,16.0,15.0,62.0,16.0
2025-07-11,14.0,19.0,55.0,20.0
2025-07-12,8.0,15.0,62.0,12.0
2025-07-13,15.0,13.0,53.0,11.0
2025-07-14,8.0,10.0,69.0,20.0
2025-07-15,10.0,11.0,53.0,14.0
2025-07-16,11.0,17.0,67.0,17.0
2025-07-17,13.0,14.0,61.0,10.0
2025-07-18,10.0,17.0,42.0,10.0
2025-07-19,7.0,6.0,52.0,16.0
2025-07-20,9.0,16.0,64.0,18.0
2025-07-21,7.0,17.0,47.0,17.0
2025-07-22,20.0,10.0,44.0,18.0
2025-07-23,5.0,11.0,60.0,13.0
2025-07-24,12.0,7.0,47.0,18.0
2025-07-25,13.0,11.0,48.0,17.0
2025-07-26,7.0,13.0,63.0,13.0
2025-07-27,10.0,12.0,59.0,12.0
2025-07-28,5.0,14.0,55.0,16.0
2025-07-29,13.0,9.0,54.0,20.0
2025-07-30,7.0,13.0,65.0,20.0
2025-07-31,10.0,13.0,55.0,7.0
2025-08-01,11.0,11.0,52.0,12.0
2025-08-02,20.0,10.0,60.0,16.0
2025-08-03,7.0,9.0,43.0,16.0
2025-08-04,11.0,9.0,39.0,13.0
2025-08-05,12.0,16.0,54.0,19.0
2025-08-06,17.0,16.0,33.0,15.0
2025-08-07,16.0,15.0,39.0,12.0
2025-08-08,17.0,11.0,43.0,13.0
2025-08-09,9.0,10.0,42.0,17.0
2025-08-10,17.0,13.0,57.0,16.0
2025-08-11,11.0,15.0,59.0,17.0
2025-08-12,8.0,11.0,68.0,16.0
2025-08-13,15.0,17.0,71.0,18.0
2025-08-14,7.0,16.0,57.0,18.0
2025-08-15,13.0,10.0,49.0,11.0
2025-08-16,7.0,10.0,45.0,14.0
2025-08-17,7.0,9.0,74.0,13.0
2025-08-18,10.0,9.0,49.0,16.0
2025-08-19,7.0,12.0,53.0,15.0
2025-08-20,9.0,15.0,49.0,20.0
2025-08-21,11.0,10.0,48.0,13.0
2025-08-22,6.0,13.0,73.0,16.0
2025-08-23,8.0,14.0,52.0,16.0
2025-08-24,10.0,10.0,56.0,15.0
2025-08-25,8.0,19.0,49.0,11.0
2025-08-26,11.0,15.0,39.0,19.0
2025-08-27,17.0,11.0,45.0,15.0
2025-08-28,15.0,12.0,64.0,12.0
2025-08-29,15.0,12.0,51.0,15.0
2025-08-30,10.0,15.0,74.0,8.0
2025-08-31,12.0,12.0,60.0,13.0
2025-09-01,9.0,13.0,69.0,16.0
2025-09-02,7.0,17.0,45.0,18.0
2025-09-03,10.0,16.0,39.0,13.0
2025-09-04,12.0,11.0,39.0,19.0
2025-09-05,10.0,10.0,75.0,8.0
2025-09-06,11.0,11.0,64.0,14.0
2025-09-07,11.0,13.0,55.0,19.0
2025-09-08,6.0,14.0,58.0,14.0
2025-09-09,11.0,15.0,43.0,17.0
2025-09-10,6.0,14.0,44.0,16.0
2025-09-11,12.0,12.0,33.0,20.0
2025-09-12,13.0,11.0,41.0,18.0
2025-09-13,17.0,11.0,32.0,18.0
2025-09-14,15.0,12.0,39.0,14.0
2025-09-15,12.0,9.0,34.0,13.0
2025-09-16,11.0,14.0,62.0,14.0
2025-09-17,10.0,17.0,55.0,18.0
2025-09-18,10.0,13.0,66.0,15.0
2025-09-19,8.0,12.0,37.0,28.0
2025-09-20,15.0,9.0,46.0,12.0
2025-09-21,9.0,13.0,51.0,11.0
2025-09-22,12.0,12.0,37.0,16.0
2025-09-23,11.0,17.0,53.0,12.0
2025-09-24,8.0,12.0,52.0,22.0
2025-09-25,13.0,11.0,26.0,21.0
2025-09-26,10.0,14.0,38.0,12.0
2025-09-27,16.0,8.0,60.0,14.0
2025-09-28,16.0,8.0,76.0,21.0
2025-09-29,11.0,14.0,70.0,13.0
2025-09-30,7.0,14.0,56.0,13.0
2025-10-01,7.0,16.0,72.0,18.0
2025-10-02,17.0,6.0,56.0,18.0
2025-10-03,11.0,13.0,55.0,20.0
2025-10-04,17.0,9.0,73.0,12.0
2025-10-05,11.0,15.0,72.0,15.0
2025-10-06,18.0,16.0,44.0,13.0
2025-10-07,18.0,15.0,56.0,14.0
2025-10-08,12.0,19.0,26.0,13.0
2025-10-09,11.0,15.0,30.0,15.0
2025-10-10,14.0,11.0,31.0,12.0
2025-10-11,15.0,8.0,39.0,15.0
2025-10-12,9.0,10.0,23.0,24.0
2025-10-13,8.0,12.0,38.0,15.0
2025-10-14,13.0,13.0,63.0,13.0
2025-10-15,6.0,12.0,38.0,12.0
2025-10-16,10.0,13.0,28.0,17.0
2025-10-17,10.0,14.0,24.0,21.0
2025-10-18,18.0,11.0,43.0,8.0
2025-10-19,13.0,13.0,47.0,18.0
2025-10-20,16.0,19.0,48.0,21.0
2025-10-21,15.0,19.0,53.0,14.0
2025-10-22,10.0,14.0,65.0,13.0
2025-10-23,14.0,10.0,58.0,17.0
2025-10-24,8.0,10.0,63.0,14.0
2025-10-25,13.0,12.0,61.0,15.0
2025-10-26,10.0,11.0,59.0,18.0
2025-10-27,10.0,12.0,57.0,15.0
2025-10-28,12.0,19.0,52.0,14.0
2025-10-29,12.0,15.0,70.0,14.0
2025-10-30,13.0,12.0,48.0,11.0
2025-10-31,14.0,9.0,42.0,16.0
2025-11-01,6.0,11.0,47.0,17.0
2025-11-02,11.0,15.0,35.0,10.0
2025-11-03,15.0,16.0,25.0,15.0
2025-11-04,12.0,11.0,50.0,22.0
2025-11-05,14.0,17.0,47.0,19.0
2025-11-06,21.0,12.0,39.0,11.0
2025-11-07,13.0,11.0,36.0,16.0
2025-11-08,19.0,11.0,63.0,15.0
2025-11-09,14.0,15.0,45.0,17.0
2025-11-10,9.0,9.0,41.0,20.0
2025-11-11,18.0,14.0,60.0,20.0
2025-11-12,8.0,9.0,41.0,16.0
2025-11-13,10.0,16.0,51.0,13.0
2025-11-14,13.0,16.0,47.0,13.0
2025-11-15,10.0,11.0,38.0,10.0
2025-11-16,11.0,15.0,33.0,16.0
2025-11-17,12.0,15.0,33.0,11.0
2025-11-18,9.0,11.0,41.0,12.0
2025-11-19,11.0,15.0,38.0,15.0
2025-11-20,14.0,18.0,43.0,16.0
2025-11-21,18.0,11.0,32.0,11.0
2025-11-22,15.0,13.0,30.0,14.0
2025-11-23,12.0,14.0,27.0,15.0
2025-11-24,8.0,13.0,23.0,13.0
2025-11-25,15.0,18.0,36.0,16.0
2025-11-26,12.0,11.0,32.0,20.0
2025-11-27,13.0,10.0,29.0,17.0
2025-11-28,16.0,17.0,26.0,16.0
2025-11-29,15.0,16.0,29.0,12.0
2025-11-30,10.0,12.0,35.0,15.0
2025-12-01,12.0,15.0,35.0,18.0
2025-12-02,11.0,13.0,30.0,12.0
2025-12-03,16.0,15.0,26.0,18.0
2025-12-04,10.0,12.0,30.0,21.0
2025-12-05,9.0,16.0,26.0,5.0
2025-12-06,9.0,12.0,39.0,18.0
2025-12-07,13.0,13.0,40.0,14.0
2025-12-08,5.0,14.0,27.0,18.0
2025-12-09,5.0,16.0,46.0,14.0
2025-12-10,12.0,10.0,31.0,14.0
2025-12-11,8.0,20.0,30.0,14.0
2025-12-12,14.0,8.0,22.0,14.0
2025-12-13,10.0,15.0,26.0,13.0
2025-12-14,15.0,12.0,36.0,23.0
2025-12-15,8.0,16.0,18.0,24.0
2025-12-16,14.0,14.0,31.0,16.0
2025-12-17,14.0,19.0,32.0,10.0
2025-12-18,17.0,15.0,33.0,19.0
2025-12-19,10.0,13.0,17.0,17.0
2025-12-20,11.0,13.0,20.0,19.0
2025-12-21,14.0,11.0,29.0,18.0
2025-12-22,6.0,10.0,26.0,22.0
2025-12-23,9.0,9.0,26.0,9.0
2025-12-24,12.0,10.0,29.0,14.0
2025-12-25,17.0,11.0,32.0,18.0
2025-12-26,12.0,12.0,36.0,12.0
2025-12-27,11.0,11.0,39.0,12.0
2025-12-28,12.0,6.0,24.0,12.0
2025-12-29,18.0,12.0,26.0,15.0
2025-12-30,13.0,18.0,35.0,9.0
2025-12-31,12.0,13.0,46.0,17.0
2026-01-01,10.0,10.0,29.0,12.0
2026-01-02,4.0,6.0,23.0,8.0
2026-01-03,12.0,7.0,34.0,20.0
2026-01-04,8.0,14.0,26.0,17.0
2026-01-05,11.0,12.0,30.0,16.0
2026-01-06,10.0,12.0,31.0,16.0
2026-01-07,17.0,16.0,37.0,9.0
2026-01-08,10.0,18.0,37.0,13.0
2026-01-09,14.0,12.0,40.0,11.0
2026-01-10,11.0,15.0,34.0,11.0
2026-01-11,18.0,15.0,31.0,11.0
2026-01-12,14.0,12.0,34.0,16.0
2026-01-13,10.0,13.0,26.0,17.0
2026-01-14,5.0,15.0,34.0,7.0
2026-01-15,12.0,14.0,35.0,9.0
2026-01-16,11.0,12.0,29.0,21.0
2026-01-17,10.0,8.0,23.0,17.0
2026-01-18,9.0,12.0,20.0,20.0
2026-01-19,10.0,13.0,29.0,12.0
2026-01-20,13.0,17.0,33.0,20.0
2026-01-21,8.0,14.0,29.0,6.0
2026-01-22,5.0,11.0,38.0,19.0
2026-01-23,13.0,12.0,24.0,9.0
2026-01-24,16.0,10.0,21.0,21.0
2026-01-25,14.0,15.0,41.0,15.0
2026-01-26,15.0,11.0,19.0,17.0
2026-01-27,13.0,14.0,30.0,18.0
2026-01-28,12.0,8.0,28.0,18.0
2026-01-29,10.0,12.0,41.0,15.0
2026-01-30,11.0,15.0,39.0,14.0
2026-01-31,19.0,8.0,40.0,14.0
2026-02-01,13.0,14.0,19.0,15.0
2026-02-02,11.0,12.0,41.0,15.0
2026-02-03,11.0,17.0,33.0,11.0
2026-02-04,12.0,12.0,20.0,16.0
2026-02-05,12.0,17.0,36.0,14.0
2026-02-06,10.0,17.0,34.0,18.0
2026-02-07,13.0,8.0,40.0,25.0
2026-02-08,16.0,12.0,32.0,19.0
2026-02-09,18.0,12.0,33.0,15.0
2026-02-10,13.0,8.0,39.0,16.0
2026-02-11,17.0,15.0,49.0,15.0
2026-02-12,9.0,19.0,32.0,18.0
2026-02-13,18.0,13.0,54.0,20.0
2026-02-14,10.0,8.0,53.0,19.0
2026-02-15,10.0,11.0,42.0,16.0
2026-02-16,13.0,16.0,35.0,22.0
2026-02-17,16.0,14.0,40.0,17.0
2026-02-18,17.0,8.0,54.0,18.0
2026-02-19,9.0,14.0,63.0,18.0
2026-02-20,19.0,10.0,55.0,17.0
2026-02-21,19.0,13.0,53.0,20.0
2026-02-22,14.0,19.0,69.0,14.0
2026-02-23,13.0,17.0,65.0,14.0
2026-02-24,13.0,24.0,49.0,16.0
2026-02-25,14.0,6.0,59.0,19.0
2026-02-26,18.0,13.0,45.0,24.0
2026-02-27,14.0,12.0,37.0,22.0
2026-02-28,13.0,20.0,36.0,15.0
2026-03-01,14.0,15.0,5.0,14.0
2026-03-02,11.0,15.0,1.0,11.0
2026-03-03,17.0,15.0,1.0,27.0
2026-03-04,8.0,13.0,0.0,17.0
2026-03-05,9.0,14.0,1.0,19.0
2026-03-06,12.0,11.0,0.0,19.0
2026-03-07,16.0,13.0,1.0,23.0
2026-03-08,19.0,16.0,0.0,11.0
2026-03-09,10.0,12.0,1.0,15.0
2026-03-10,12.0,11.0,1.0,9.0
2026-03-11,20.0,17.0,0.0,25.0
2026-03-12,16.0,15.0,0.0,11.0
2026-03-13,10.0,12.0,0.0,16.0
2026-03-14,14.0,14.0,0.0,15.0
2026-03-15,16.0,14.0,2.0,17.0
2026-03-16,21.0,13.0,0.0,11.0
2026-03-17,18.0,22.0,1.0,14.0
2026-03-18,22.0,12.0,0.0,22.0
2026-03-19,20.0,16.0,0.0,14.0
2026-03-20,14.0,13.0,2.0,15.0
2026-03-21,19.0,12.0,0.0,19.0
2026-03-22,13.0,16.0,0.0,21.0
2026-03-23,20.0,13.0,2.0,18.0
2026-03-24,12.0,13.0,1.0,15.0
2026-03-25,14.0,12.0,2.0,21.0
2026-03-26,16.0,16.0,0.0,19.0
2026-03-27,14.0,12.0,0.0,13.0
2026-03-28,12.0,8.0,1.0,19.0
2026-03-29,16.0,14.0,2.0,20.0
2026-03-30,13.0,23.0,3.0,13.0
2026-03-31,16.0,19.0,2.0,20.0
2026-04-01,19.0,19.0,1.0,21.0
2026-04-02,15.0,18.0,0.0,24.0
2026-04-03,13.0,20.0,2.0,15.0
2026-04-04,20.0,12.0,3.0,24.0
2026-04-05,16.0,17.0,4.0,22.0
2026-04-06,20.0,18.0,0.0,17.0
2026-04-07,21.0,12.0,2.0,18.0
2026-04-08,15.0,13.0,0.0,14.0
2026-04-09,12.0,18.0,5.0,16.0
2026-04-10,11.0,19.0,0.0,19.0
2026-04-11,18.0,14.0,3.0,26.0
2026-04-12,11.0,17.0,3.0,17.0
2026-04-13,15.0,21.0,4.0,19.0
2026-04-14,17.0,16.0,3.0,12.0
2026-04-15,16.0,21.0,4.0,25.0
2026-04-16,16.0,12.0,1.0,12.0
2026-04-17,11.0,19.0,3.0,12.0
2026-04-18,6.0,20.0,12.0,11.0
2026-04-19,17.0,16.0,1.0,18.0
2026-04-20,15.0,14.0,2.0,17.0
2026-04-21,14.0,19.0,3.0,20.0
2026-04-22,12.0,15.0,2.0,25.0
2026-04-23,9.0,15.0,0.0,18.0
2026-04-24,16.0,15.0,2.0,15.0
2026-04-25,13.0,15.0,2.0,15.0
2026-04-26,18.0,13.0,1.0,12.0
2026-04-27,8.0,13.0,2.0,11.0
2026-04-28,19.0,15.0,3.0,18.0
2026-04-29,11.0,16.0,23.0,18.0
2026-04-30,15.0,13.0,4.0,23.0
2026-05-01,13.0,16.0,2.0,12.0
2026-05-02,12.0,15.0,4.0,4.0
2026-05-03,18.0,16.0,1.0,15.0
2026-05-04,13.0,23.0,0.0,15.0
2026-05-05,16.0,17.0,0.0,14.0
2026-05-06,14.0,15.0,0.0,19.0
2026-05-07,8.0,18.0,0.0,18.0
2026-05-08,14.0,17.0,0.0,22.0
2026-05-09,13.0,10.0,1.0,19.0
2026-05-10,12.0,18.0,2.0,16.0
2026-05-11,9.0,13.0,4.0,20.0
2026-05-12,20.0,18.0,1.0,19.0
2026-05-13,16.0,16.0,2.0,16.0
2026-05-14,13.0,12.0,3.0,19.0
2026-05-15,7.0,17.0,2.0,16.0
2026-05-16,13.0,20.0,1.0,16.0
2026-05-17,10.0,14.0,1.0,9.0
2026-05-18,19.0,14.0,1.0,18.0
2026-05-19,15.0,14.0,3.0,20.0
2026-05-20,17.0,24.0,4.0,12.0
2026-05-21,17.0,16.0,2.0,15.0
2026-05-22,12.0,12.0,0.0,23.0
2026-05-23,13.0,14.0,1.0,18.0
2026-05-24,23.0,14.0,2.0,12.0
2026-05-25,15.0,11.0,0.0,22.0
2026-05-26,14.0,16.0,2.0,12.0
2026-05-27,12.0,17.0,1.0,12.0
2026-05-28,17.0,12.0,0.0,17.0
2026-05-29,13.0,18.0,0.0,14.0
2026-05-30,10.0,17.0,0.0,23.0
2026-05-31,13.0,10.0,0.0,11.0
2026-06-01,20.0,19.0,1.0,18.0
2026-06-02,10.0,14.0,3.0,19.0
2026-06-03,10.0,11.0,3.0,8.0
2026-06-04,16.0,13.0,1.0,13.0
2026-06-05,10.0,18.0,0.0,17.0
2026-06-06,17.0,6.0,0.0,15.0
2026-06-07,18.0,16.0,0.0,16.0
2026-06-08,10.0,17.0,1.0,16.0
2026-06-09,13.0,8.0,2.0,17.0
2026-06-10,15.0,15.0,0.0,11.0
2026-06-11,16.0,10.0,2.0,14.0
2026-06-12,15.0,17.0,1.0,16.0
2026-06-13,19.0,9.0,0.0,10.0
2026-06-14,8.0,7.0,0.0,13.0
2026-06-15,16.0,13.0,2.0,16.0
2026-06-16,12.0,11.0,3.0,12.0
2026-06-17,14.0,9.0,0.0,11.0
2026-06-18,14.0,18.0,10.0,21.0
2026-06-19,15.0,14.0,3.0,15.0
2026-06-20,21.0,12.0,12.0,19.0
2026-06-21,13.0,24.0,1.0,20.0
2026-06-22,12.0,12.0,12.0,18.0
2026-06-23,11.0,23.0,12.0,17.0
2026-06-24,12.0,12.0,20.0,13.0
2026-06-25,15.0,17.0,21.0,21.0
2026-06-26,16.0,14.0,17.0,17.0
2026-06-27,6.0,17.0,9.0,16.0
2026-06-28,14.0,11.0,7.0,18.0
2026-06-29,11.0,18.0,13.0,11.0
2026-06-30,14.0,14.0,6.0,18.0
2026-07-01,12.0,16.0,18.0,14.0
2026-07-02,11.0,14.0,15.0,14.0
2026-07-03,7.0,16.0,17.0,15.0
2026-07-04,15.0,11.0,8.0,20.0
2026-07-05,13.0,17.0,16.0,20.0
2026-07-06,13.0,16.0,16.0,10.0
2026-07-07,6.0,12.0,10.0,15.0
2026-07-08,10.0,16.0,8.0,15.0
2026-07-09,11.0,14.0,3.0,16.0
2026-07-10,11.0,14.0,4.0,20.0
2026-07-11,21.0,10.0,3.0,19.0
2026-07-12,14.0,20.0,1.0,10.0
2026-07-13,22.0,35.0,2.0,20.0
2026-07-14,14.0,12.0,5.0,10.0
2026-07-15,15.0,11.0,3.0,21.0
2026-07-16,10.0,12.0,1.0,15.0
2026-07-17,16.0,17.0,1.0,18.0
2026-07-18,11.0,11.0,2.0,15.0
2026-07-19,18.0,18.0,2.0,21.0
2026-07-20,12.0,13.0,2.0,15.0
2026-07-21,8.0,13.0,1.0,14.0
2026-07-22,7.0,4.0,1.0,14.0
2026-07-23,14.0,11.0,0.0,17.0
2026-07-24,7.0,14.0,0.0,16.0
2026-07-25,5.0,15.0,0.0,17.0
2026-07-26,6.0,9.0,2.0,15.0
2026-07-27,12.0,14.0,0.0,12.0
2026-07-28,13.0,13.0,1.0,13.0
2026-07-29,6.0,13.0,3.0,17.0
2026-07-30,14.0,14.0,1.0,18.0
2026-07-31,7.0,13.0,2.0,11.0
2026-08-01,5.0,15.0,3.0,15.0
2026-08-02,6.0,14.0,0.0,16.0
2026-08-03,5.0,18.0,3.0,17.0
2026-08-04,9.0,16.0,4.0,9.0
2026-08-05,4.0,17.0,0.0,22.0
2026-08-06,13.0,10.0,0.0,16.0
2026-08-07,13.0,14.0,4.0,14.0
2026-08-08,8.0,14.0,2.0,15.0
2026-08-09,9.0,10.0,0.0,16.0
2026-08-10,13.0,10.0,2.0,13.0
2026-08-11,6.0,12.0,2.0,22.0
2026-08-12,6.0,13.0,1.0,15.0
2026-08-13,7.0,11.0,2.0,16.0
2026-08-14,7.0,15.0,2.0,17.0
2026-08-15,10.0,14.0,1.0,17.0
2026-08-16,13.0,12.0,1.0,18.0
2026-08-17,5.0,9.0,3.0,20.0
2026-08-18,13.0,15.0,4.0,14.0
2026-08-19,12.0,15.0,4.0,17.0
2026-08-20,14.0,15.0,2.0,12.0
2026-08-21,7.0,13.0,2.0,22.0
2026-08-22,11.0,7.0,1.0,17.0
2026-08-23,6.0,13.0,1.0,13.0
2026-08-24,12.0,12.0,2.0,15.0
2026-08-25,10.0,12.0,4.0,19.0
2026-08-26,9.0,10.0,2.0,19.0
2026-08-27,4.0,18.0,2.0,12.0
2026-08-28,7.0,15.0,0.0,10.0
2026-08-29,8.0,11.0,1.0,16.0
2026-08-30,6.0,14.0,2.0,29.0
2026-08-31,5.0,13.0,1.0,12.0
2026-09-01,2.0,11.0,1.0,14.0
2026-09-02,18.0,16.0,1.0,15.0
2026-09-03,5.0,10.0,1.0,17.0
2026-09-04,11.0,19.0,0.0,14.0
2026-09-05,2.0,18.0,0.0,19.0
2026-09-06,6.0,11.0,2.0,16.0
2026-09-07,13.0,12.0,2.0,20.0
2026-09-08,7.0,15.0,2.0,15.0
2026-09-09,10.0,14.0,0.0,18.0
2026-09-10,7.0,18.0,1.0,13.0
2026-09-11,6.0,12.0,3.0,23.0
2026-09-12,5.0,9.0,1.0,15.0
2026-09-13,9.0,12.0,1.0,7.0
2026-09-14,5.0,11.0,0.0,27.0
2026-09-15,9.0,11.0,1.0,11.0
2026-09-16,6.0,12.0,0.0,12.0
2026-09-17,5.0,7.0,0.0,12.0
2026-09-18,6.0,12.0,2.0,25.0
2026-09-19,10.0,17.0,1.0,13.0
2026-09-20,5.0,10.0,0.0,19.0
2026-09-21,8.0,10.0,0.0,17.0
2026-09-22,9.0,14.0,1.0,20.0
2026-09-23,8.0,12.0,1.0,11.0
2026-09-24,8.0,10.0,3.0,12.0
2026-09-25,10.0,10.0,2.0,16.0
2026-09-26,12.0,10.0,1.0,17.0
2026-09-27,11.0,16.0,1.0,12.0
