kind,mode,rep,coverage,target,width
housing,random_split(exchangeable),0,0.8024305555555555,0.8,0.9413697819231168
housing,random_split(exchangeable),1,0.8069444444444445,0.8,0.9707655435633158
housing,random_split(exchangeable),2,0.7931712962962963,0.8,0.9221444572658468
housing,random_split(exchangeable),3,0.8113425925925926,0.8,0.9725563444895275
housing,random_split(exchangeable),4,0.8027777777777778,0.8,0.965414960012466
housing,random_split(exchangeable),5,0.7927083333333333,0.8,0.9411446522258613
housing,random_split(exchangeable),6,0.8006944444444445,0.8,0.9546095423566503
housing,random_split(exchangeable),7,0.7916666666666666,0.8,0.9420763070351308
housing,random_split(exchangeable),8,0.7971064814814814,0.8,0.9505904215619463
housing,random_split(exchangeable),9,0.7924768518518519,0.8,0.939498432328497
housing,"covariate_shift(train/cal MedInc<=P60, test MedInc>P60)",0,0.4946705426356589,0.8,0.8078841570577691
housing,"covariate_shift(train/cal MedInc<=P60, test MedInc>P60)",1,0.5072674418604651,0.8,0.8170619217615829
housing,"covariate_shift(train/cal MedInc<=P60, test MedInc>P60)",2,0.48607073643410853,0.8,0.7832401444147541
housing,"covariate_shift(train/cal MedInc<=P60, test MedInc>P60)",3,0.5044815891472868,0.8,0.8318705058523692
housing,"covariate_shift(train/cal MedInc<=P60, test MedInc>P60)",4,0.4876453488372093,0.8,0.8151114933872372
housing,"covariate_shift(train/cal MedInc<=P60, test MedInc>P60)",5,0.4945494186046512,0.8,0.812422565770069
housing,"covariate_shift(train/cal MedInc<=P60, test MedInc>P60)",6,0.4855862403100775,0.8,0.828061550507901
housing,"covariate_shift(train/cal MedInc<=P60, test MedInc>P60)",7,0.499031007751938,0.8,0.8467185252795582
housing,"covariate_shift(train/cal MedInc<=P60, test MedInc>P60)",8,0.5100532945736435,0.8,0.8013070687384765
housing,"covariate_shift(train/cal MedInc<=P60, test MedInc>P60)",9,0.5058139534883721,0.8,0.8283379338055088
