seed,scenario,base,method,phase,alpha,coverage,set_size,singleton_rate,abstain,acc_singleton,utility,acc_all,empty_rate
100,none,lr,split,pre,0.2,0.8026666666666666,1.608,0.44733333333333336,0.5526666666666666,0.7466467958271237,0.2770666666666667,0.5986666666666667,0.0
100,none,lr,split,post,0.2,0.7883333333333333,1.6053333333333333,0.445,0.5549999999999999,0.7205992509363296,0.2588666666666667,0.5846666666666667,0.0
100,none,lr,rolling,pre,0.2,0.7993333333333333,1.5966666666666667,0.456,0.544,0.7441520467836257,0.2806666666666667,0.5986666666666667,0.0
100,none,lr,rolling,post,0.2,0.8133333333333334,1.683,0.401,0.599,0.7273482959268496,0.23533333333333334,0.5846666666666667,0.0
100,none,lr,weighted,pre,0.2,0.804,1.61,0.44666666666666666,0.5533333333333333,0.7507462686567165,0.27740000000000004,0.5986666666666667,0.0
100,none,lr,weighted,post,0.2,0.813,1.687,0.397,0.603,0.7304785894206549,0.23616666666666666,0.5846666666666667,0.0
100,none,lr,aci_split,pre,0.2,0.7946666666666666,1.5973333333333333,0.4646666666666667,0.5353333333333333,0.727403156384505,0.27480000000000004,0.5986666666666667,0.0
100,none,lr,aci_split,post,0.2,0.807,1.6586666666666667,0.42,0.5800000000000001,0.7261904761904762,0.24456666666666668,0.5846666666666667,0.0
100,none,lr,aci_rolling,pre,0.2,0.7946666666666666,1.6006666666666667,0.47,0.53,0.7304964539007093,0.28040000000000004,0.5986666666666667,0.0
100,none,lr,aci_rolling,post,0.2,0.8063333333333333,1.6613333333333333,0.42533333333333334,0.5746666666666667,0.7186520376175548,0.2412,0.5846666666666667,0.0006666666666666666
100,vol_jump,lr,split,pre,0.2,0.8026666666666666,1.608,0.44733333333333336,0.5526666666666666,0.7466467958271237,0.2770666666666667,0.5986666666666667,0.0
100,vol_jump,lr,split,post,0.2,0.6876666666666666,1.6053333333333333,0.445,0.5549999999999999,0.6382022471910113,0.17193333333333335,0.5333333333333333,0.0
100,vol_jump,lr,rolling,pre,0.2,0.7993333333333333,1.5966666666666667,0.456,0.544,0.7441520467836257,0.2806666666666667,0.5986666666666667,0.0
100,vol_jump,lr,rolling,post,0.2,0.803,2.023,0.228,0.772,0.7032163742690059,0.11133333333333331,0.5333333333333333,0.0
100,vol_jump,lr,weighted,pre,0.2,0.804,1.61,0.44666666666666666,0.5533333333333333,0.7507462686567165,0.27740000000000004,0.5986666666666667,0.0
100,vol_jump,lr,weighted,post,0.2,0.8043333333333333,2.0246666666666666,0.22733333333333333,0.7726666666666666,0.7067448680351907,0.11243333333333334,0.5333333333333333,0.0
100,vol_jump,lr,aci_split,pre,0.2,0.7946666666666666,1.5973333333333333,0.4646666666666667,0.5353333333333333,0.727403156384505,0.27480000000000004,0.5986666666666667,0.0
100,vol_jump,lr,aci_split,post,0.2,0.8016666666666666,2.018666666666667,0.23666666666666666,0.7633333333333333,0.6985915492957746,0.1136,0.5333333333333333,0.0
100,vol_jump,lr,aci_rolling,pre,0.2,0.7946666666666666,1.6006666666666667,0.47,0.53,0.7304964539007093,0.28040000000000004,0.5986666666666667,0.0
100,vol_jump,lr,aci_rolling,post,0.2,0.8036666666666666,2.032,0.228,0.772,0.6988304093567251,0.1105,0.5333333333333333,0.0
100,regime_transition,lr,split,pre,0.2,0.8026666666666666,1.608,0.44733333333333336,0.5526666666666666,0.7466467958271237,0.2770666666666667,0.5986666666666667,0.0
100,regime_transition,lr,split,post,0.2,0.6473333333333333,1.6053333333333333,0.445,0.5549999999999999,0.5123595505617977,0.08729999999999999,0.453,0.0
100,regime_transition,lr,rolling,pre,0.2,0.7993333333333333,1.5966666666666667,0.456,0.544,0.7441520467836257,0.2806666666666667,0.5986666666666667,0.0
100,regime_transition,lr,rolling,post,0.2,0.7943333333333333,2.1003333333333334,0.206,0.794,0.5857605177993528,0.0652,0.453,0.0
100,regime_transition,lr,weighted,pre,0.2,0.804,1.61,0.44666666666666666,0.5533333333333333,0.7507462686567165,0.27740000000000004,0.5986666666666667,0.0
100,regime_transition,lr,weighted,post,0.2,0.7933333333333333,2.0973333333333333,0.205,0.795,0.5853658536585366,0.06393333333333334,0.453,0.0
100,regime_transition,lr,aci_split,pre,0.2,0.7946666666666666,1.5973333333333333,0.4646666666666667,0.5353333333333333,0.727403156384505,0.27480000000000004,0.5986666666666667,0.0
100,regime_transition,lr,aci_split,post,0.2,0.797,2.125,0.20166666666666666,0.7983333333333333,0.5801652892561984,0.06253333333333334,0.453,0.0
100,regime_transition,lr,aci_rolling,pre,0.2,0.7946666666666666,1.6006666666666667,0.47,0.53,0.7304964539007093,0.28040000000000004,0.5986666666666667,0.0
100,regime_transition,lr,aci_rolling,post,0.2,0.8016666666666666,2.131,0.19566666666666666,0.8043333333333333,0.5843270868824532,0.061566666666666665,0.453,0.0
100,feature_shift,lr,split,pre,0.2,0.8026666666666666,1.608,0.44733333333333336,0.5526666666666666,0.7466467958271237,0.2770666666666667,0.5986666666666667,0.0
100,feature_shift,lr,split,post,0.2,0.6626666666666666,1.3426666666666667,0.6953333333333334,0.30466666666666664,0.6126558005752637,0.28636666666666666,0.549,0.0
100,feature_shift,lr,rolling,pre,0.2,0.7993333333333333,1.5966666666666667,0.456,0.544,0.7441520467836257,0.2806666666666667,0.5986666666666667,0.0
100,feature_shift,lr,rolling,post,0.2,0.8013333333333333,1.793,0.437,0.563,0.6857360793287567,0.2319666666666667,0.549,0.0
100,feature_shift,lr,weighted,pre,0.2,0.804,1.61,0.44666666666666666,0.5533333333333333,0.7507462686567165,0.27740000000000004,0.5986666666666667,0.0
100,feature_shift,lr,weighted,post,0.2,0.802,1.799,0.43633333333333335,0.5636666666666666,0.6844919786096256,0.23063333333333333,0.549,0.0
100,feature_shift,lr,aci_split,pre,0.2,0.7946666666666666,1.5973333333333333,0.4646666666666667,0.5353333333333333,0.727403156384505,0.27480000000000004,0.5986666666666667,0.0
100,feature_shift,lr,aci_split,post,0.2,0.8016666666666666,1.8033333333333332,0.436,0.5640000000000001,0.6788990825688074,0.22703333333333334,0.549,0.0
100,feature_shift,lr,aci_rolling,pre,0.2,0.7946666666666666,1.6006666666666667,0.47,0.53,0.7304964539007093,0.28040000000000004,0.5986666666666667,0.0
100,feature_shift,lr,aci_rolling,post,0.2,0.8046666666666666,1.8153333333333332,0.42933333333333334,0.5706666666666667,0.6785714285714286,0.22366666666666668,0.549,0.0
100,missing_features,lr,split,pre,0.2,0.8026666666666666,1.608,0.44733333333333336,0.5526666666666666,0.7466467958271237,0.2770666666666667,0.5986666666666667,0.0
100,missing_features,lr,split,post,0.2,0.7736666666666666,1.7186666666666666,0.3496666666666667,0.6503333333333333,0.6882745471877979,0.1844333333333333,0.535,0.0
100,missing_features,lr,rolling,pre,0.2,0.7993333333333333,1.5966666666666667,0.456,0.544,0.7441520467836257,0.2806666666666667,0.5986666666666667,0.0
100,missing_features,lr,rolling,post,0.2,0.8086666666666666,1.8296666666666668,0.2946666666666667,0.7053333333333334,0.7081447963800905,0.16426666666666664,0.535,0.0
100,missing_features,lr,weighted,pre,0.2,0.804,1.61,0.44666666666666666,0.5533333333333333,0.7507462686567165,0.27740000000000004,0.5986666666666667,0.0
100,missing_features,lr,weighted,post,0.2,0.808,1.836,0.2926666666666667,0.7073333333333334,0.7095671981776766,0.16436666666666666,0.535,0.0
100,missing_features,lr,aci_split,pre,0.2,0.7946666666666666,1.5973333333333333,0.4646666666666667,0.5353333333333333,0.727403156384505,0.27480000000000004,0.5986666666666667,0.0
100,missing_features,lr,aci_split,post,0.2,0.8046666666666666,1.82,0.3016666666666667,0.6983333333333333,0.7005524861878453,0.16686666666666666,0.535,0.0
100,missing_features,lr,aci_rolling,pre,0.2,0.7946666666666666,1.6006666666666667,0.47,0.53,0.7304964539007093,0.28040000000000004,0.5986666666666667,0.0
100,missing_features,lr,aci_rolling,post,0.2,0.8046666666666666,1.8166666666666667,0.31033333333333335,0.6896666666666667,0.6992481203007519,0.1688,0.535,0.0
100,stale_features,lr,split,pre,0.2,0.8026666666666666,1.608,0.44733333333333336,0.5526666666666666,0.7466467958271237,0.2770666666666667,0.5986666666666667,0.0
100,stale_features,lr,split,post,0.2,0.637,1.599,0.44466666666666665,0.5553333333333333,0.5119940029985007,0.09826666666666667,0.454,0.0
100,stale_features,lr,rolling,pre,0.2,0.7993333333333333,1.5966666666666667,0.456,0.544,0.7441520467836257,0.2806666666666667,0.5986666666666667,0.0
100,stale_features,lr,rolling,post,0.2,0.7973333333333333,2.116,0.18066666666666667,0.8193333333333334,0.566420664206642,0.05503333333333333,0.454,0.0
100,stale_features,lr,weighted,pre,0.2,0.804,1.61,0.44666666666666666,0.5533333333333333,0.7507462686567165,0.27740000000000004,0.5986666666666667,0.0
100,stale_features,lr,weighted,post,0.2,0.7983333333333333,2.123,0.176,0.8240000000000001,0.5625,0.052566666666666664,0.454,0.0
100,stale_features,lr,aci_split,pre,0.2,0.7946666666666666,1.5973333333333333,0.4646666666666667,0.5353333333333333,0.727403156384505,0.27480000000000004,0.5986666666666667,0.0
100,stale_features,lr,aci_split,post,0.2,0.7996666666666666,2.126333333333333,0.182,0.8180000000000001,0.5769230769230769,0.06020000000000001,0.454,0.0
100,stale_features,lr,aci_rolling,pre,0.2,0.7946666666666666,1.6006666666666667,0.47,0.53,0.7304964539007093,0.28040000000000004,0.5986666666666667,0.0
100,stale_features,lr,aci_rolling,post,0.2,0.8033333333333333,2.124,0.18633333333333332,0.8136666666666666,0.5724508050089445,0.059199999999999996,0.454,0.0
100,venue_change,lr,split,pre,0.2,0.8026666666666666,1.608,0.44733333333333336,0.5526666666666666,0.7466467958271237,0.2770666666666667,0.5986666666666667,0.0
100,venue_change,lr,split,post,0.2,0.74,1.611,0.451,0.5489999999999999,0.6467110125646711,0.20723333333333335,0.533,0.0
100,venue_change,lr,rolling,pre,0.2,0.7993333333333333,1.5966666666666667,0.456,0.544,0.7441520467836257,0.2806666666666667,0.5986666666666667,0.0
100,venue_change,lr,rolling,post,0.2,0.8063333333333333,1.8383333333333334,0.33266666666666667,0.6673333333333333,0.688376753507014,0.1742,0.533,0.0
100,venue_change,lr,weighted,pre,0.2,0.804,1.61,0.44666666666666666,0.5533333333333333,0.7507462686567165,0.27740000000000004,0.5986666666666667,0.0
100,venue_change,lr,weighted,post,0.2,0.805,1.843,0.3283333333333333,0.6716666666666666,0.6842639593908629,0.17070000000000002,0.533,0.0
100,venue_change,lr,aci_split,pre,0.2,0.7946666666666666,1.5973333333333333,0.4646666666666667,0.5353333333333333,0.727403156384505,0.27480000000000004,0.5986666666666667,0.0
100,venue_change,lr,aci_split,post,0.2,0.8053333333333333,1.856,0.3263333333333333,0.6736666666666666,0.6884576098059244,0.17263333333333336,0.533,0.0
100,venue_change,lr,aci_rolling,pre,0.2,0.7946666666666666,1.6006666666666667,0.47,0.53,0.7304964539007093,0.28040000000000004,0.5986666666666667,0.0
100,venue_change,lr,aci_rolling,post,0.2,0.806,1.858,0.3253333333333333,0.6746666666666667,0.6813524590163934,0.16753333333333334,0.533,0.0
100,rare_cluster,lr,split,pre,0.2,0.8026666666666666,1.608,0.44733333333333336,0.5526666666666666,0.7466467958271237,0.2770666666666667,0.5986666666666667,0.0
100,rare_cluster,lr,split,post,0.2,0.764,1.5933333333333333,0.4573333333333333,0.5426666666666666,0.6763848396501457,0.22643333333333332,0.5626666666666666,0.0
100,rare_cluster,lr,rolling,pre,0.2,0.7993333333333333,1.5966666666666667,0.456,0.544,0.7441520467836257,0.2806666666666667,0.5986666666666667,0.0
100,rare_cluster,lr,rolling,post,0.2,0.8066666666666666,1.7486666666666666,0.36766666666666664,0.6323333333333334,0.6872166817769719,0.187,0.5626666666666666,0.0
100,rare_cluster,lr,weighted,pre,0.2,0.804,1.61,0.44666666666666666,0.5533333333333333,0.7507462686567165,0.27740000000000004,0.5986666666666667,0.0
100,rare_cluster,lr,weighted,post,0.2,0.8103333333333333,1.7546666666666666,0.364,0.636,0.6959706959706959,0.19013333333333338,0.5626666666666666,0.0
100,rare_cluster,lr,aci_split,pre,0.2,0.7946666666666666,1.5973333333333333,0.4646666666666667,0.5353333333333333,0.727403156384505,0.27480000000000004,0.5986666666666667,0.0
100,rare_cluster,lr,aci_split,post,0.2,0.8063333333333333,1.7473333333333334,0.36833333333333335,0.6316666666666666,0.6932126696832579,0.1909666666666667,0.5626666666666666,0.0
100,rare_cluster,lr,aci_rolling,pre,0.2,0.7946666666666666,1.6006666666666667,0.47,0.53,0.7304964539007093,0.28040000000000004,0.5986666666666667,0.0
100,rare_cluster,lr,aci_rolling,post,0.2,0.806,1.7473333333333334,0.38133333333333336,0.6186666666666667,0.6861888111888111,0.19363333333333332,0.5626666666666666,0.0003333333333333333
100,iid_control,lr,split,pre,0.2,0.8026666666666666,1.6526666666666667,0.41133333333333333,0.5886666666666667,0.7520259319286872,0.25866666666666666,0.5893333333333334,0.0
100,iid_control,lr,split,post,0.2,0.7916666666666666,1.6576666666666666,0.417,0.583,0.7322142286171063,0.24966666666666668,0.561,0.0
100,iid_control,lr,rolling,pre,0.2,0.8066666666666666,1.6666666666666667,0.404,0.596,0.7574257425742574,0.2579333333333333,0.5893333333333334,0.0
100,iid_control,lr,rolling,post,0.2,0.799,1.694,0.4,0.6,0.735,0.24133333333333334,0.561,0.0
100,iid_control,lr,weighted,pre,0.2,0.8053333333333333,1.668,0.402,0.598,0.7562189054726368,0.2559333333333333,0.5893333333333334,0.0
100,iid_control,lr,weighted,post,0.2,0.8023333333333333,1.7016666666666667,0.394,0.606,0.7368866328257191,0.23883333333333334,0.561,0.0
100,iid_control,lr,aci_split,pre,0.2,0.802,1.6686666666666667,0.4026666666666667,0.5973333333333333,0.7450331125827815,0.25093333333333334,0.5893333333333334,0.0
100,iid_control,lr,aci_split,post,0.2,0.8003333333333333,1.6926666666666668,0.4013333333333333,0.5986666666666667,0.7333887043189369,0.24076666666666668,0.561,0.0
100,iid_control,lr,aci_rolling,pre,0.2,0.8033333333333333,1.6773333333333333,0.398,0.602,0.7487437185929648,0.25020000000000003,0.5893333333333334,0.0
100,iid_control,lr,aci_rolling,post,0.2,0.7993333333333333,1.6916666666666667,0.4046666666666667,0.5953333333333333,0.7273476112026359,0.23903333333333335,0.561,0.0
100,none,gbm,split,pre,0.2,0.786,1.73,0.42,0.5800000000000001,0.6761904761904762,0.2109333333333333,0.5526666666666666,0.0
100,none,gbm,split,post,0.2,0.7836666666666666,1.7736666666666667,0.40166666666666667,0.5983333333333334,0.6531120331950208,0.18860000000000002,0.527,0.0
100,none,gbm,rolling,pre,0.2,0.8,1.7866666666666666,0.3973333333333333,0.6026666666666667,0.674496644295302,0.19726666666666665,0.5526666666666666,0.0
100,none,gbm,rolling,post,0.2,0.809,1.869,0.356,0.644,0.6629213483146067,0.17253333333333334,0.527,0.0
100,none,gbm,weighted,pre,0.2,0.8013333333333333,1.7966666666666666,0.392,0.608,0.6768707482993197,0.19586666666666663,0.5526666666666666,0.0
100,none,gbm,weighted,post,0.2,0.809,1.8673333333333333,0.354,0.646,0.664783427495292,0.17293333333333333,0.527,0.0
100,none,gbm,aci_split,pre,0.2,0.7946666666666666,1.77,0.41,0.5900000000000001,0.6715447154471544,0.20086666666666664,0.5526666666666666,0.0
100,none,gbm,aci_split,post,0.2,0.8066666666666666,1.856,0.365,0.635,0.6666666666666666,0.17920000000000005,0.527,0.0
100,none,gbm,aci_rolling,pre,0.2,0.794,1.768,0.41133333333333333,0.5886666666666667,0.6661264181523501,0.19913333333333333,0.5526666666666666,0.0
100,none,gbm,aci_rolling,post,0.2,0.8056666666666666,1.848,0.374,0.626,0.6684491978609626,0.18386666666666668,0.527,0.0
100,vol_jump,gbm,split,pre,0.2,0.786,1.73,0.42,0.5800000000000001,0.6761904761904762,0.2109333333333333,0.5526666666666666,0.0
100,vol_jump,gbm,split,post,0.2,0.725,1.7736666666666667,0.40166666666666667,0.5983333333333334,0.5933609958506224,0.13190000000000002,0.4796666666666667,0.0
100,vol_jump,gbm,rolling,pre,0.2,0.8,1.7866666666666666,0.3973333333333333,0.6026666666666667,0.674496644295302,0.19726666666666665,0.5526666666666666,0.0
100,vol_jump,gbm,rolling,post,0.2,0.802,2.0733333333333333,0.2653333333333333,0.7346666666666667,0.6180904522613065,0.09590000000000001,0.4796666666666667,0.0
100,vol_jump,gbm,weighted,pre,0.2,0.8013333333333333,1.7966666666666666,0.392,0.608,0.6768707482993197,0.19586666666666663,0.5526666666666666,0.0
100,vol_jump,gbm,weighted,post,0.2,0.804,2.0803333333333334,0.26033333333333336,0.7396666666666667,0.6235595390524968,0.09553333333333335,0.4796666666666667,0.0
100,vol_jump,gbm,aci_split,pre,0.2,0.7946666666666666,1.77,0.41,0.5900000000000001,0.6715447154471544,0.20086666666666664,0.5526666666666666,0.0
100,vol_jump,gbm,aci_split,post,0.2,0.803,2.079,0.26466666666666666,0.7353333333333334,0.6221662468513854,0.09806666666666666,0.4796666666666667,0.0
100,vol_jump,gbm,aci_rolling,pre,0.2,0.794,1.768,0.41133333333333333,0.5886666666666667,0.6661264181523501,0.19913333333333333,0.5526666666666666,0.0
100,vol_jump,gbm,aci_rolling,post,0.2,0.8053333333333333,2.0776666666666666,0.267,0.733,0.6254681647940075,0.10026666666666667,0.4796666666666667,0.0
100,regime_transition,gbm,split,pre,0.2,0.786,1.73,0.42,0.5800000000000001,0.6761904761904762,0.2109333333333333,0.5526666666666666,0.0
100,regime_transition,gbm,split,post,0.2,0.6883333333333334,1.7736666666666667,0.40166666666666667,0.5983333333333334,0.5062240663900415,0.07676666666666666,0.43266666666666664,0.0
100,regime_transition,gbm,rolling,pre,0.2,0.8,1.7866666666666666,0.3973333333333333,0.6026666666666667,0.674496644295302,0.19726666666666665,0.5526666666666666,0.0
100,regime_transition,gbm,rolling,post,0.2,0.7933333333333333,2.1406666666666667,0.24166666666666667,0.7583333333333333,0.5172413793103449,0.051666666666666666,0.43266666666666664,0.0
100,regime_transition,gbm,weighted,pre,0.2,0.8013333333333333,1.7966666666666666,0.392,0.608,0.6768707482993197,0.19586666666666663,0.5526666666666666,0.0
100,regime_transition,gbm,weighted,post,0.2,0.794,2.138333333333333,0.242,0.758,0.5206611570247934,0.05263333333333334,0.43266666666666664,0.0
100,regime_transition,gbm,aci_split,pre,0.2,0.7946666666666666,1.77,0.41,0.5900000000000001,0.6715447154471544,0.20086666666666664,0.5526666666666666,0.0
100,regime_transition,gbm,aci_split,post,0.2,0.799,2.1646666666666667,0.236,0.764,0.5268361581920904,0.05526666666666667,0.43266666666666664,0.0
100,regime_transition,gbm,aci_rolling,pre,0.2,0.794,1.768,0.41133333333333333,0.5886666666666667,0.6661264181523501,0.19913333333333333,0.5526666666666666,0.0
100,regime_transition,gbm,aci_rolling,post,0.2,0.803,2.175,0.232,0.768,0.5244252873563219,0.05353333333333334,0.43266666666666664,0.0
100,feature_shift,gbm,split,pre,0.2,0.786,1.73,0.42,0.5800000000000001,0.6761904761904762,0.2109333333333333,0.5526666666666666,0.0
100,feature_shift,gbm,split,post,0.2,0.7096666666666667,1.6323333333333334,0.498,0.502,0.5950468540829986,0.18433333333333332,0.5093333333333333,0.0
100,feature_shift,gbm,rolling,pre,0.2,0.8,1.7866666666666666,0.3973333333333333,0.6026666666666667,0.674496644295302,0.19726666666666665,0.5526666666666666,0.0
100,feature_shift,gbm,rolling,post,0.2,0.8033333333333333,1.972,0.31933333333333336,0.6806666666666666,0.6356993736951984,0.13863333333333333,0.5093333333333333,0.0
100,feature_shift,gbm,weighted,pre,0.2,0.8013333333333333,1.7966666666666666,0.392,0.608,0.6768707482993197,0.19586666666666663,0.5526666666666666,0.0
100,feature_shift,gbm,weighted,post,0.2,0.802,1.9656666666666667,0.32133333333333336,0.6786666666666666,0.6390041493775933,0.14170000000000002,0.5093333333333333,0.0
100,feature_shift,gbm,aci_split,pre,0.2,0.7946666666666666,1.77,0.41,0.5900000000000001,0.6715447154471544,0.20086666666666664,0.5526666666666666,0.0
100,feature_shift,gbm,aci_split,post,0.2,0.8023333333333333,1.971,0.32466666666666666,0.6753333333333333,0.6386036960985626,0.14340000000000003,0.5093333333333333,0.0
100,feature_shift,gbm,aci_rolling,pre,0.2,0.794,1.768,0.41133333333333333,0.5886666666666667,0.6661264181523501,0.19913333333333333,0.5526666666666666,0.0
100,feature_shift,gbm,aci_rolling,post,0.2,0.8046666666666666,1.9883333333333333,0.31533333333333335,0.6846666666666666,0.6395348837209303,0.1386,0.5093333333333333,0.0
100,missing_features,gbm,split,pre,0.2,0.786,1.73,0.42,0.5800000000000001,0.6761904761904762,0.2109333333333333,0.5526666666666666,0.0
100,missing_features,gbm,split,post,0.2,0.769,1.8606666666666667,0.35333333333333333,0.6466666666666667,0.6103773584905661,0.13813333333333333,0.49,0.0
100,missing_features,gbm,rolling,pre,0.2,0.8,1.7866666666666666,0.3973333333333333,0.6026666666666667,0.674496644295302,0.19726666666666665,0.5526666666666666,0.0
100,missing_features,gbm,rolling,post,0.2,0.8066666666666666,2.01,0.2846666666666667,0.7153333333333334,0.6182669789227166,0.11733333333333333,0.49,0.0
100,missing_features,gbm,weighted,pre,0.2,0.8013333333333333,1.7966666666666666,0.392,0.608,0.6768707482993197,0.19586666666666663,0.5526666666666666,0.0
100,missing_features,gbm,weighted,post,0.2,0.8033333333333333,2.0086666666666666,0.287,0.7130000000000001,0.6213704994192799,0.12023333333333334,0.49,0.0
100,missing_features,gbm,aci_split,pre,0.2,0.7946666666666666,1.77,0.41,0.5900000000000001,0.6715447154471544,0.20086666666666664,0.5526666666666666,0.0
100,missing_features,gbm,aci_split,post,0.2,0.805,2.002666666666667,0.2906666666666667,0.7093333333333334,0.6238532110091743,0.12156666666666666,0.49,0.0
100,missing_features,gbm,aci_rolling,pre,0.2,0.794,1.768,0.41133333333333333,0.5886666666666667,0.6661264181523501,0.19913333333333333,0.5526666666666666,0.0
100,missing_features,gbm,aci_rolling,post,0.2,0.8056666666666666,2.007,0.2906666666666667,0.7093333333333334,0.6238532110091743,0.12166666666666667,0.49,0.0
100,stale_features,gbm,split,pre,0.2,0.786,1.73,0.42,0.5800000000000001,0.6761904761904762,0.2109333333333333,0.5526666666666666,0.0
100,stale_features,gbm,split,post,0.2,0.6846666666666666,1.7913333333333334,0.38966666666666666,0.6103333333333334,0.49443969204448246,0.07780000000000001,0.422,0.0
100,stale_features,gbm,rolling,pre,0.2,0.8,1.7866666666666666,0.3973333333333333,0.6026666666666667,0.674496644295302,0.19726666666666665,0.5526666666666666,0.0
100,stale_features,gbm,rolling,post,0.2,0.795,2.179,0.21533333333333332,0.7846666666666666,0.5278637770897833,0.05326666666666667,0.422,0.0
100,stale_features,gbm,weighted,pre,0.2,0.8013333333333333,1.7966666666666666,0.392,0.608,0.6768707482993197,0.19586666666666663,0.5526666666666666,0.0
100,stale_features,gbm,weighted,post,0.2,0.7976666666666666,2.1803333333333335,0.21533333333333332,0.7846666666666666,0.5340557275541795,0.0548,0.422,0.0
100,stale_features,gbm,aci_split,pre,0.2,0.7946666666666666,1.77,0.41,0.5900000000000001,0.6715447154471544,0.20086666666666664,0.5526666666666666,0.0
100,stale_features,gbm,aci_split,post,0.2,0.799,2.1823333333333332,0.225,0.775,0.5303703703703704,0.05533333333333333,0.422,0.0
100,stale_features,gbm,aci_rolling,pre,0.2,0.794,1.768,0.41133333333333333,0.5886666666666667,0.6661264181523501,0.19913333333333333,0.5526666666666666,0.0
100,stale_features,gbm,aci_rolling,post,0.2,0.8023333333333333,2.199666666666667,0.21966666666666668,0.7803333333333333,0.5250379362670713,0.05196666666666666,0.422,0.0
100,venue_change,gbm,split,pre,0.2,0.786,1.73,0.42,0.5800000000000001,0.6761904761904762,0.2109333333333333,0.5526666666666666,0.0
100,venue_change,gbm,split,post,0.2,0.757,1.7793333333333334,0.3983333333333333,0.6016666666666667,0.5983263598326359,0.14796666666666666,0.5,0.0
100,venue_change,gbm,rolling,pre,0.2,0.8,1.7866666666666666,0.3973333333333333,0.6026666666666667,0.674496644295302,0.19726666666666665,0.5526666666666666,0.0
100,venue_change,gbm,rolling,post,0.2,0.8036666666666666,1.9556666666666667,0.315,0.685,0.6201058201058202,0.1293,0.5,0.0
100,venue_change,gbm,weighted,pre,0.2,0.8013333333333333,1.7966666666666666,0.392,0.608,0.6768707482993197,0.19586666666666663,0.5526666666666666,0.0
100,venue_change,gbm,weighted,post,0.2,0.806,1.9633333333333334,0.31433333333333335,0.6856666666666666,0.6214209968186638,0.12866666666666668,0.5,0.0
100,venue_change,gbm,aci_split,pre,0.2,0.7946666666666666,1.77,0.41,0.5900000000000001,0.6715447154471544,0.20086666666666664,0.5526666666666666,0.0
100,venue_change,gbm,aci_split,post,0.2,0.805,1.937,0.327,0.673,0.6228338430173292,0.13473333333333334,0.5,0.0
100,venue_change,gbm,aci_rolling,pre,0.2,0.794,1.768,0.41133333333333333,0.5886666666666667,0.6661264181523501,0.19913333333333333,0.5526666666666666,0.0
100,venue_change,gbm,aci_rolling,post,0.2,0.8056666666666666,1.9526666666666668,0.322,0.6779999999999999,0.629399585921325,0.13786666666666667,0.5,0.0
100,rare_cluster,gbm,split,pre,0.2,0.786,1.73,0.42,0.5800000000000001,0.6761904761904762,0.2109333333333333,0.5526666666666666,0.0
100,rare_cluster,gbm,split,post,0.2,0.7686666666666667,1.7736666666666667,0.401,0.599,0.628428927680798,0.17013333333333333,0.513,0.0
100,rare_cluster,gbm,rolling,pre,0.2,0.8,1.7866666666666666,0.3973333333333333,0.6026666666666667,0.674496644295302,0.19726666666666665,0.5526666666666666,0.0
100,rare_cluster,gbm,rolling,post,0.2,0.8043333333333333,1.922,0.3313333333333333,0.6686666666666667,0.6448692152917505,0.1507,0.513,0.0
100,rare_cluster,gbm,weighted,pre,0.2,0.8013333333333333,1.7966666666666666,0.392,0.608,0.6768707482993197,0.19586666666666663,0.5526666666666666,0.0
100,rare_cluster,gbm,weighted,post,0.2,0.806,1.9246666666666667,0.328,0.6719999999999999,0.6463414634146342,0.148,0.513,0.0
100,rare_cluster,gbm,aci_split,pre,0.2,0.7946666666666666,1.77,0.41,0.5900000000000001,0.6715447154471544,0.20086666666666664,0.5526666666666666,0.0
100,rare_cluster,gbm,aci_split,post,0.2,0.8056666666666666,1.909,0.3363333333333333,0.6636666666666666,0.6491575817641229,0.15333333333333332,0.513,0.0
100,rare_cluster,gbm,aci_rolling,pre,0.2,0.794,1.768,0.41133333333333333,0.5886666666666667,0.6661264181523501,0.19913333333333333,0.5526666666666666,0.0
100,rare_cluster,gbm,aci_rolling,post,0.2,0.8056666666666666,1.9126666666666667,0.33866666666666667,0.6613333333333333,0.6486220472440944,0.155,0.513,0.0
100,iid_control,gbm,split,pre,0.2,0.8106666666666666,1.804,0.382,0.618,0.7015706806282722,0.20613333333333336,0.5573333333333333,0.0
100,iid_control,gbm,split,post,0.2,0.8073333333333333,1.828,0.379,0.621,0.6745822339489885,0.1905,0.5266666666666666,0.0
100,iid_control,gbm,rolling,pre,0.2,0.8053333333333333,1.804,0.38333333333333336,0.6166666666666667,0.6956521739130435,0.20613333333333336,0.5573333333333333,0.0
100,iid_control,gbm,rolling,post,0.2,0.801,1.8093333333333332,0.3893333333333333,0.6106666666666667,0.6703767123287672,0.19353333333333333,0.5266666666666666,0.0
100,iid_control,gbm,weighted,pre,0.2,0.8066666666666666,1.8073333333333332,0.38133333333333336,0.6186666666666667,0.6940559440559441,0.20346666666666668,0.5573333333333333,0.0
100,iid_control,gbm,weighted,post,0.2,0.8006666666666666,1.8136666666666668,0.383,0.617,0.6701479547432551,0.19116666666666668,0.5266666666666666,0.0
100,iid_control,gbm,aci_split,pre,0.2,0.804,1.8053333333333332,0.38333333333333336,0.6166666666666667,0.6939130434782609,0.20459999999999998,0.5573333333333333,0.0
100,iid_control,gbm,aci_split,post,0.2,0.7986666666666666,1.8043333333333333,0.3913333333333333,0.6086666666666667,0.666098807495741,0.19113333333333338,0.5266666666666666,0.0
100,iid_control,gbm,aci_rolling,pre,0.2,0.804,1.8073333333333332,0.38866666666666666,0.6113333333333333,0.6826758147512865,0.20026666666666665,0.5573333333333333,0.0
100,iid_control,gbm,aci_rolling,post,0.2,0.798,1.803,0.3943333333333333,0.6056666666666667,0.6627218934911243,0.1917666666666667,0.5266666666666666,0.0
101,none,lr,split,pre,0.2,0.8093333333333333,1.6526666666666667,0.432,0.5680000000000001,0.7191358024691358,0.254,0.5746666666666667,0.0
101,none,lr,split,post,0.2,0.7883333333333333,1.667,0.4176666666666667,0.5823333333333334,0.7063048683160414,0.23093333333333332,0.5616666666666666,0.0
101,none,lr,rolling,pre,0.2,0.8066666666666666,1.6506666666666667,0.432,0.5680000000000001,0.720679012345679,0.2554666666666667,0.5746666666666667,0.0
101,none,lr,rolling,post,0.2,0.793,1.6916666666666667,0.404,0.596,0.7095709570957096,0.2265,0.5616666666666666,0.0
101,none,lr,weighted,pre,0.2,0.806,1.648,0.43333333333333335,0.5666666666666667,0.7215384615384616,0.25660000000000005,0.5746666666666667,0.0
101,none,lr,weighted,post,0.2,0.8006666666666666,1.707,0.3943333333333333,0.6056666666666667,0.7185122569737954,0.22503333333333334,0.5616666666666666,0.0
101,none,lr,aci_split,pre,0.2,0.8066666666666666,1.6606666666666667,0.43066666666666664,0.5693333333333334,0.7136222910216719,0.25093333333333334,0.5746666666666667,0.0
101,none,lr,aci_split,post,0.2,0.795,1.698,0.402,0.598,0.7131011608623549,0.2262666666666667,0.5616666666666666,0.0
101,none,lr,aci_rolling,pre,0.2,0.8066666666666666,1.6626666666666667,0.434,0.5660000000000001,0.7127496159754224,0.25160000000000005,0.5746666666666667,0.0
101,none,lr,aci_rolling,post,0.2,0.797,1.7163333333333333,0.39566666666666667,0.6043333333333334,0.7093513058129739,0.2198,0.5616666666666666,0.0
101,vol_jump,lr,split,pre,0.2,0.8093333333333333,1.6526666666666667,0.432,0.5680000000000001,0.7191358024691358,0.254,0.5746666666666667,0.0
101,vol_jump,lr,split,post,0.2,0.693,1.667,0.4176666666666667,0.5823333333333334,0.6113328012769353,0.14526666666666668,0.5066666666666667,0.0
101,vol_jump,lr,rolling,pre,0.2,0.8066666666666666,1.6506666666666667,0.432,0.5680000000000001,0.720679012345679,0.2554666666666667,0.5746666666666667,0.0
101,vol_jump,lr,rolling,post,0.2,0.791,2.042666666666667,0.226,0.774,0.6769911504424779,0.10473333333333334,0.5066666666666667,0.0
101,vol_jump,lr,weighted,pre,0.2,0.806,1.648,0.43333333333333335,0.5666666666666667,0.7215384615384616,0.25660000000000005,0.5746666666666667,0.0
101,vol_jump,lr,weighted,post,0.2,0.7923333333333333,2.042,0.22533333333333333,0.7746666666666666,0.6819526627218935,0.10603333333333334,0.5066666666666667,0.0
101,vol_jump,lr,aci_split,pre,0.2,0.8066666666666666,1.6606666666666667,0.43066666666666664,0.5693333333333334,0.7136222910216719,0.25093333333333334,0.5746666666666667,0.0
101,vol_jump,lr,aci_split,post,0.2,0.7933333333333333,2.05,0.22,0.78,0.6848484848484848,0.10486666666666668,0.5066666666666667,0.0
101,vol_jump,lr,aci_rolling,pre,0.2,0.8066666666666666,1.6626666666666667,0.434,0.5660000000000001,0.7127496159754224,0.25160000000000005,0.5746666666666667,0.0
101,vol_jump,lr,aci_rolling,post,0.2,0.797,2.058333333333333,0.221,0.779,0.6802413273001509,0.10390000000000002,0.5066666666666667,0.0
101,regime_transition,lr,split,pre,0.2,0.8093333333333333,1.6526666666666667,0.432,0.5680000000000001,0.7191358024691358,0.254,0.5746666666666667,0.0
101,regime_transition,lr,split,post,0.2,0.6776666666666666,1.667,0.4176666666666667,0.5823333333333334,0.5618515562649641,0.12293333333333335,0.459,0.0
101,regime_transition,lr,rolling,pre,0.2,0.8066666666666666,1.6506666666666667,0.432,0.5680000000000001,0.720679012345679,0.2554666666666667,0.5746666666666667,0.0
101,regime_transition,lr,rolling,post,0.2,0.786,2.026666666666667,0.242,0.758,0.6267217630853994,0.10029999999999999,0.459,0.0
101,regime_transition,lr,weighted,pre,0.2,0.806,1.648,0.43333333333333335,0.5666666666666667,0.7215384615384616,0.25660000000000005,0.5746666666666667,0.0
101,regime_transition,lr,weighted,post,0.2,0.7883333333333333,2.0313333333333334,0.23733333333333334,0.7626666666666666,0.6292134831460674,0.0988,0.459,0.0
101,regime_transition,lr,aci_split,pre,0.2,0.8066666666666666,1.6606666666666667,0.43066666666666664,0.5693333333333334,0.7136222910216719,0.25093333333333334,0.5746666666666667,0.0
101,regime_transition,lr,aci_split,post,0.2,0.7923333333333333,2.046333333333333,0.23266666666666666,0.7673333333333333,0.6217765042979942,0.09446666666666666,0.459,0.0
101,regime_transition,lr,aci_rolling,pre,0.2,0.8066666666666666,1.6626666666666667,0.434,0.5660000000000001,0.7127496159754224,0.25160000000000005,0.5746666666666667,0.0
101,regime_transition,lr,aci_rolling,post,0.2,0.7963333333333333,2.0676666666666668,0.225,0.775,0.6266666666666667,0.09376666666666666,0.459,0.0
101,feature_shift,lr,split,pre,0.2,0.8093333333333333,1.6526666666666667,0.432,0.5680000000000001,0.7191358024691358,0.254,0.5746666666666667,0.0
101,feature_shift,lr,split,post,0.2,0.68,1.457,0.6073333333333333,0.3926666666666667,0.6081229418221734,0.24266666666666667,0.535,0.0
101,feature_shift,lr,rolling,pre,0.2,0.8066666666666666,1.6506666666666667,0.432,0.5680000000000001,0.720679012345679,0.2554666666666667,0.5746666666666667,0.0
101,feature_shift,lr,rolling,post,0.2,0.7923333333333333,1.8573333333333333,0.37633333333333335,0.6236666666666666,0.6554472984942427,0.18186666666666668,0.535,0.0
101,feature_shift,lr,weighted,pre,0.2,0.806,1.648,0.43333333333333335,0.5666666666666667,0.7215384615384616,0.25660000000000005,0.5746666666666667,0.0
101,feature_shift,lr,weighted,post,0.2,0.7906666666666666,1.851,0.37366666666666665,0.6263333333333334,0.6592328278322926,0.18269999999999997,0.535,0.0
101,feature_shift,lr,aci_split,pre,0.2,0.8066666666666666,1.6606666666666667,0.43066666666666664,0.5693333333333334,0.7136222910216719,0.25093333333333334,0.5746666666666667,0.0
101,feature_shift,lr,aci_split,post,0.2,0.793,1.853,0.379,0.621,0.6578715919085312,0.18496666666666667,0.535,0.0
101,feature_shift,lr,aci_rolling,pre,0.2,0.8066666666666666,1.6626666666666667,0.434,0.5660000000000001,0.7127496159754224,0.25160000000000005,0.5746666666666667,0.0
101,feature_shift,lr,aci_rolling,post,0.2,0.7963333333333333,1.8776666666666666,0.36966666666666664,0.6303333333333334,0.6609558160504959,0.18323333333333336,0.535,0.0
101,missing_features,lr,split,pre,0.2,0.8093333333333333,1.6526666666666667,0.432,0.5680000000000001,0.7191358024691358,0.254,0.5746666666666667,0.0
101,missing_features,lr,split,post,0.2,0.777,1.7783333333333333,0.322,0.6779999999999999,0.6832298136645962,0.16646666666666665,0.5326666666666666,0.0
101,missing_features,lr,rolling,pre,0.2,0.8066666666666666,1.6506666666666667,0.432,0.5680000000000001,0.720679012345679,0.2554666666666667,0.5746666666666667,0.0
101,missing_features,lr,rolling,post,0.2,0.7926666666666666,1.8466666666666667,0.2886666666666667,0.7113333333333334,0.687066974595843,0.15166666666666667,0.5326666666666666,0.0
101,missing_features,lr,weighted,pre,0.2,0.806,1.648,0.43333333333333335,0.5666666666666667,0.7215384615384616,0.25660000000000005,0.5746666666666667,0.0
101,missing_features,lr,weighted,post,0.2,0.798,1.858,0.2823333333333333,0.7176666666666667,0.6906729634002361,0.14936666666666668,0.5326666666666666,0.0
101,missing_features,lr,aci_split,pre,0.2,0.8066666666666666,1.6606666666666667,0.43066666666666664,0.5693333333333334,0.7136222910216719,0.25093333333333334,0.5746666666666667,0.0
101,missing_features,lr,aci_split,post,0.2,0.796,1.8553333333333333,0.28733333333333333,0.7126666666666667,0.6821345707656613,0.14776666666666666,0.5326666666666666,0.0
101,missing_features,lr,aci_rolling,pre,0.2,0.8066666666666666,1.6626666666666667,0.434,0.5660000000000001,0.7127496159754224,0.25160000000000005,0.5746666666666667,0.0
101,missing_features,lr,aci_rolling,post,0.2,0.7973333333333333,1.8646666666666667,0.28933333333333333,0.7106666666666667,0.6774193548387096,0.14763333333333334,0.5326666666666666,0.0
101,stale_features,lr,split,pre,0.2,0.8093333333333333,1.6526666666666667,0.432,0.5680000000000001,0.7191358024691358,0.254,0.5746666666666667,0.0
101,stale_features,lr,split,post,0.2,0.6536666666666666,1.6866666666666668,0.401,0.599,0.5228595178719867,0.09116666666666666,0.448,0.0
101,stale_features,lr,rolling,pre,0.2,0.8066666666666666,1.6506666666666667,0.432,0.5680000000000001,0.720679012345679,0.2554666666666667,0.5746666666666667,0.0
101,stale_features,lr,rolling,post,0.2,0.7926666666666666,2.127666666666667,0.189,0.8109999999999999,0.5767195767195767,0.0605,0.448,0.0
101,stale_features,lr,weighted,pre,0.2,0.806,1.648,0.43333333333333335,0.5666666666666667,0.7215384615384616,0.25660000000000005,0.5746666666666667,0.0
101,stale_features,lr,weighted,post,0.2,0.794,2.125,0.19433333333333333,0.8056666666666666,0.58147512864494,0.0634,0.448,0.0
101,stale_features,lr,aci_split,pre,0.2,0.8066666666666666,1.6606666666666667,0.43066666666666664,0.5693333333333334,0.7136222910216719,0.25093333333333334,0.5746666666666667,0.0
101,stale_features,lr,aci_split,post,0.2,0.794,2.1296666666666666,0.18266666666666667,0.8173333333333334,0.5821167883211679,0.06030000000000001,0.448,0.0
101,stale_features,lr,aci_rolling,pre,0.2,0.8066666666666666,1.6626666666666667,0.434,0.5660000000000001,0.7127496159754224,0.25160000000000005,0.5746666666666667,0.0
101,stale_features,lr,aci_rolling,post,0.2,0.7983333333333333,2.161,0.17333333333333334,0.8266666666666667,0.5711538461538461,0.0545,0.448,0.0
101,venue_change,lr,split,pre,0.2,0.8093333333333333,1.6526666666666667,0.432,0.5680000000000001,0.7191358024691358,0.254,0.5746666666666667,0.0
101,venue_change,lr,split,post,0.2,0.7426666666666667,1.6653333333333333,0.437,0.563,0.6445461479786423,0.19770000000000001,0.5323333333333333,0.0
101,venue_change,lr,rolling,pre,0.2,0.8066666666666666,1.6506666666666667,0.432,0.5680000000000001,0.720679012345679,0.2554666666666667,0.5746666666666667,0.0
101,venue_change,lr,rolling,post,0.2,0.7933333333333333,1.838,0.33466666666666667,0.6653333333333333,0.6802788844621513,0.17140000000000002,0.5323333333333333,0.0
101,venue_change,lr,weighted,pre,0.2,0.806,1.648,0.43333333333333335,0.5666666666666667,0.7215384615384616,0.25660000000000005,0.5746666666666667,0.0
101,venue_change,lr,weighted,post,0.2,0.7946666666666666,1.8406666666666667,0.33166666666666667,0.6683333333333333,0.6804020100502512,0.16913333333333333,0.5323333333333333,0.0
101,venue_change,lr,aci_split,pre,0.2,0.8066666666666666,1.6606666666666667,0.43066666666666664,0.5693333333333334,0.7136222910216719,0.25093333333333334,0.5746666666666667,0.0
101,venue_change,lr,aci_split,post,0.2,0.7936666666666666,1.8413333333333333,0.3363333333333333,0.6636666666666666,0.6798810703666998,0.17196666666666666,0.5323333333333333,0.0
101,venue_change,lr,aci_rolling,pre,0.2,0.8066666666666666,1.6626666666666667,0.434,0.5660000000000001,0.7127496159754224,0.25160000000000005,0.5746666666666667,0.0
101,venue_change,lr,aci_rolling,post,0.2,0.7953333333333333,1.849,0.3333333333333333,0.6666666666666667,0.678,0.17039999999999997,0.5323333333333333,0.0
101,rare_cluster,lr,split,pre,0.2,0.8093333333333333,1.6526666666666667,0.432,0.5680000000000001,0.7191358024691358,0.254,0.5746666666666667,0.0
101,rare_cluster,lr,split,post,0.2,0.7696666666666667,1.654,0.42966666666666664,0.5703333333333334,0.6664080682699767,0.20336666666666667,0.5446666666666666,0.0
101,rare_cluster,lr,rolling,pre,0.2,0.8066666666666666,1.6506666666666667,0.432,0.5680000000000001,0.720679012345679,0.2554666666666667,0.5746666666666667,0.0
101,rare_cluster,lr,rolling,post,0.2,0.7943333333333333,1.7463333333333333,0.37633333333333335,0.6236666666666666,0.6829052258635961,0.18786666666666668,0.5446666666666666,0.0
101,rare_cluster,lr,weighted,pre,0.2,0.806,1.648,0.43333333333333335,0.5666666666666667,0.7215384615384616,0.25660000000000005,0.5746666666666667,0.0
101,rare_cluster,lr,weighted,post,0.2,0.7976666666666666,1.7586666666666666,0.36966666666666664,0.6303333333333334,0.6853020739404869,0.1850333333333333,0.5446666666666666,0.0
101,rare_cluster,lr,aci_split,pre,0.2,0.8066666666666666,1.6606666666666667,0.43066666666666664,0.5693333333333334,0.7136222910216719,0.25093333333333334,0.5746666666666667,0.0
101,rare_cluster,lr,aci_split,post,0.2,0.7946666666666666,1.756,0.37566666666666665,0.6243333333333334,0.6796805678793256,0.18583333333333332,0.5446666666666666,0.0
101,rare_cluster,lr,aci_rolling,pre,0.2,0.8066666666666666,1.6626666666666667,0.434,0.5660000000000001,0.7127496159754224,0.25160000000000005,0.5746666666666667,0.0
101,rare_cluster,lr,aci_rolling,post,0.2,0.7966666666666666,1.7663333333333333,0.37233333333333335,0.6276666666666666,0.6741271262309758,0.18073333333333336,0.5446666666666666,0.0
101,iid_control,lr,split,pre,0.2,0.822,1.7206666666666666,0.39666666666666667,0.6033333333333333,0.7630252100840336,0.25533333333333336,0.5653333333333334,0.0
101,iid_control,lr,split,post,0.2,0.8123333333333334,1.715,0.39766666666666667,0.6023333333333334,0.7661357921207042,0.25716666666666665,0.576,0.0
101,iid_control,lr,rolling,pre,0.2,0.7926666666666666,1.6393333333333333,0.4493333333333333,0.5506666666666666,0.7329376854599406,0.2695333333333333,0.5653333333333334,0.0
101,iid_control,lr,rolling,post,0.2,0.8026666666666666,1.6746666666666667,0.42733333333333334,0.5726666666666667,0.751170046801872,0.2653,0.576,0.0
101,iid_control,lr,weighted,pre,0.2,0.798,1.6573333333333333,0.438,0.562,0.7351598173515982,0.26480000000000004,0.5653333333333334,0.0
101,iid_control,lr,weighted,post,0.2,0.8033333333333333,1.6833333333333333,0.419,0.581,0.7533810660302307,0.2618,0.576,0.0
101,iid_control,lr,aci_split,pre,0.2,0.802,1.6666666666666667,0.432,0.5680000000000001,0.7361111111111112,0.2618666666666667,0.5653333333333334,0.0
101,iid_control,lr,aci_split,post,0.2,0.7993333333333333,1.67,0.43033333333333335,0.5696666666666667,0.7490317583268784,0.2659,0.576,0.0
101,iid_control,lr,aci_rolling,pre,0.2,0.8013333333333333,1.666,0.43333333333333335,0.5666666666666667,0.7384615384615385,0.2636,0.5653333333333334,0.0
101,iid_control,lr,aci_rolling,post,0.2,0.799,1.673,0.433,0.567,0.7490377213240954,0.2672333333333333,0.576,0.0
101,none,gbm,split,pre,0.2,0.7926666666666666,1.8426666666666667,0.36933333333333335,0.6306666666666667,0.6624548736462094,0.176,0.514,0.0
101,none,gbm,split,post,0.2,0.7956666666666666,1.8543333333333334,0.364,0.636,0.6575091575091575,0.17156666666666665,0.521,0.0
101,none,gbm,rolling,pre,0.2,0.8006666666666666,1.866,0.358,0.642,0.664804469273743,0.17353333333333334,0.514,0.0
101,none,gbm,rolling,post,0.2,0.7966666666666666,1.8626666666666667,0.363,0.637,0.6629935720844812,0.17510000000000003,0.521,0.0
101,none,gbm,weighted,pre,0.2,0.8006666666666666,1.8673333333333333,0.3606666666666667,0.6393333333333333,0.6654343807763401,0.17466666666666666,0.514,0.0
101,none,gbm,weighted,post,0.2,0.8013333333333333,1.874,0.35733333333333334,0.6426666666666667,0.664179104477612,0.17206666666666667,0.521,0.0
101,none,gbm,aci_split,pre,0.2,0.8,1.8706666666666667,0.36,0.64,0.662962962962963,0.1755333333333333,0.514,0.0
101,none,gbm,aci_split,post,0.2,0.7993333333333333,1.8686666666666667,0.358,0.642,0.6629422718808193,0.17140000000000002,0.521,0.0
101,none,gbm,aci_rolling,pre,0.2,0.802,1.8893333333333333,0.3566666666666667,0.6433333333333333,0.6523364485981309,0.16886666666666666,0.514,0.0
101,none,gbm,aci_rolling,post,0.2,0.7983333333333333,1.8783333333333334,0.35633333333333334,0.6436666666666666,0.6641721234798877,0.17296666666666666,0.521,0.0
101,vol_jump,gbm,split,pre,0.2,0.7926666666666666,1.8426666666666667,0.36933333333333335,0.6306666666666667,0.6624548736462094,0.176,0.514,0.0
101,vol_jump,gbm,split,post,0.2,0.7403333333333333,1.8543333333333334,0.364,0.636,0.576007326007326,0.11516666666666667,0.4716666666666667,0.0
101,vol_jump,gbm,rolling,pre,0.2,0.8006666666666666,1.866,0.358,0.642,0.664804469273743,0.17353333333333334,0.514,0.0
101,vol_jump,gbm,rolling,post,0.2,0.7983333333333333,2.0713333333333335,0.2683333333333333,0.7316666666666667,0.6124223602484472,0.09923333333333335,0.4716666666666667,0.0
101,vol_jump,gbm,weighted,pre,0.2,0.8006666666666666,1.8673333333333333,0.3606666666666667,0.6393333333333333,0.6654343807763401,0.17466666666666666,0.514,0.0
101,vol_jump,gbm,weighted,post,0.2,0.8,2.086333333333333,0.261,0.739,0.6155810983397191,0.09876666666666667,0.4716666666666667,0.0
101,vol_jump,gbm,aci_split,pre,0.2,0.8,1.8706666666666667,0.36,0.64,0.662962962962963,0.1755333333333333,0.514,0.0
101,vol_jump,gbm,aci_split,post,0.2,0.7983333333333333,2.0856666666666666,0.2633333333333333,0.7366666666666667,0.610126582278481,0.09703333333333335,0.4716666666666667,0.0
101,vol_jump,gbm,aci_rolling,pre,0.2,0.802,1.8893333333333333,0.3566666666666667,0.6433333333333333,0.6523364485981309,0.16886666666666666,0.514,0.0
101,vol_jump,gbm,aci_rolling,post,0.2,0.7993333333333333,2.092,0.262,0.738,0.6119592875318066,0.098,0.4716666666666667,0.0
101,regime_transition,gbm,split,pre,0.2,0.7926666666666666,1.8426666666666667,0.36933333333333335,0.6306666666666667,0.6624548736462094,0.176,0.514,0.0
101,regime_transition,gbm,split,post,0.2,0.7146666666666667,1.8543333333333334,0.364,0.636,0.5247252747252747,0.08953333333333334,0.42433333333333334,0.0
101,regime_transition,gbm,rolling,pre,0.2,0.8006666666666666,1.866,0.358,0.642,0.664804469273743,0.17353333333333334,0.514,0.0
101,regime_transition,gbm,rolling,post,0.2,0.7903333333333333,2.114,0.25133333333333335,0.7486666666666666,0.5649867374005305,0.078,0.42433333333333334,0.0
101,regime_transition,gbm,weighted,pre,0.2,0.8006666666666666,1.8673333333333333,0.3606666666666667,0.6393333333333333,0.6654343807763401,0.17466666666666666,0.514,0.0
101,regime_transition,gbm,weighted,post,0.2,0.7936666666666666,2.122333333333333,0.24733333333333332,0.7526666666666667,0.5633423180592992,0.0763,0.42433333333333334,0.0
101,regime_transition,gbm,aci_split,pre,0.2,0.8,1.8706666666666667,0.36,0.64,0.662962962962963,0.1755333333333333,0.514,0.0
101,regime_transition,gbm,aci_split,post,0.2,0.7963333333333333,2.1373333333333333,0.24433333333333335,0.7556666666666667,0.5648021828103683,0.07473333333333333,0.42433333333333334,0.0
101,regime_transition,gbm,aci_rolling,pre,0.2,0.802,1.8893333333333333,0.3566666666666667,0.6433333333333333,0.6523364485981309,0.16886666666666666,0.514,0.0
101,regime_transition,gbm,aci_rolling,post,0.2,0.7983333333333333,2.146333333333333,0.245,0.755,0.5659863945578232,0.07653333333333334,0.42433333333333334,0.0
101,feature_shift,gbm,split,pre,0.2,0.7926666666666666,1.8426666666666667,0.36933333333333335,0.6306666666666667,0.6624548736462094,0.176,0.514,0.0
101,feature_shift,gbm,split,post,0.2,0.6896666666666667,1.6536666666666666,0.49433333333333335,0.5056666666666667,0.5603506405933918,0.16096666666666665,0.475,0.0
101,feature_shift,gbm,rolling,pre,0.2,0.8006666666666666,1.866,0.358,0.642,0.664804469273743,0.17353333333333334,0.514,0.0
101,feature_shift,gbm,rolling,post,0.2,0.7883333333333333,2.011,0.32233333333333336,0.6776666666666666,0.5997931747673216,0.1285,0.475,0.0
101,feature_shift,gbm,weighted,pre,0.2,0.8006666666666666,1.8673333333333333,0.3606666666666667,0.6393333333333333,0.6654343807763401,0.17466666666666666,0.514,0.0
101,feature_shift,gbm,weighted,post,0.2,0.793,2.018,0.32133333333333336,0.6786666666666666,0.6016597510373444,0.12893333333333334,0.475,0.0
101,feature_shift,gbm,aci_split,pre,0.2,0.8,1.8706666666666667,0.36,0.64,0.662962962962963,0.1755333333333333,0.514,0.0
101,feature_shift,gbm,aci_split,post,0.2,0.795,2.033333333333333,0.315,0.685,0.6042328042328042,0.1264,0.475,0.0
101,feature_shift,gbm,aci_rolling,pre,0.2,0.802,1.8893333333333333,0.3566666666666667,0.6433333333333333,0.6523364485981309,0.16886666666666666,0.514,0.0
101,feature_shift,gbm,aci_rolling,post,0.2,0.7976666666666666,2.0403333333333333,0.31566666666666665,0.6843333333333333,0.6029567053854277,0.12693333333333331,0.475,0.0
101,missing_features,gbm,split,pre,0.2,0.7926666666666666,1.8426666666666667,0.36933333333333335,0.6306666666666667,0.6624548736462094,0.176,0.514,0.0
101,missing_features,gbm,split,post,0.2,0.774,1.8866666666666667,0.3383333333333333,0.6616666666666666,0.5901477832512315,0.12639999999999998,0.48433333333333334,0.0
101,missing_features,gbm,rolling,pre,0.2,0.8006666666666666,1.866,0.358,0.642,0.664804469273743,0.17353333333333334,0.514,0.0
101,missing_features,gbm,rolling,post,0.2,0.798,1.9753333333333334,0.298,0.702,0.6040268456375839,0.11710000000000001,0.48433333333333334,0.0
101,missing_features,gbm,weighted,pre,0.2,0.8006666666666666,1.8673333333333333,0.3606666666666667,0.6393333333333333,0.6654343807763401,0.17466666666666666,0.514,0.0
101,missing_features,gbm,weighted,post,0.2,0.7983333333333333,1.9856666666666667,0.291,0.7090000000000001,0.6059564719358533,0.114,0.48433333333333334,0.0
101,missing_features,gbm,aci_split,pre,0.2,0.8,1.8706666666666667,0.36,0.64,0.662962962962963,0.1755333333333333,0.514,0.0
101,missing_features,gbm,aci_split,post,0.2,0.7983333333333333,1.9793333333333334,0.295,0.7050000000000001,0.6090395480225989,0.11729999999999999,0.48433333333333334,0.0
101,missing_features,gbm,aci_rolling,pre,0.2,0.802,1.8893333333333333,0.3566666666666667,0.6433333333333333,0.6523364485981309,0.16886666666666666,0.514,0.0
101,missing_features,gbm,aci_rolling,post,0.2,0.7986666666666666,1.9893333333333334,0.29233333333333333,0.7076666666666667,0.6111744583808438,0.12029999999999999,0.48433333333333334,0.0
101,stale_features,gbm,split,pre,0.2,0.7926666666666666,1.8426666666666667,0.36933333333333335,0.6306666666666667,0.6624548736462094,0.176,0.514,0.0
101,stale_features,gbm,split,post,0.2,0.7016666666666667,1.871,0.3546666666666667,0.6453333333333333,0.49154135338345867,0.06453333333333335,0.418,0.0
101,stale_features,gbm,rolling,pre,0.2,0.8006666666666666,1.866,0.358,0.642,0.664804469273743,0.17353333333333334,0.514,0.0
101,stale_features,gbm,rolling,post,0.2,0.7946666666666666,2.1723333333333334,0.22566666666666665,0.7743333333333333,0.5288035450516987,0.05336666666666667,0.418,0.0
101,stale_features,gbm,weighted,pre,0.2,0.8006666666666666,1.8673333333333333,0.3606666666666667,0.6393333333333333,0.6654343807763401,0.17466666666666666,0.514,0.0
101,stale_features,gbm,weighted,post,0.2,0.795,2.175333333333333,0.225,0.775,0.5274074074074074,0.05276666666666667,0.418,0.0
101,stale_features,gbm,aci_split,pre,0.2,0.8,1.8706666666666667,0.36,0.64,0.662962962962963,0.1755333333333333,0.514,0.0
101,stale_features,gbm,aci_split,post,0.2,0.7973333333333333,2.1846666666666668,0.22133333333333333,0.7786666666666666,0.5195783132530121,0.04816666666666667,0.418,0.0
101,stale_features,gbm,aci_rolling,pre,0.2,0.802,1.8893333333333333,0.3566666666666667,0.6433333333333333,0.6523364485981309,0.16886666666666666,0.514,0.0
101,stale_features,gbm,aci_rolling,post,0.2,0.799,2.195333333333333,0.21966666666666668,0.7803333333333333,0.5159332321699545,0.04686666666666667,0.418,0.0
101,venue_change,gbm,split,pre,0.2,0.7926666666666666,1.8426666666666667,0.36933333333333335,0.6306666666666667,0.6624548736462094,0.176,0.514,0.0
101,venue_change,gbm,split,post,0.2,0.7773333333333333,1.915,0.33266666666666667,0.6673333333333333,0.6032064128256514,0.1298,0.47933333333333333,0.0
101,venue_change,gbm,rolling,pre,0.2,0.8006666666666666,1.866,0.358,0.642,0.664804469273743,0.17353333333333334,0.514,0.0
101,venue_change,gbm,rolling,post,0.2,0.7976666666666666,1.987,0.30366666666666664,0.6963333333333334,0.6147091108671789,0.12396666666666666,0.47933333333333333,0.0
101,venue_change,gbm,weighted,pre,0.2,0.8006666666666666,1.8673333333333333,0.3606666666666667,0.6393333333333333,0.6654343807763401,0.17466666666666666,0.514,0.0
101,venue_change,gbm,weighted,post,0.2,0.8016666666666666,2.0,0.298,0.702,0.6129753914988815,0.12016666666666667,0.47933333333333333,0.0
101,venue_change,gbm,aci_split,pre,0.2,0.8,1.8706666666666667,0.36,0.64,0.662962962962963,0.1755333333333333,0.514,0.0
101,venue_change,gbm,aci_split,post,0.2,0.799,1.9923333333333333,0.30366666666666664,0.6963333333333334,0.610318331503842,0.12173333333333333,0.47933333333333333,0.0
101,venue_change,gbm,aci_rolling,pre,0.2,0.802,1.8893333333333333,0.3566666666666667,0.6433333333333333,0.6523364485981309,0.16886666666666666,0.514,0.0
101,venue_change,gbm,aci_rolling,post,0.2,0.798,1.9993333333333334,0.303,0.6970000000000001,0.6116611661166117,0.12303333333333334,0.47933333333333333,0.0
101,rare_cluster,gbm,split,pre,0.2,0.7926666666666666,1.8426666666666667,0.36933333333333335,0.6306666666666667,0.6624548736462094,0.176,0.514,0.0
101,rare_cluster,gbm,split,post,0.2,0.7786666666666666,1.8436666666666666,0.369,0.631,0.6305329719963866,0.15486666666666668,0.5093333333333333,0.0
101,rare_cluster,gbm,rolling,pre,0.2,0.8006666666666666,1.866,0.358,0.642,0.664804469273743,0.17353333333333334,0.514,0.0
101,rare_cluster,gbm,rolling,post,0.2,0.7996666666666666,1.924,0.33366666666666667,0.6663333333333333,0.6413586413586414,0.14406666666666668,0.5093333333333333,0.0
101,rare_cluster,gbm,weighted,pre,0.2,0.8006666666666666,1.8673333333333333,0.3606666666666667,0.6393333333333333,0.6654343807763401,0.17466666666666666,0.514,0.0
101,rare_cluster,gbm,weighted,post,0.2,0.804,1.936,0.3253333333333333,0.6746666666666667,0.6475409836065574,0.14446666666666666,0.5093333333333333,0.0
101,rare_cluster,gbm,aci_split,pre,0.2,0.8,1.8706666666666667,0.36,0.64,0.662962962962963,0.1755333333333333,0.514,0.0
101,rare_cluster,gbm,aci_split,post,0.2,0.799,1.9273333333333333,0.3303333333333333,0.6696666666666666,0.6458123107971746,0.1474333333333333,0.5093333333333333,0.0
101,rare_cluster,gbm,aci_rolling,pre,0.2,0.802,1.8893333333333333,0.3566666666666667,0.6433333333333333,0.6523364485981309,0.16886666666666666,0.514,0.0
101,rare_cluster,gbm,aci_rolling,post,0.2,0.7983333333333333,1.9353333333333333,0.33066666666666666,0.6693333333333333,0.6491935483870968,0.1501,0.5093333333333333,0.0
101,iid_control,gbm,split,pre,0.2,0.8066666666666666,1.892,0.3473333333333333,0.6526666666666667,0.6852207293666027,0.1779333333333333,0.5153333333333333,0.0
101,iid_control,gbm,split,post,0.2,0.8093333333333333,1.879,0.3596666666666667,0.6403333333333333,0.7015755329008341,0.1930666666666667,0.5336666666666666,0.0
101,iid_control,gbm,rolling,pre,0.2,0.8013333333333333,1.8666666666666667,0.3586666666666667,0.6413333333333333,0.6784386617100372,0.1811333333333333,0.5153333333333333,0.0
101,iid_control,gbm,rolling,post,0.2,0.8023333333333333,1.857,0.37333333333333335,0.6266666666666667,0.6919642857142857,0.1940666666666667,0.5336666666666666,0.0
101,iid_control,gbm,weighted,pre,0.2,0.8026666666666666,1.8653333333333333,0.3586666666666667,0.6413333333333333,0.6821561338289963,0.182,0.5153333333333333,0.0
101,iid_control,gbm,weighted,post,0.2,0.806,1.8663333333333334,0.36866666666666664,0.6313333333333333,0.6943942133815552,0.19383333333333333,0.5336666666666666,0.0
101,iid_control,gbm,aci_split,pre,0.2,0.8026666666666666,1.868,0.358,0.642,0.6778398510242085,0.1795333333333333,0.5153333333333333,0.0
101,iid_control,gbm,aci_split,post,0.2,0.8006666666666666,1.851,0.37633333333333335,0.6236666666666666,0.6926483613817538,0.19596666666666665,0.5336666666666666,0.0
101,iid_control,gbm,aci_rolling,pre,0.2,0.8013333333333333,1.8586666666666667,0.366,0.634,0.6794171220400729,0.18380000000000002,0.5153333333333333,0.0
101,iid_control,gbm,aci_rolling,post,0.2,0.7993333333333333,1.846,0.37933333333333336,0.6206666666666667,0.6915641476274165,0.19616666666666666,0.5336666666666666,0.0
