seed,scenario,method,phase,alpha,coverage,worst_win_cov,cov_gap_abs,width,inf_rate,cov_lowvol,cov_highvol,alpha_final
100,none,gaussian,pre,0.1,0.7353333333333333,0.63,0.16466666666666674,2.7632444152937596,0.0,0.8574938574938575,0.5903790087463557,0.1
100,none,gaussian,post,0.1,0.764,0.68,0.136,2.7632444152937596,0.0,0.8716177317213587,0.615993665874901,0.1
100,none,split,pre,0.1,0.8806666666666667,0.81,0.019333333333333313,4.148963805961233,0.0,0.9705159705159705,0.7740524781341108,0.1
100,none,split,post,0.1,0.895,0.8333333333333334,0.0050000000000000044,4.148963805961233,0.0,0.9769717904432931,0.782264449722882,0.1
100,none,rolling,pre,0.1,0.8926666666666667,0.8366666666666667,0.007333333333333303,4.308257943358631,0.0,0.9680589680589681,0.8032069970845481,0.1
100,none,rolling,post,0.1,0.909,0.8166666666666667,0.009000000000000008,4.588613895577556,0.0,0.9781232009211284,0.8139350752177356,0.1
100,none,weighted,pre,0.1,0.89,0.8433333333333334,0.010000000000000009,4.279710195189573,0.0,0.9717444717444718,0.793002915451895,0.1
100,none,weighted,post,0.1,0.9113333333333333,0.8333333333333334,0.011333333333333306,4.457093753034115,0.0,0.9815774323546345,0.8147268408551069,0.1
100,none,aci_split,pre,0.1,0.8946666666666667,0.8333333333333334,0.005333333333333301,4.148963805961233,0.0,0.9631449631449631,0.8134110787172012,0.054499999999999965
100,none,aci_split,post,0.1,0.9086666666666666,0.85,0.0086666666666666,4.241950728124474,0.0,0.970063327576281,0.8242280285035629,0.18950000000000009
100,none,aci_rolling,pre,0.1,0.896,0.83,0.0040000000000000036,4.324919854472366,0.0,0.9582309582309583,0.8221574344023324,0.06449999999999997
100,none,aci_rolling,post,0.1,0.9063333333333333,0.86,0.006333333333333302,4.3711049075074815,0.0,0.9631548647092688,0.8281868566904196,0.16450000000000006
100,none,norm_split,pre,0.1,0.9,0.89,0.0,4.175373405453341,0.0,0.9422604422604423,0.8498542274052479,0.1
100,none,norm_split,post,0.1,0.91,0.8766666666666667,0.010000000000000009,4.167030004434223,0.0,0.952216465169833,0.8519398258115598,0.1
100,none,norm_aci,pre,0.1,0.8973333333333333,0.8833333333333333,0.002666666666666706,4.166939147147888,0.0,0.9312039312039312,0.8571428571428571,0.07449999999999998
100,none,norm_aci,post,0.1,0.902,0.88,0.0020000000000000018,4.113698239388138,0.0,0.9424294761082326,0.8463974663499604,0.10950000000000001
100,vol_jump,gaussian,pre,0.1,0.7353333333333333,0.63,0.16466666666666674,2.7632444152937596,0.0,0.8574938574938575,0.5903790087463557,0.1
100,vol_jump,gaussian,post,0.1,0.4796666666666667,0.38333333333333336,0.42033333333333334,2.7632444152937596,0.0,,0.4796666666666667,0.1
100,vol_jump,split,pre,0.1,0.8806666666666667,0.81,0.019333333333333313,4.148963805961233,0.0,0.9705159705159705,0.7740524781341108,0.1
100,vol_jump,split,post,0.1,0.6616666666666666,0.5633333333333334,0.2383333333333334,4.148963805961233,0.0,,0.6616666666666666,0.1
100,vol_jump,rolling,pre,0.1,0.8926666666666667,0.8366666666666667,0.007333333333333303,4.308257943358631,0.0,0.9680589680589681,0.8032069970845481,0.1
100,vol_jump,rolling,post,0.1,0.8896666666666667,0.7266666666666667,0.010333333333333306,7.656177402354479,0.0,,0.8896666666666667,0.1
100,vol_jump,weighted,pre,0.1,0.89,0.8433333333333334,0.010000000000000009,4.279710195189573,0.0,0.9717444717444718,0.793002915451895,0.1
100,vol_jump,weighted,post,0.1,0.8796666666666667,0.7066666666666667,0.020333333333333314,7.579924165404981,0.0,,0.8796666666666667,0.1
100,vol_jump,aci_split,pre,0.1,0.8946666666666667,0.8333333333333334,0.005333333333333301,4.148963805961233,0.0,0.9631449631449631,0.8134110787172012,0.054499999999999965
100,vol_jump,aci_split,post,0.1,0.8983333333333333,0.8633333333333333,0.0016666666666667052,6.777993554349731,0.133,,0.8983333333333333,0.03450000000000057
100,vol_jump,aci_rolling,pre,0.1,0.896,0.83,0.0040000000000000036,4.324919854472366,0.0,0.9582309582309583,0.8221574344023324,0.06449999999999997
100,vol_jump,aci_rolling,post,0.1,0.906,0.8633333333333333,0.006000000000000005,8.207500683285895,0.0,,0.906,0.15950000000000014
100,vol_jump,norm_split,pre,0.1,0.9,0.89,0.0,4.175373405453341,0.0,0.9422604422604423,0.8498542274052479,0.1
100,vol_jump,norm_split,post,0.1,0.907,0.8833333333333333,0.007000000000000006,7.6864454639700295,0.0,,0.907,0.1
100,vol_jump,norm_aci,pre,0.1,0.8973333333333333,0.8833333333333333,0.002666666666666706,4.166939147147888,0.0,0.9312039312039312,0.8571428571428571,0.07449999999999998
100,vol_jump,norm_aci,post,0.1,0.9023333333333333,0.89,0.0023333333333332984,7.545602215280068,0.0,,0.9023333333333333,0.11450000000000002
100,regime_transition,gaussian,pre,0.1,0.7353333333333333,0.63,0.16466666666666674,2.7632444152937596,0.0,0.8574938574938575,0.5903790087463557,0.1
100,regime_transition,gaussian,post,0.1,0.6053333333333333,0.5,0.29466666666666674,2.7632444152937596,0.0,0.671272308578008,0.5146476642913698,0.1
100,regime_transition,split,pre,0.1,0.8806666666666667,0.81,0.019333333333333313,4.148963805961233,0.0,0.9705159705159705,0.7740524781341108,0.1
100,regime_transition,split,post,0.1,0.7876666666666666,0.7233333333333334,0.1123333333333334,4.148963805961233,0.0,0.8474381116868164,0.7054631828978623,0.1
100,regime_transition,rolling,pre,0.1,0.8926666666666667,0.8366666666666667,0.007333333333333303,4.308257943358631,0.0,0.9680589680589681,0.8032069970845481,0.1
100,regime_transition,rolling,post,0.1,0.896,0.8666666666666667,0.0040000000000000036,5.794393361126405,0.0,0.9395509499136442,0.836104513064133,0.1
100,regime_transition,weighted,pre,0.1,0.89,0.8433333333333334,0.010000000000000009,4.279710195189573,0.0,0.9717444717444718,0.793002915451895,0.1
100,regime_transition,weighted,post,0.1,0.884,0.8366666666666667,0.016000000000000014,5.671543692706426,0.0,0.9303396660909614,0.8202692003167062,0.1
100,regime_transition,aci_split,pre,0.1,0.8946666666666667,0.8333333333333334,0.005333333333333301,4.148963805961233,0.0,0.9631449631449631,0.8134110787172012,0.054499999999999965
100,regime_transition,aci_split,post,0.1,0.8993333333333333,0.88,0.0006666666666667043,5.827190584120509,0.002,0.9349453080023028,0.850356294536817,0.044500000000000414
100,regime_transition,aci_rolling,pre,0.1,0.896,0.83,0.0040000000000000036,4.324919854472366,0.0,0.9582309582309583,0.8221574344023324,0.06449999999999997
100,regime_transition,aci_rolling,post,0.1,0.9036666666666666,0.88,0.003666666666666596,5.882129097392683,0.0,0.9412780656303973,0.8519398258115598,0.11950000000000002
100,regime_transition,norm_split,pre,0.1,0.9,0.89,0.0,4.175373405453341,0.0,0.9422604422604423,0.8498542274052479,0.1
100,regime_transition,norm_split,post,0.1,0.9013333333333333,0.8766666666666667,0.0013333333333332975,5.921881042916934,0.0,0.924006908462867,0.8701504354711006,0.1
100,regime_transition,norm_aci,pre,0.1,0.8973333333333333,0.8833333333333333,0.002666666666666706,4.166939147147888,0.0,0.9312039312039312,0.8571428571428571,0.07449999999999998
100,regime_transition,norm_aci,post,0.1,0.901,0.8766666666666667,0.0010000000000000009,5.967059039436075,0.0,0.9228554979850316,0.8709422011084719,0.0895
100,feature_shift,gaussian,pre,0.1,0.7353333333333333,0.63,0.16466666666666674,2.7632444152937596,0.0,0.8574938574938575,0.5903790087463557,0.1
100,feature_shift,gaussian,post,0.1,0.7,0.6066666666666667,0.20000000000000007,2.7632444152937596,0.0,0.8054116292458261,0.555027711797308,0.1
100,feature_shift,split,pre,0.1,0.8806666666666667,0.81,0.019333333333333313,4.148963805961233,0.0,0.9705159705159705,0.7740524781341108,0.1
100,feature_shift,split,post,0.1,0.8726666666666667,0.81,0.02733333333333332,4.148963805961233,0.0,0.9464594127806563,0.7711797307996833,0.1
100,feature_shift,rolling,pre,0.1,0.8926666666666667,0.8366666666666667,0.007333333333333303,4.308257943358631,0.0,0.9680589680589681,0.8032069970845481,0.1
100,feature_shift,rolling,post,0.1,0.9056666666666666,0.82,0.005666666666666598,4.8292068739007625,0.0,0.971790443293034,0.8147268408551069,0.1
100,feature_shift,weighted,pre,0.1,0.89,0.8433333333333334,0.010000000000000009,4.279710195189573,0.0,0.9717444717444718,0.793002915451895,0.1
100,feature_shift,weighted,post,0.1,0.905,0.84,0.0050000000000000044,4.661813005237538,0.0,0.9671848013816926,0.8194774346793349,0.1
100,feature_shift,aci_split,pre,0.1,0.8946666666666667,0.8333333333333334,0.005333333333333301,4.148963805961233,0.0,0.9631449631449631,0.8134110787172012,0.054499999999999965
100,feature_shift,aci_split,post,0.1,0.9056666666666666,0.84,0.005666666666666598,4.605607234917382,0.0,0.9608520437535981,0.8297703879651623,0.1445000000000001
100,feature_shift,aci_rolling,pre,0.1,0.896,0.83,0.0040000000000000036,4.324919854472366,0.0,0.9582309582309583,0.8221574344023324,0.06449999999999997
100,feature_shift,aci_rolling,post,0.1,0.9046666666666666,0.85,0.004666666666666597,4.730031464177125,0.0,0.9573978123200921,0.8321456848772764,0.14450000000000005
100,feature_shift,norm_split,pre,0.1,0.9,0.89,0.0,4.175373405453341,0.0,0.9422604422604423,0.8498542274052479,0.1
100,feature_shift,norm_split,post,0.1,0.9103333333333333,0.8833333333333333,0.010333333333333306,4.6716377790587,0.0,0.9458837075417387,0.8614410134600158,0.1
100,feature_shift,norm_aci,pre,0.1,0.8973333333333333,0.8833333333333333,0.002666666666666706,4.166939147147888,0.0,0.9312039312039312,0.8571428571428571,0.07449999999999998
100,feature_shift,norm_aci,post,0.1,0.9033333333333333,0.8866666666666667,0.0033333333333332993,4.50269158066509,0.0,0.9372481289579735,0.8566904196357878,0.13450000000000004
100,missing_features,gaussian,pre,0.1,0.7353333333333333,0.63,0.16466666666666674,2.7632444152937596,0.0,0.8574938574938575,0.5903790087463557,0.1
100,missing_features,gaussian,post,0.1,0.7203333333333334,0.6433333333333333,0.17966666666666664,2.7632444152937596,0.0,0.8157743235463443,0.5890736342042755,0.1
100,missing_features,split,pre,0.1,0.8806666666666667,0.81,0.019333333333333313,4.148963805961233,0.0,0.9705159705159705,0.7740524781341108,0.1
100,missing_features,split,post,0.1,0.8723333333333333,0.8,0.027666666666666728,4.148963805961233,0.0,0.9401266551525619,0.7790973871733967,0.1
100,missing_features,rolling,pre,0.1,0.8926666666666667,0.8366666666666667,0.007333333333333303,4.308257943358631,0.0,0.9680589680589681,0.8032069970845481,0.1
100,missing_features,rolling,post,0.1,0.906,0.85,0.006000000000000005,4.765914825307033,0.0,0.9573978123200921,0.8353127474267616,0.1
100,missing_features,weighted,pre,0.1,0.89,0.8433333333333334,0.010000000000000009,4.279710195189573,0.0,0.9717444717444718,0.793002915451895,0.1
100,missing_features,weighted,post,0.1,0.9066666666666666,0.8666666666666667,0.006666666666666599,4.608051004144375,0.0,0.9608520437535981,0.8321456848772764,0.1
100,missing_features,aci_split,pre,0.1,0.8946666666666667,0.8333333333333334,0.005333333333333301,4.148963805961233,0.0,0.9631449631449631,0.8134110787172012,0.054499999999999965
100,missing_features,aci_split,post,0.1,0.9043333333333333,0.8666666666666667,0.0043333333333333,4.477613346118116,0.0,0.9476108232584917,0.8448139350752177,0.11950000000000005
100,missing_features,aci_rolling,pre,0.1,0.896,0.83,0.0040000000000000036,4.324919854472366,0.0,0.9582309582309583,0.8221574344023324,0.06449999999999997
100,missing_features,aci_rolling,post,0.1,0.9033333333333333,0.8733333333333333,0.0033333333333332993,4.618778763269157,0.0,0.945308002302821,0.8456057007125891,0.11450000000000002
100,missing_features,norm_split,pre,0.1,0.9,0.89,0.0,4.175373405453341,0.0,0.9422604422604423,0.8498542274052479,0.1
100,missing_features,norm_split,post,0.1,0.905,0.8733333333333333,0.0050000000000000044,4.577926876931369,0.0,0.9383995394358089,0.8590657165479019,0.1
100,missing_features,norm_aci,pre,0.1,0.8973333333333333,0.8833333333333333,0.002666666666666706,4.166939147147888,0.0,0.9312039312039312,0.8571428571428571,0.07449999999999998
100,missing_features,norm_aci,post,0.1,0.9023333333333333,0.88,0.0023333333333332984,4.487666533379667,0.0,0.9320667818077144,0.8614410134600158,0.10950000000000001
100,stale_features,gaussian,pre,0.1,0.7353333333333333,0.63,0.16466666666666674,2.7632444152937596,0.0,0.8574938574938575,0.5903790087463557,0.1
100,stale_features,gaussian,post,0.1,0.6123333333333333,0.55,0.28766666666666674,2.7632444152937596,0.0,0.6701208981001727,0.5328582739509106,0.1
100,stale_features,split,pre,0.1,0.8806666666666667,0.81,0.019333333333333313,4.148963805961233,0.0,0.9705159705159705,0.7740524781341108,0.1
100,stale_features,split,post,0.1,0.7976666666666666,0.7433333333333333,0.10233333333333339,4.148963805961233,0.0,0.8491652274035694,0.7268408551068883,0.1
100,stale_features,rolling,pre,0.1,0.8926666666666667,0.8366666666666667,0.007333333333333303,4.308257943358631,0.0,0.9680589680589681,0.8032069970845481,0.1
100,stale_features,rolling,post,0.1,0.896,0.8633333333333333,0.0040000000000000036,5.400975239255692,0.0,0.9372481289579735,0.8392715756136183,0.1
100,stale_features,weighted,pre,0.1,0.89,0.8433333333333334,0.010000000000000009,4.279710195189573,0.0,0.9717444717444718,0.793002915451895,0.1
100,stale_features,weighted,post,0.1,0.8866666666666667,0.8433333333333334,0.013333333333333308,5.4236816226747395,0.0,0.9268854346574554,0.831353919239905,0.1
100,stale_features,aci_split,pre,0.1,0.8946666666666667,0.8333333333333334,0.005333333333333301,4.148963805961233,0.0,0.9631449631449631,0.8134110787172012,0.054499999999999965
100,stale_features,aci_split,post,0.1,0.8983333333333333,0.8766666666666667,0.0016666666666667052,5.397735568334984,0.0,0.9245826137017847,0.8622327790973872,0.0345000000000002
100,stale_features,aci_rolling,pre,0.1,0.896,0.83,0.0040000000000000036,4.324919854472366,0.0,0.9582309582309583,0.8221574344023324,0.06449999999999997
100,stale_features,aci_rolling,post,0.1,0.902,0.8733333333333333,0.0020000000000000018,5.576956853225624,0.0,0.9303396660909614,0.8630245447347585,0.0995
100,stale_features,norm_split,pre,0.1,0.9,0.89,0.0,4.175373405453341,0.0,0.9422604422604423,0.8498542274052479,0.1
100,stale_features,norm_split,post,0.1,0.9063333333333333,0.8733333333333333,0.006333333333333302,5.751080805337944,0.0,0.9217040875071963,0.885193982581156,0.1
100,stale_features,norm_aci,pre,0.1,0.8973333333333333,0.8833333333333333,0.002666666666666706,4.166939147147888,0.0,0.9312039312039312,0.8571428571428571,0.07449999999999998
100,stale_features,norm_aci,post,0.1,0.9003333333333333,0.8766666666666667,0.0003333333333332966,5.680987256457806,0.0,0.917098445595855,0.8772763262074426,0.08449999999999999
100,venue_change,gaussian,pre,0.1,0.7353333333333333,0.63,0.16466666666666674,2.7632444152937596,0.0,0.8574938574938575,0.5903790087463557,0.1
100,venue_change,gaussian,post,0.1,0.6996666666666667,0.5866666666666667,0.20033333333333336,2.7632444152937596,0.0,0.8048359240069085,0.555027711797308,0.1
100,venue_change,split,pre,0.1,0.8806666666666667,0.81,0.019333333333333313,4.148963805961233,0.0,0.9705159705159705,0.7740524781341108,0.1
100,venue_change,split,post,0.1,0.871,0.8066666666666666,0.029000000000000026,4.148963805961233,0.0,0.9481865284974094,0.7648456057007126,0.1
100,venue_change,rolling,pre,0.1,0.8926666666666667,0.8366666666666667,0.007333333333333303,4.308257943358631,0.0,0.9680589680589681,0.8032069970845481,0.1
100,venue_change,rolling,post,0.1,0.904,0.8233333333333334,0.0040000000000000036,4.75632768505662,0.0,0.9654576856649395,0.8194774346793349,0.1
100,venue_change,weighted,pre,0.1,0.89,0.8433333333333334,0.010000000000000009,4.279710195189573,0.0,0.9717444717444718,0.793002915451895,0.1
100,venue_change,weighted,post,0.1,0.9043333333333333,0.8433333333333334,0.0043333333333333,4.607361589021135,0.0,0.9654576856649395,0.8202692003167062,0.1
100,venue_change,aci_split,pre,0.1,0.8946666666666667,0.8333333333333334,0.005333333333333301,4.148963805961233,0.0,0.9631449631449631,0.8134110787172012,0.054499999999999965
100,venue_change,aci_split,post,0.1,0.9056666666666666,0.87,0.005666666666666598,4.619037535759195,0.0,0.9545192861255037,0.838479809976247,0.13950000000000004
100,venue_change,aci_rolling,pre,0.1,0.896,0.83,0.0040000000000000036,4.324919854472366,0.0,0.9582309582309583,0.8221574344023324,0.06449999999999997
100,venue_change,aci_rolling,post,0.1,0.905,0.8766666666666667,0.0050000000000000044,4.704557926755408,0.0,0.9499136442141624,0.8432304038004751,0.13950000000000004
100,venue_change,norm_split,pre,0.1,0.9,0.89,0.0,4.175373405453341,0.0,0.9422604422604423,0.8498542274052479,0.1
100,venue_change,norm_split,post,0.1,0.914,0.9,0.014000000000000012,4.6628376691944915,0.0,0.9407023603914796,0.8772763262074426,0.1
100,venue_change,norm_aci,pre,0.1,0.8973333333333333,0.8833333333333333,0.002666666666666706,4.166939147147888,0.0,0.9312039312039312,0.8571428571428571,0.07449999999999998
100,venue_change,norm_aci,post,0.1,0.902,0.88,0.0020000000000000018,4.506241343234815,0.0,0.9268854346574554,0.8677751385589866,0.10450000000000001
100,rare_cluster,gaussian,pre,0.1,0.7353333333333333,0.63,0.16466666666666674,2.7632444152937596,0.0,0.8574938574938575,0.5903790087463557,0.1
100,rare_cluster,gaussian,post,0.1,0.7453333333333333,0.65,0.15466666666666673,2.7632444152937596,0.0,0.8503166378814048,0.6009501187648456,0.1
100,rare_cluster,split,pre,0.1,0.8806666666666667,0.81,0.019333333333333313,4.148963805961233,0.0,0.9705159705159705,0.7740524781341108,0.1
100,rare_cluster,split,post,0.1,0.8793333333333333,0.8133333333333334,0.020666666666666722,4.148963805961233,0.0,0.9591249280368451,0.7695961995249406,0.1
100,rare_cluster,rolling,pre,0.1,0.8926666666666667,0.8366666666666667,0.007333333333333303,4.308257943358631,0.0,0.9680589680589681,0.8032069970845481,0.1
100,rare_cluster,rolling,post,0.1,0.9066666666666666,0.8133333333333334,0.006666666666666599,4.7378552141289525,0.0,0.9666090961427749,0.8242280285035629,0.1
100,rare_cluster,weighted,pre,0.1,0.89,0.8433333333333334,0.010000000000000009,4.279710195189573,0.0,0.9717444717444718,0.793002915451895,0.1
100,rare_cluster,weighted,post,0.1,0.9076666666666666,0.8333333333333334,0.0076666666666665995,4.643915918761151,0.0,0.970063327576281,0.8218527315914489,0.1
100,rare_cluster,aci_split,pre,0.1,0.8946666666666667,0.8333333333333334,0.005333333333333301,4.148963805961233,0.0,0.9631449631449631,0.8134110787172012,0.054499999999999965
100,rare_cluster,aci_split,post,0.1,0.908,0.8533333333333334,0.008000000000000007,4.48076229296688,0.0,0.9602763385146805,0.836104513064133,0.18450000000000008
100,rare_cluster,aci_rolling,pre,0.1,0.896,0.83,0.0040000000000000036,4.324919854472366,0.0,0.9582309582309583,0.8221574344023324,0.06449999999999997
100,rare_cluster,aci_rolling,post,0.1,0.907,0.86,0.007000000000000006,4.721166570742905,0.0,0.9556706966033391,0.8400633412509897,0.17950000000000008
100,rare_cluster,norm_split,pre,0.1,0.9,0.89,0.0,4.175373405453341,0.0,0.9422604422604423,0.8498542274052479,0.1
100,rare_cluster,norm_split,post,0.1,0.911,0.8833333333333333,0.01100000000000001,4.379037942316433,0.0,0.9493379389752447,0.8582739509105305,0.1
100,rare_cluster,norm_aci,pre,0.1,0.8973333333333333,0.8833333333333333,0.002666666666666706,4.166939147147888,0.0,0.9312039312039312,0.8571428571428571,0.07449999999999998
100,rare_cluster,norm_aci,post,0.1,0.9023333333333333,0.8833333333333333,0.0023333333333332984,4.187570109116846,0.0,0.9395509499136442,0.8511480601741884,0.11450000000000002
100,iid_control,gaussian,pre,0.1,0.746,0.7066666666666667,0.15400000000000003,2.8355669302483584,0.0,0.8675675675675676,0.6276315789473684,0.1
100,iid_control,gaussian,post,0.1,0.7543333333333333,0.7,0.14566666666666672,2.8355669302483584,0.0,0.8767488341105929,0.6317545030020013,0.1
100,iid_control,split,pre,0.1,0.906,0.8866666666666667,0.006000000000000005,4.3963649858575415,0.0,0.9837837837837838,0.8302631578947368,0.1
100,iid_control,split,post,0.1,0.9013333333333333,0.86,0.0013333333333332975,4.3963649858575415,0.0,0.9793471019320453,0.8232154769846565,0.1
100,iid_control,rolling,pre,0.1,0.9013333333333333,0.88,0.0013333333333332975,4.3475054310305845,0.0,0.981081081081081,0.8236842105263158,0.1
100,iid_control,rolling,post,0.1,0.8986666666666666,0.86,0.0013333333333334085,4.3318393334178165,0.0,0.9746835443037974,0.8225483655770514,0.1
100,iid_control,weighted,pre,0.1,0.904,0.88,0.0040000000000000036,4.3786244238962695,0.0,0.9837837837837838,0.8263157894736842,0.1
100,iid_control,weighted,post,0.1,0.9016666666666666,0.8633333333333333,0.0016666666666665941,4.34256665794469,0.0,0.9766822118587608,0.8265510340226818,0.1
100,iid_control,aci_split,pre,0.1,0.8993333333333333,0.8766666666666667,0.0006666666666667043,4.35979004918598,0.0,0.9824324324324324,0.8184210526315789,0.0895
100,iid_control,aci_split,post,0.1,0.9,0.87,0.0,4.324494018676328,0.0,0.9726848767488341,0.8272181454302868,0.0895
100,iid_control,aci_rolling,pre,0.1,0.8993333333333333,0.8766666666666667,0.0006666666666667043,4.353222078896137,0.0,0.9851351351351352,0.8157894736842105,0.0895
100,iid_control,aci_rolling,post,0.1,0.9,0.8666666666666667,0.0,4.309987597384492,0.0,0.9753497668221186,0.8245496997998666,0.0895
100,iid_control,norm_split,pre,0.1,0.8993333333333333,0.8733333333333333,0.0006666666666667043,4.458369957207367,0.0,0.9837837837837838,0.8171052631578948,0.1
100,iid_control,norm_split,post,0.1,0.8986666666666666,0.88,0.0013333333333334085,4.3950451953553715,0.0,0.9726848767488341,0.8245496997998666,0.1
100,iid_control,norm_aci,pre,0.1,0.9,0.8866666666666667,0.0,4.461205433612079,0.0,0.9837837837837838,0.8184210526315789,0.0945
100,iid_control,norm_aci,post,0.1,0.8993333333333333,0.88,0.0006666666666667043,4.401230645456684,0.0,0.9713524317121919,0.8272181454302868,0.08449999999999999
101,none,gaussian,pre,0.1,0.7586666666666667,0.6933333333333334,0.1413333333333333,2.807698607437325,0.0,0.8720200752823086,0.6301564722617354,0.1
101,none,gaussian,post,0.1,0.7376666666666667,0.65,0.16233333333333333,2.807698607437325,0.0,0.8762645914396887,0.6338192419825073,0.1
101,none,split,pre,0.1,0.9126666666666666,0.8666666666666667,0.012666666666666604,4.266226744613474,0.0,0.9786700125470514,0.8378378378378378,0.1
101,none,split,post,0.1,0.8816666666666667,0.7933333333333333,0.018333333333333313,4.266226744613474,0.0,0.9797665369649805,0.8081632653061225,0.1
101,none,rolling,pre,0.1,0.9026666666666666,0.86,0.002666666666666595,4.0992192306727055,0.0,0.973651191969887,0.8221906116642959,0.1
101,none,rolling,post,0.1,0.884,0.81,0.016000000000000014,4.3811925864059145,0.0,0.980544747081712,0.8116618075801749,0.1
101,none,weighted,pre,0.1,0.9046666666666666,0.87,0.004666666666666597,4.095516430351795,0.0,0.972396486825596,0.8278805120910384,0.1
101,none,weighted,post,0.1,0.8906666666666667,0.83,0.009333333333333305,4.373570645710376,0.0,0.977431906614786,0.8256559766763848,0.1
101,none,aci_split,pre,0.1,0.906,0.88,0.006000000000000005,4.192767134261438,0.0,0.9711417816813049,0.8321479374110953,0.13950000000000004
101,none,aci_split,post,0.1,0.8926666666666667,0.84,0.007333333333333303,4.427967716500208,0.0,0.9758754863813229,0.8303206997084548,0.03949999999999995
101,none,aci_rolling,pre,0.1,0.9066666666666666,0.88,0.006666666666666599,4.0992192306727055,0.0,0.9686323713927227,0.8364153627311522,0.14450000000000005
101,none,aci_rolling,post,0.1,0.8933333333333333,0.8166666666666667,0.00666666666666671,4.53363060640307,0.0,0.9782101167315175,0.8297376093294461,0.054499999999999965
101,none,norm_split,pre,0.1,0.8953333333333333,0.88,0.004666666666666708,4.038453902597576,0.0,0.9535759096612296,0.829302987197724,0.1
101,none,norm_split,post,0.1,0.9003333333333333,0.8666666666666667,0.0003333333333332966,4.701386356945891,0.0,0.9556420233463035,0.8588921282798834,0.1
101,none,norm_aci,pre,0.1,0.9013333333333333,0.8933333333333333,0.0013333333333332975,4.196757707492553,0.0,0.9523212045169385,0.8435277382645804,0.10450000000000001
101,none,norm_aci,post,0.1,0.8986666666666666,0.87,0.0013333333333334085,4.722710358808575,0.0,0.9431906614785992,0.8653061224489796,0.0895
101,vol_jump,gaussian,pre,0.1,0.7586666666666667,0.6933333333333334,0.1413333333333333,2.807698607437325,0.0,0.8720200752823086,0.6301564722617354,0.1
101,vol_jump,gaussian,post,0.1,0.44266666666666665,0.35333333333333333,0.45733333333333337,2.807698607437325,0.0,,0.44266666666666665,0.1
101,vol_jump,split,pre,0.1,0.9126666666666666,0.8666666666666667,0.012666666666666604,4.266226744613474,0.0,0.9786700125470514,0.8378378378378378,0.1
101,vol_jump,split,post,0.1,0.6313333333333333,0.56,0.2686666666666667,4.266226744613474,0.0,,0.6313333333333333,0.1
101,vol_jump,rolling,pre,0.1,0.9026666666666666,0.86,0.002666666666666595,4.0992192306727055,0.0,0.973651191969887,0.8221906116642959,0.1
101,vol_jump,rolling,post,0.1,0.8706666666666667,0.73,0.029333333333333322,8.266105657465936,0.0,,0.8706666666666667,0.1
101,vol_jump,weighted,pre,0.1,0.9046666666666666,0.87,0.004666666666666597,4.095516430351795,0.0,0.972396486825596,0.8278805120910384,0.1
101,vol_jump,weighted,post,0.1,0.864,0.73,0.03600000000000003,7.94417976484634,0.0,,0.864,0.1
101,vol_jump,aci_split,pre,0.1,0.906,0.88,0.006000000000000005,4.192767134261438,0.0,0.9711417816813049,0.8321479374110953,0.13950000000000004
101,vol_jump,aci_split,post,0.1,0.8903333333333333,0.8266666666666667,0.009666666666666712,7.779588682866448,0.15966666666666668,,0.8903333333333333,-0.005499999999999455
101,vol_jump,aci_rolling,pre,0.1,0.9066666666666666,0.88,0.006666666666666599,4.0992192306727055,0.0,0.9686323713927227,0.8364153627311522,0.14450000000000005
101,vol_jump,aci_rolling,post,0.1,0.8933333333333333,0.8166666666666667,0.00666666666666671,8.8730909812709,0.0,,0.8933333333333333,0.05450000000000002
101,vol_jump,norm_split,pre,0.1,0.8953333333333333,0.88,0.004666666666666708,4.038453902597576,0.0,0.9535759096612296,0.829302987197724,0.1
101,vol_jump,norm_split,post,0.1,0.898,0.84,0.0020000000000000018,8.859281583561181,0.0,,0.898,0.1
101,vol_jump,norm_aci,pre,0.1,0.9013333333333333,0.8933333333333333,0.0013333333333332975,4.196757707492553,0.0,0.9523212045169385,0.8435277382645804,0.10450000000000001
101,vol_jump,norm_aci,post,0.1,0.899,0.87,0.0010000000000000009,8.938227113705807,0.0,,0.899,0.0945
101,regime_transition,gaussian,pre,0.1,0.7586666666666667,0.6933333333333334,0.1413333333333333,2.807698607437325,0.0,0.8720200752823086,0.6301564722617354,0.1
101,regime_transition,gaussian,post,0.1,0.617,0.47333333333333333,0.28300000000000003,2.807698607437325,0.0,0.7143968871595331,0.5440233236151604,0.1
101,regime_transition,split,pre,0.1,0.9126666666666666,0.8666666666666667,0.012666666666666604,4.266226744613474,0.0,0.9786700125470514,0.8378378378378378,0.1
101,regime_transition,split,post,0.1,0.8026666666666666,0.6833333333333333,0.09733333333333338,4.266226744613474,0.0,0.890272373540856,0.7370262390670554,0.1
101,regime_transition,rolling,pre,0.1,0.9026666666666666,0.86,0.002666666666666595,4.0992192306727055,0.0,0.973651191969887,0.8221906116642959,0.1
101,regime_transition,rolling,post,0.1,0.884,0.8233333333333334,0.016000000000000014,5.596685439047201,0.0,0.9517509727626459,0.8332361516034985,0.1
101,regime_transition,weighted,pre,0.1,0.9046666666666666,0.87,0.004666666666666597,4.095516430351795,0.0,0.972396486825596,0.8278805120910384,0.1
101,regime_transition,weighted,post,0.1,0.8753333333333333,0.8,0.024666666666666726,5.5135183813927435,0.0,0.9424124513618677,0.8250728862973761,0.1
101,regime_transition,aci_split,pre,0.1,0.906,0.88,0.006000000000000005,4.192767134261438,0.0,0.9711417816813049,0.8321479374110953,0.13950000000000004
101,regime_transition,aci_split,post,0.1,0.8923333333333333,0.87,0.0076666666666667105,5.5784293481910465,0.0,0.9486381322957198,0.8501457725947522,0.029500000000000172
101,regime_transition,aci_rolling,pre,0.1,0.9066666666666666,0.88,0.006666666666666599,4.0992192306727055,0.0,0.9686323713927227,0.8364153627311522,0.14450000000000005
101,regime_transition,aci_rolling,post,0.1,0.8953333333333333,0.8566666666666667,0.004666666666666708,5.534804639087736,0.0,0.954863813229572,0.8507288629737609,0.08449999999999999
101,regime_transition,norm_split,pre,0.1,0.8953333333333333,0.88,0.004666666666666708,4.038453902597576,0.0,0.9535759096612296,0.829302987197724,0.1
101,regime_transition,norm_split,post,0.1,0.902,0.8733333333333333,0.0020000000000000018,5.774836620480976,0.0,0.9400778210116731,0.8734693877551021,0.1
101,regime_transition,norm_aci,pre,0.1,0.9013333333333333,0.8933333333333333,0.0013333333333332975,4.196757707492553,0.0,0.9523212045169385,0.8435277382645804,0.10450000000000001
101,regime_transition,norm_aci,post,0.1,0.9013333333333333,0.8833333333333333,0.0013333333333332975,5.77691969067751,0.0,0.9369649805447471,0.8746355685131195,0.13450000000000004
101,feature_shift,gaussian,pre,0.1,0.7586666666666667,0.6933333333333334,0.1413333333333333,2.807698607437325,0.0,0.8720200752823086,0.6301564722617354,0.1
101,feature_shift,gaussian,post,0.1,0.661,0.6033333333333334,0.239,2.807698607437325,0.0,0.7603112840466926,0.5865889212827988,0.1
101,feature_shift,split,pre,0.1,0.9126666666666666,0.8666666666666667,0.012666666666666604,4.266226744613474,0.0,0.9786700125470514,0.8378378378378378,0.1
101,feature_shift,split,post,0.1,0.8513333333333334,0.8066666666666666,0.048666666666666636,4.266226744613474,0.0,0.932295719844358,0.79067055393586,0.1
101,feature_shift,rolling,pre,0.1,0.9026666666666666,0.86,0.002666666666666595,4.0992192306727055,0.0,0.973651191969887,0.8221906116642959,0.1
101,feature_shift,rolling,post,0.1,0.888,0.83,0.01200000000000001,4.711023173961877,0.0,0.9649805447470817,0.8303206997084548,0.1
101,feature_shift,weighted,pre,0.1,0.9046666666666666,0.87,0.004666666666666597,4.095516430351795,0.0,0.972396486825596,0.8278805120910384,0.1
101,feature_shift,weighted,post,0.1,0.8866666666666667,0.85,0.013333333333333308,4.77217087576285,0.0,0.9595330739299611,0.8320699708454811,0.1
101,feature_shift,aci_split,pre,0.1,0.906,0.88,0.006000000000000005,4.192767134261438,0.0,0.9711417816813049,0.8321479374110953,0.13950000000000004
101,feature_shift,aci_split,post,0.1,0.893,0.8533333333333334,0.007000000000000006,4.758346088852922,0.0,0.9579766536964981,0.8443148688046648,0.039499999999999966
101,feature_shift,aci_rolling,pre,0.1,0.9066666666666666,0.88,0.006666666666666599,4.0992192306727055,0.0,0.9686323713927227,0.8364153627311522,0.14450000000000005
101,feature_shift,aci_rolling,post,0.1,0.8943333333333333,0.8466666666666667,0.005666666666666709,4.751564822893148,0.0,0.9618677042801557,0.8437317784256559,0.06449999999999997
101,feature_shift,norm_split,pre,0.1,0.8953333333333333,0.88,0.004666666666666708,4.038453902597576,0.0,0.9535759096612296,0.829302987197724,0.1
101,feature_shift,norm_split,post,0.1,0.9096666666666666,0.8933333333333333,0.009666666666666601,5.282430654067256,0.0,0.9431906614785992,0.8845481049562682,0.1
101,feature_shift,norm_aci,pre,0.1,0.9013333333333333,0.8933333333333333,0.0013333333333332975,4.196757707492553,0.0,0.9523212045169385,0.8435277382645804,0.10450000000000001
101,feature_shift,norm_aci,post,0.1,0.899,0.88,0.0010000000000000009,5.092876466656531,0.0,0.9330739299610895,0.8734693877551021,0.0945
101,missing_features,gaussian,pre,0.1,0.7586666666666667,0.6933333333333334,0.1413333333333333,2.807698607437325,0.0,0.8720200752823086,0.6301564722617354,0.1
101,missing_features,gaussian,post,0.1,0.6943333333333334,0.6133333333333333,0.20566666666666666,2.807698607437325,0.0,0.8147859922178988,0.6040816326530613,0.1
101,missing_features,split,pre,0.1,0.9126666666666666,0.8666666666666667,0.012666666666666604,4.266226744613474,0.0,0.9786700125470514,0.8378378378378378,0.1
101,missing_features,split,post,0.1,0.8606666666666667,0.7933333333333333,0.03933333333333333,4.266226744613474,0.0,0.9501945525291828,0.7935860058309038,0.1
101,missing_features,rolling,pre,0.1,0.9026666666666666,0.86,0.002666666666666595,4.0992192306727055,0.0,0.973651191969887,0.8221906116642959,0.1
101,missing_features,rolling,post,0.1,0.8836666666666667,0.8333333333333334,0.01633333333333331,4.754432936236692,0.0,0.9587548638132296,0.8274052478134111,0.1
101,missing_features,weighted,pre,0.1,0.9046666666666666,0.87,0.004666666666666597,4.095516430351795,0.0,0.972396486825596,0.8278805120910384,0.1
101,missing_features,weighted,post,0.1,0.886,0.83,0.014000000000000012,4.723537416979419,0.0,0.9603112840466926,0.8303206997084548,0.1
101,missing_features,aci_split,pre,0.1,0.906,0.88,0.006000000000000005,4.192767134261438,0.0,0.9711417816813049,0.8321479374110953,0.13950000000000004
101,missing_features,aci_split,post,0.1,0.8933333333333333,0.8566666666666667,0.00666666666666671,4.657698638200298,0.0,0.9587548638132296,0.8443148688046648,0.04949999999999999
101,missing_features,aci_rolling,pre,0.1,0.9066666666666666,0.88,0.006666666666666599,4.0992192306727055,0.0,0.9686323713927227,0.8364153627311522,0.14450000000000005
101,missing_features,aci_rolling,post,0.1,0.895,0.8366666666666667,0.0050000000000000044,4.778911173721557,0.0,0.9626459143968872,0.8443148688046648,0.07949999999999999
101,missing_features,norm_split,pre,0.1,0.8953333333333333,0.88,0.004666666666666708,4.038453902597576,0.0,0.9535759096612296,0.829302987197724,0.1
101,missing_features,norm_split,post,0.1,0.9033333333333333,0.87,0.0033333333333332993,5.035447132501847,0.0,0.9455252918287937,0.8717201166180758,0.1
101,missing_features,norm_aci,pre,0.1,0.9013333333333333,0.8933333333333333,0.0013333333333332975,4.196757707492553,0.0,0.9523212045169385,0.8435277382645804,0.10450000000000001
101,missing_features,norm_aci,post,0.1,0.8993333333333333,0.8666666666666667,0.0006666666666667043,5.12243876679066,0.0,0.9369649805447471,0.8711370262390671,0.10450000000000001
101,stale_features,gaussian,pre,0.1,0.7586666666666667,0.6933333333333334,0.1413333333333333,2.807698607437325,0.0,0.8720200752823086,0.6301564722617354,0.1
101,stale_features,gaussian,post,0.1,0.5973333333333334,0.5133333333333333,0.30266666666666664,2.807698607437325,0.0,0.6762645914396888,0.5381924198250729,0.1
101,stale_features,split,pre,0.1,0.9126666666666666,0.8666666666666667,0.012666666666666604,4.266226744613474,0.0,0.9786700125470514,0.8378378378378378,0.1
101,stale_features,split,post,0.1,0.7916666666666666,0.7,0.10833333333333339,4.266226744613474,0.0,0.863035019455253,0.7381924198250729,0.1
101,stale_features,rolling,pre,0.1,0.9026666666666666,0.86,0.002666666666666595,4.0992192306727055,0.0,0.973651191969887,0.8221906116642959,0.1
101,stale_features,rolling,post,0.1,0.8793333333333333,0.7866666666666666,0.020666666666666722,5.70366175371065,0.0,0.9315175097276265,0.8402332361516035,0.1
101,stale_features,weighted,pre,0.1,0.9046666666666666,0.87,0.004666666666666597,4.095516430351795,0.0,0.972396486825596,0.8278805120910384,0.1
101,stale_features,weighted,post,0.1,0.8766666666666667,0.81,0.023333333333333317,5.481220748027754,0.0,0.9291828793774319,0.8373177842565598,0.1
101,stale_features,aci_split,pre,0.1,0.906,0.88,0.006000000000000005,4.192767134261438,0.0,0.9711417816813049,0.8321479374110953,0.13950000000000004
101,stale_features,aci_split,post,0.1,0.8913333333333333,0.8366666666666667,0.008666666666666711,5.732747779521176,0.015,0.9315175097276265,0.8612244897959184,0.01950000000000018
101,stale_features,aci_rolling,pre,0.1,0.9066666666666666,0.88,0.006666666666666599,4.0992192306727055,0.0,0.9686323713927227,0.8364153627311522,0.14450000000000005
101,stale_features,aci_rolling,post,0.1,0.8946666666666667,0.8333333333333334,0.005333333333333301,5.970222694182301,0.0,0.935408560311284,0.8641399416909621,0.06949999999999998
101,stale_features,norm_split,pre,0.1,0.8953333333333333,0.88,0.004666666666666708,4.038453902597576,0.0,0.9535759096612296,0.829302987197724,0.1
101,stale_features,norm_split,post,0.1,0.898,0.8533333333333334,0.0020000000000000018,5.952401852361224,0.0,0.9182879377431906,0.882798833819242,0.1
101,stale_features,norm_aci,pre,0.1,0.9013333333333333,0.8933333333333333,0.0013333333333332975,4.196757707492553,0.0,0.9523212045169385,0.8435277382645804,0.10450000000000001
101,stale_features,norm_aci,post,0.1,0.899,0.8733333333333333,0.0010000000000000009,5.943764769457243,0.0,0.9159533073929961,0.8862973760932945,0.0945
101,venue_change,gaussian,pre,0.1,0.7586666666666667,0.6933333333333334,0.1413333333333333,2.807698607437325,0.0,0.8720200752823086,0.6301564722617354,0.1
101,venue_change,gaussian,post,0.1,0.692,0.5933333333333334,0.20800000000000007,2.807698607437325,0.0,0.8101167315175097,0.6034985422740525,0.1
101,venue_change,split,pre,0.1,0.9126666666666666,0.8666666666666667,0.012666666666666604,4.266226744613474,0.0,0.9786700125470514,0.8378378378378378,0.1
101,venue_change,split,post,0.1,0.862,0.79,0.038000000000000034,4.266226744613474,0.0,0.9463035019455253,0.7988338192419825,0.1
101,venue_change,rolling,pre,0.1,0.9026666666666666,0.86,0.002666666666666595,4.0992192306727055,0.0,0.973651191969887,0.8221906116642959,0.1
101,venue_change,rolling,post,0.1,0.8843333333333333,0.83,0.015666666666666718,4.71079933107876,0.0,0.9673151750972763,0.8221574344023324,0.1
101,venue_change,weighted,pre,0.1,0.9046666666666666,0.87,0.004666666666666597,4.095516430351795,0.0,0.972396486825596,0.8278805120910384,0.1
101,venue_change,weighted,post,0.1,0.888,0.8466666666666667,0.01200000000000001,4.678191613997836,0.0,0.9649805447470817,0.8303206997084548,0.1
101,venue_change,aci_split,pre,0.1,0.906,0.88,0.006000000000000005,4.192767134261438,0.0,0.9711417816813049,0.8321479374110953,0.13950000000000004
101,venue_change,aci_split,post,0.1,0.8923333333333333,0.8566666666666667,0.0076666666666667105,4.704407690799652,0.0,0.9603112840466926,0.841399416909621,0.03449999999999995
101,venue_change,aci_rolling,pre,0.1,0.9066666666666666,0.88,0.006666666666666599,4.0992192306727055,0.0,0.9686323713927227,0.8364153627311522,0.14450000000000005
101,venue_change,aci_rolling,post,0.1,0.8933333333333333,0.84,0.00666666666666671,4.900249795864308,0.0,0.9642023346303502,0.8402332361516035,0.04949999999999996
101,venue_change,norm_split,pre,0.1,0.8953333333333333,0.88,0.004666666666666708,4.038453902597576,0.0,0.9535759096612296,0.829302987197724,0.1
101,venue_change,norm_split,post,0.1,0.8966666666666666,0.8733333333333333,0.0033333333333334103,5.040155608114497,0.0,0.9400778210116731,0.8641399416909621,0.1
101,venue_change,norm_aci,pre,0.1,0.9013333333333333,0.8933333333333333,0.0013333333333332975,4.196757707492553,0.0,0.9523212045169385,0.8435277382645804,0.10450000000000001
101,venue_change,norm_aci,post,0.1,0.898,0.8733333333333333,0.0020000000000000018,5.150679828762433,0.0,0.9361867704280156,0.8693877551020408,0.07949999999999999
101,rare_cluster,gaussian,pre,0.1,0.7586666666666667,0.6933333333333334,0.1413333333333333,2.807698607437325,0.0,0.8720200752823086,0.6301564722617354,0.1
101,rare_cluster,gaussian,post,0.1,0.7213333333333334,0.6366666666666667,0.17866666666666664,2.807698607437325,0.0,0.8536964980544747,0.6221574344023324,0.1
101,rare_cluster,split,pre,0.1,0.9126666666666666,0.8666666666666667,0.012666666666666604,4.266226744613474,0.0,0.9786700125470514,0.8378378378378378,0.1
101,rare_cluster,split,post,0.1,0.8696666666666667,0.79,0.030333333333333323,4.266226744613474,0.0,0.9626459143968872,0.8,0.1
101,rare_cluster,rolling,pre,0.1,0.9026666666666666,0.86,0.002666666666666595,4.0992192306727055,0.0,0.973651191969887,0.8221906116642959,0.1
101,rare_cluster,rolling,post,0.1,0.8836666666666667,0.82,0.01633333333333331,4.566888331664594,0.0,0.9657587548638132,0.8221574344023324,0.1
101,rare_cluster,weighted,pre,0.1,0.9046666666666666,0.87,0.004666666666666597,4.095516430351795,0.0,0.972396486825596,0.8278805120910384,0.1
101,rare_cluster,weighted,post,0.1,0.8903333333333333,0.8466666666666667,0.009666666666666712,4.61691235301528,0.0,0.9649805447470817,0.8344023323615161,0.1
101,rare_cluster,aci_split,pre,0.1,0.906,0.88,0.006000000000000005,4.192767134261438,0.0,0.9711417816813049,0.8321479374110953,0.13950000000000004
101,rare_cluster,aci_split,post,0.1,0.8923333333333333,0.8566666666666667,0.0076666666666667105,4.6724269091245425,0.0,0.9610894941634242,0.8408163265306122,0.03449999999999995
101,rare_cluster,aci_rolling,pre,0.1,0.9066666666666666,0.88,0.006666666666666599,4.0992192306727055,0.0,0.9686323713927227,0.8364153627311522,0.14450000000000005
101,rare_cluster,aci_rolling,post,0.1,0.8933333333333333,0.84,0.00666666666666671,4.77913981809629,0.0,0.9603112840466926,0.8431486880466472,0.04949999999999996
101,rare_cluster,norm_split,pre,0.1,0.8953333333333333,0.88,0.004666666666666708,4.038453902597576,0.0,0.9535759096612296,0.829302987197724,0.1
101,rare_cluster,norm_split,post,0.1,0.901,0.87,0.0010000000000000009,4.923483900337523,0.0,0.9463035019455253,0.8670553935860058,0.1
101,rare_cluster,norm_aci,pre,0.1,0.9013333333333333,0.8933333333333333,0.0013333333333332975,4.196757707492553,0.0,0.9523212045169385,0.8435277382645804,0.10450000000000001
101,rare_cluster,norm_aci,post,0.1,0.899,0.87,0.0010000000000000009,4.932281461681972,0.0,0.9385214007782101,0.8693877551020408,0.0945
101,iid_control,gaussian,pre,0.1,0.7626666666666667,0.73,0.1373333333333333,2.852029903759559,0.0,0.90625,0.6243455497382199,0.1
101,iid_control,gaussian,post,0.1,0.7503333333333333,0.68,0.14966666666666673,2.852029903759559,0.0,0.8837820091923835,0.6127285037237644,0.1
101,iid_control,split,pre,0.1,0.904,0.8833333333333333,0.0040000000000000036,4.404042900940642,0.0,0.9864130434782609,0.824607329842932,0.1
101,iid_control,split,post,0.1,0.896,0.87,0.0040000000000000036,4.404042900940642,0.0,0.9776756401838477,0.8117806364251862,0.1
101,iid_control,rolling,pre,0.1,0.8946666666666667,0.8833333333333333,0.005333333333333301,4.1582688605549505,0.0,0.9836956521739131,0.8089005235602095,0.1
101,iid_control,rolling,post,0.1,0.9,0.8633333333333333,0.0,4.457501156318287,0.0,0.9803020354563362,0.8171970209884902,0.1
101,iid_control,weighted,pre,0.1,0.894,0.88,0.006000000000000005,4.180896760148511,0.0,0.9850543478260869,0.806282722513089,0.1
101,iid_control,weighted,post,0.1,0.9016666666666666,0.8733333333333333,0.0016666666666665941,4.4863728049126435,0.0,0.9803020354563362,0.8205822613405552,0.1
101,iid_control,aci_split,pre,0.1,0.898,0.8833333333333333,0.0020000000000000018,4.214234476483549,0.0,0.9836956521739131,0.8154450261780105,0.07949999999999999
101,iid_control,aci_split,post,0.1,0.8996666666666666,0.8766666666666667,0.00033333333333340764,4.4294716429529215,0.0,0.9776756401838477,0.8192281651997292,0.0895
101,iid_control,aci_rolling,pre,0.1,0.898,0.89,0.0020000000000000018,4.174675793321623,0.0,0.9809782608695652,0.8180628272251309,0.07949999999999999
101,iid_control,aci_rolling,post,0.1,0.899,0.8766666666666667,0.0010000000000000009,4.4521720229094415,0.0,0.9763624425476034,0.8192281651997292,0.07949999999999999
101,iid_control,norm_split,pre,0.1,0.8926666666666667,0.88,0.007333333333333303,4.260686319206151,0.0,0.9769021739130435,0.8115183246073299,0.1
101,iid_control,norm_split,post,0.1,0.8956666666666667,0.8733333333333333,0.0043333333333333,4.402030352421637,0.0,0.9757058437294813,0.8131347325660122,0.1
101,iid_control,norm_aci,pre,0.1,0.8973333333333333,0.8866666666666667,0.002666666666666706,4.364564737535629,0.0,0.9769021739130435,0.8206806282722513,0.07949999999999999
101,iid_control,norm_aci,post,0.1,0.8996666666666666,0.8766666666666667,0.00033333333333340764,4.415776447056301,0.0,0.9763624425476034,0.8205822613405552,0.07949999999999999
