seed,scenario,detector,threshold,far_pre,detected,delay,post_alarm_rate
6,none,ks_max,0.25933333333333336,0.0,False,,0.0
6,none,mahal_mean,6.768532319283857,0.0,True,1800.0,0.03333333333333333
6,none,domain_auc,0.6406875,0.0,False,,0.0
6,none,missing_rate,0.02,0.0,False,,0.0
6,none,repeat_rate,0.02,0.0,False,,0.0
6,none,loss_win,1.009560534144306,0.0,False,,0.0
6,vol_jump,ks_max,0.25933333333333336,0.0,False,,0.0
6,vol_jump,mahal_mean,6.768532319283857,0.0,True,1800.0,0.03333333333333333
6,vol_jump,domain_auc,0.6406875,0.0,False,,0.0
6,vol_jump,missing_rate,0.02,0.0,False,,0.0
6,vol_jump,repeat_rate,0.02,0.0,False,,0.0
6,vol_jump,loss_win,1.009560534144306,0.0,True,200.0,0.9
6,regime_transition,ks_max,0.25933333333333336,0.0,False,,0.0
6,regime_transition,mahal_mean,6.768532319283857,0.0,True,1800.0,0.03333333333333333
6,regime_transition,domain_auc,0.6406875,0.0,False,,0.0
6,regime_transition,missing_rate,0.02,0.0,False,,0.0
6,regime_transition,repeat_rate,0.02,0.0,False,,0.0
6,regime_transition,loss_win,1.009560534144306,0.0,True,500.0,0.8666666666666667
6,feature_shift,ks_max,0.25933333333333336,0.0,True,100.0,1.0
6,feature_shift,mahal_mean,6.768532319283857,0.0,True,100.0,1.0
6,feature_shift,domain_auc,0.6406875,0.0,True,200.0,0.9666666666666667
6,feature_shift,missing_rate,0.02,0.0,False,,0.0
6,feature_shift,repeat_rate,0.02,0.0,False,,0.0
6,feature_shift,loss_win,1.009560534144306,0.0,True,400.0,0.7666666666666667
6,missing_features,ks_max,0.25933333333333336,0.0,False,,0.0
6,missing_features,mahal_mean,6.768532319283857,0.0,False,,0.0
6,missing_features,domain_auc,0.6406875,0.0,True,400.0,0.16666666666666666
6,missing_features,missing_rate,0.02,0.0,True,100.0,1.0
6,missing_features,repeat_rate,0.02,0.0,False,,0.0
6,missing_features,loss_win,1.009560534144306,0.0,True,400.0,0.2
6,stale_features,ks_max,0.25933333333333336,0.0,True,700.0,0.36666666666666664
6,stale_features,mahal_mean,6.768532319283857,0.0,True,1200.0,0.1
6,stale_features,domain_auc,0.6406875,0.0,True,1000.0,0.03333333333333333
6,stale_features,missing_rate,0.02,0.0,False,,0.0
6,stale_features,repeat_rate,0.02,0.0,True,100.0,1.0
6,stale_features,loss_win,1.009560534144306,0.0,True,200.0,0.9666666666666667
6,venue_change,ks_max,0.25933333333333336,0.0,True,200.0,0.8333333333333334
6,venue_change,mahal_mean,6.768532319283857,0.0,True,200.0,0.9666666666666667
6,venue_change,domain_auc,0.6406875,0.0,True,100.0,1.0
6,venue_change,missing_rate,0.02,0.0,False,,0.0
6,venue_change,repeat_rate,0.02,0.0,False,,0.0
6,venue_change,loss_win,1.009560534144306,0.0,True,200.0,0.8
6,rare_cluster,ks_max,0.25933333333333336,0.0,False,,0.0
6,rare_cluster,mahal_mean,6.768532319283857,0.0,True,1700.0,0.13333333333333333
6,rare_cluster,domain_auc,0.6406875,0.0,False,,0.0
6,rare_cluster,missing_rate,0.02,0.0,False,,0.0
6,rare_cluster,repeat_rate,0.02,0.0,False,,0.0
6,rare_cluster,loss_win,1.009560534144306,0.0,True,400.0,0.23333333333333334
7,none,ks_max,0.238,0.07142857142857142,True,3000.0,0.03333333333333333
7,none,mahal_mean,6.965867782915564,0.14285714285714285,True,2400.0,0.1
7,none,domain_auc,0.5890624999999999,0.14285714285714285,True,700.0,0.1
7,none,missing_rate,0.02,0.0,False,,0.0
7,none,repeat_rate,0.02,0.0,False,,0.0
7,none,loss_win,1.0311215899016013,0.0,False,,0.0
7,vol_jump,ks_max,0.238,0.07142857142857142,True,3000.0,0.03333333333333333
7,vol_jump,mahal_mean,6.965867782915564,0.14285714285714285,True,2400.0,0.1
7,vol_jump,domain_auc,0.5890624999999999,0.14285714285714285,True,700.0,0.1
7,vol_jump,missing_rate,0.02,0.0,False,,0.0
7,vol_jump,repeat_rate,0.02,0.0,False,,0.0
7,vol_jump,loss_win,1.0311215899016013,0.0,True,200.0,0.8666666666666667
7,regime_transition,ks_max,0.238,0.07142857142857142,True,3000.0,0.03333333333333333
7,regime_transition,mahal_mean,6.965867782915564,0.14285714285714285,True,2400.0,0.1
7,regime_transition,domain_auc,0.5890624999999999,0.14285714285714285,True,700.0,0.1
7,regime_transition,missing_rate,0.02,0.0,False,,0.0
7,regime_transition,repeat_rate,0.02,0.0,False,,0.0
7,regime_transition,loss_win,1.0311215899016013,0.0,True,600.0,0.8333333333333334
7,feature_shift,ks_max,0.238,0.07142857142857142,True,100.0,1.0
7,feature_shift,mahal_mean,6.965867782915564,0.14285714285714285,True,100.0,1.0
7,feature_shift,domain_auc,0.5890624999999999,0.14285714285714285,True,200.0,0.9666666666666667
7,feature_shift,missing_rate,0.02,0.0,False,,0.0
7,feature_shift,repeat_rate,0.02,0.0,False,,0.0
7,feature_shift,loss_win,1.0311215899016013,0.0,True,200.0,0.9666666666666667
7,missing_features,ks_max,0.238,0.07142857142857142,True,3000.0,0.03333333333333333
7,missing_features,mahal_mean,6.965867782915564,0.14285714285714285,False,,0.0
7,missing_features,domain_auc,0.5890624999999999,0.14285714285714285,True,200.0,0.6333333333333333
7,missing_features,missing_rate,0.02,0.0,True,100.0,1.0
7,missing_features,repeat_rate,0.02,0.0,False,,0.0
7,missing_features,loss_win,1.0311215899016013,0.0,True,400.0,0.16666666666666666
7,stale_features,ks_max,0.238,0.07142857142857142,True,500.0,0.3
7,stale_features,mahal_mean,6.965867782915564,0.14285714285714285,True,200.0,0.3333333333333333
7,stale_features,domain_auc,0.5890624999999999,0.14285714285714285,True,2200.0,0.06666666666666667
7,stale_features,missing_rate,0.02,0.0,False,,0.0
7,stale_features,repeat_rate,0.02,0.0,True,100.0,1.0
7,stale_features,loss_win,1.0311215899016013,0.0,True,100.0,1.0
7,venue_change,ks_max,0.238,0.07142857142857142,True,100.0,0.9666666666666667
7,venue_change,mahal_mean,6.965867782915564,0.14285714285714285,True,100.0,1.0
7,venue_change,domain_auc,0.5890624999999999,0.14285714285714285,True,200.0,0.9666666666666667
7,venue_change,missing_rate,0.02,0.0,False,,0.0
7,venue_change,repeat_rate,0.02,0.0,False,,0.0
7,venue_change,loss_win,1.0311215899016013,0.0,True,300.0,0.8
7,rare_cluster,ks_max,0.238,0.07142857142857142,True,3000.0,0.03333333333333333
7,rare_cluster,mahal_mean,6.965867782915564,0.14285714285714285,True,1000.0,0.2
7,rare_cluster,domain_auc,0.5890624999999999,0.14285714285714285,True,700.0,0.13333333333333333
7,rare_cluster,missing_rate,0.02,0.0,False,,0.0
7,rare_cluster,repeat_rate,0.02,0.0,False,,0.0
7,rare_cluster,loss_win,1.0311215899016013,0.0,True,2000.0,0.2
8,none,ks_max,0.217,0.0,False,,0.0
8,none,mahal_mean,7.238229965742027,0.0,False,,0.0
8,none,domain_auc,0.661575,0.0,False,,0.0
8,none,missing_rate,0.02,0.0,False,,0.0
8,none,repeat_rate,0.02,0.0,False,,0.0
8,none,loss_win,0.9881251741114438,0.21428571428571427,True,1800.0,0.03333333333333333
8,vol_jump,ks_max,0.217,0.0,False,,0.0
8,vol_jump,mahal_mean,7.238229965742027,0.0,False,,0.0
8,vol_jump,domain_auc,0.661575,0.0,False,,0.0
8,vol_jump,missing_rate,0.02,0.0,False,,0.0
8,vol_jump,repeat_rate,0.02,0.0,False,,0.0
8,vol_jump,loss_win,0.9881251741114438,0.21428571428571427,True,100.0,0.9666666666666667
8,regime_transition,ks_max,0.217,0.0,False,,0.0
8,regime_transition,mahal_mean,7.238229965742027,0.0,False,,0.0
8,regime_transition,domain_auc,0.661575,0.0,False,,0.0
8,regime_transition,missing_rate,0.02,0.0,False,,0.0
8,regime_transition,repeat_rate,0.02,0.0,False,,0.0
8,regime_transition,loss_win,0.9881251741114438,0.21428571428571427,True,600.0,0.8333333333333334
8,feature_shift,ks_max,0.217,0.0,True,100.0,1.0
8,feature_shift,mahal_mean,7.238229965742027,0.0,True,100.0,1.0
8,feature_shift,domain_auc,0.661575,0.0,True,200.0,0.9666666666666667
8,feature_shift,missing_rate,0.02,0.0,False,,0.0
8,feature_shift,repeat_rate,0.02,0.0,False,,0.0
8,feature_shift,loss_win,0.9881251741114438,0.21428571428571427,True,100.0,1.0
8,missing_features,ks_max,0.217,0.0,False,,0.0
8,missing_features,mahal_mean,7.238229965742027,0.0,False,,0.0
8,missing_features,domain_auc,0.661575,0.0,True,200.0,0.16666666666666666
8,missing_features,missing_rate,0.02,0.0,True,100.0,1.0
8,missing_features,repeat_rate,0.02,0.0,False,,0.0
8,missing_features,loss_win,0.9881251741114438,0.21428571428571427,True,100.0,0.5333333333333333
8,stale_features,ks_max,0.217,0.0,True,300.0,0.43333333333333335
8,stale_features,mahal_mean,7.238229965742027,0.0,True,1400.0,0.1
8,stale_features,domain_auc,0.661575,0.0,False,,0.0
8,stale_features,missing_rate,0.02,0.0,False,,0.0
8,stale_features,repeat_rate,0.02,0.0,True,100.0,1.0
8,stale_features,loss_win,0.9881251741114438,0.21428571428571427,True,100.0,1.0
8,venue_change,ks_max,0.217,0.0,True,100.0,1.0
8,venue_change,mahal_mean,7.238229965742027,0.0,True,100.0,1.0
8,venue_change,domain_auc,0.661575,0.0,True,200.0,0.9666666666666667
8,venue_change,missing_rate,0.02,0.0,False,,0.0
8,venue_change,repeat_rate,0.02,0.0,False,,0.0
8,venue_change,loss_win,0.9881251741114438,0.21428571428571427,True,100.0,0.9666666666666667
8,rare_cluster,ks_max,0.217,0.0,False,,0.0
8,rare_cluster,mahal_mean,7.238229965742027,0.0,True,2500.0,0.03333333333333333
8,rare_cluster,domain_auc,0.661575,0.0,False,,0.0
8,rare_cluster,missing_rate,0.02,0.0,False,,0.0
8,rare_cluster,repeat_rate,0.02,0.0,False,,0.0
8,rare_cluster,loss_win,0.9881251741114438,0.21428571428571427,True,300.0,0.26666666666666666
9,none,ks_max,0.20533333333333334,0.07142857142857142,True,100.0,0.23333333333333334
9,none,mahal_mean,7.0998139661126505,0.0,False,,0.0
9,none,domain_auc,0.61285,0.0,True,1300.0,0.03333333333333333
9,none,missing_rate,0.02,0.0,False,,0.0
9,none,repeat_rate,0.02,0.0,False,,0.0
9,none,loss_win,0.999803364454751,0.0,False,,0.0
9,vol_jump,ks_max,0.20533333333333334,0.07142857142857142,True,100.0,0.23333333333333334
9,vol_jump,mahal_mean,7.0998139661126505,0.0,False,,0.0
9,vol_jump,domain_auc,0.61285,0.0,True,1300.0,0.03333333333333333
9,vol_jump,missing_rate,0.02,0.0,False,,0.0
9,vol_jump,repeat_rate,0.02,0.0,False,,0.0
9,vol_jump,loss_win,0.999803364454751,0.0,True,200.0,0.9333333333333333
9,regime_transition,ks_max,0.20533333333333334,0.07142857142857142,True,100.0,0.23333333333333334
9,regime_transition,mahal_mean,7.0998139661126505,0.0,False,,0.0
9,regime_transition,domain_auc,0.61285,0.0,True,1300.0,0.03333333333333333
9,regime_transition,missing_rate,0.02,0.0,False,,0.0
9,regime_transition,repeat_rate,0.02,0.0,False,,0.0
9,regime_transition,loss_win,0.999803364454751,0.0,True,400.0,0.9
9,feature_shift,ks_max,0.20533333333333334,0.07142857142857142,True,100.0,1.0
9,feature_shift,mahal_mean,7.0998139661126505,0.0,True,100.0,1.0
9,feature_shift,domain_auc,0.61285,0.0,True,200.0,0.9666666666666667
9,feature_shift,missing_rate,0.02,0.0,False,,0.0
9,feature_shift,repeat_rate,0.02,0.0,False,,0.0
9,feature_shift,loss_win,0.999803364454751,0.0,True,300.0,0.7333333333333333
9,missing_features,ks_max,0.20533333333333334,0.07142857142857142,True,100.0,0.3
9,missing_features,mahal_mean,7.0998139661126505,0.0,False,,0.0
9,missing_features,domain_auc,0.61285,0.0,True,200.0,0.6666666666666666
9,missing_features,missing_rate,0.02,0.0,True,100.0,1.0
9,missing_features,repeat_rate,0.02,0.0,False,,0.0
9,missing_features,loss_win,0.999803364454751,0.0,True,400.0,0.3333333333333333
9,stale_features,ks_max,0.20533333333333334,0.07142857142857142,True,100.0,0.7666666666666667
9,stale_features,mahal_mean,7.0998139661126505,0.0,False,,0.0
9,stale_features,domain_auc,0.61285,0.0,True,2300.0,0.06666666666666667
9,stale_features,missing_rate,0.02,0.0,False,,0.0
9,stale_features,repeat_rate,0.02,0.0,True,100.0,1.0
9,stale_features,loss_win,0.999803364454751,0.0,True,200.0,0.9666666666666667
9,venue_change,ks_max,0.20533333333333334,0.07142857142857142,True,200.0,0.9666666666666667
9,venue_change,mahal_mean,7.0998139661126505,0.0,True,200.0,0.9666666666666667
9,venue_change,domain_auc,0.61285,0.0,True,200.0,0.9666666666666667
9,venue_change,missing_rate,0.02,0.0,False,,0.0
9,venue_change,repeat_rate,0.02,0.0,False,,0.0
9,venue_change,loss_win,0.999803364454751,0.0,True,300.0,0.8333333333333334
9,rare_cluster,ks_max,0.20533333333333334,0.07142857142857142,True,100.0,0.13333333333333333
9,rare_cluster,mahal_mean,7.0998139661126505,0.0,False,,0.0
9,rare_cluster,domain_auc,0.61285,0.0,True,1300.0,0.03333333333333333
9,rare_cluster,missing_rate,0.02,0.0,False,,0.0
9,rare_cluster,repeat_rate,0.02,0.0,False,,0.0
9,rare_cluster,loss_win,0.999803364454751,0.0,True,300.0,0.3
10,none,ks_max,0.24033333333333334,0.0,False,,0.0
10,none,mahal_mean,7.271415766821844,0.0,False,,0.0
10,none,domain_auc,0.6449750000000001,0.0,False,,0.0
10,none,missing_rate,0.02,0.0,False,,0.0
10,none,repeat_rate,0.02,0.0,False,,0.0
10,none,loss_win,0.9841383520437219,0.07142857142857142,True,400.0,0.1
10,vol_jump,ks_max,0.24033333333333334,0.0,False,,0.0
10,vol_jump,mahal_mean,7.271415766821844,0.0,False,,0.0
10,vol_jump,domain_auc,0.6449750000000001,0.0,False,,0.0
10,vol_jump,missing_rate,0.02,0.0,False,,0.0
10,vol_jump,repeat_rate,0.02,0.0,False,,0.0
10,vol_jump,loss_win,0.9841383520437219,0.07142857142857142,True,100.0,0.9666666666666667
10,regime_transition,ks_max,0.24033333333333334,0.0,False,,0.0
10,regime_transition,mahal_mean,7.271415766821844,0.0,False,,0.0
10,regime_transition,domain_auc,0.6449750000000001,0.0,False,,0.0
10,regime_transition,missing_rate,0.02,0.0,False,,0.0
10,regime_transition,repeat_rate,0.02,0.0,False,,0.0
10,regime_transition,loss_win,0.9841383520437219,0.07142857142857142,True,300.0,0.9333333333333333
10,feature_shift,ks_max,0.24033333333333334,0.0,True,100.0,1.0
10,feature_shift,mahal_mean,7.271415766821844,0.0,True,100.0,1.0
10,feature_shift,domain_auc,0.6449750000000001,0.0,True,200.0,0.9666666666666667
10,feature_shift,missing_rate,0.02,0.0,False,,0.0
10,feature_shift,repeat_rate,0.02,0.0,False,,0.0
10,feature_shift,loss_win,0.9841383520437219,0.07142857142857142,True,100.0,0.9
10,missing_features,ks_max,0.24033333333333334,0.0,True,1800.0,0.03333333333333333
10,missing_features,mahal_mean,7.271415766821844,0.0,False,,0.0
10,missing_features,domain_auc,0.6449750000000001,0.0,True,200.0,0.3333333333333333
10,missing_features,missing_rate,0.02,0.0,True,100.0,1.0
10,missing_features,repeat_rate,0.02,0.0,False,,0.0
10,missing_features,loss_win,0.9841383520437219,0.07142857142857142,True,200.0,0.7
10,stale_features,ks_max,0.24033333333333334,0.0,True,500.0,0.4
10,stale_features,mahal_mean,7.271415766821844,0.0,True,2300.0,0.03333333333333333
10,stale_features,domain_auc,0.6449750000000001,0.0,True,800.0,0.06666666666666667
10,stale_features,missing_rate,0.02,0.0,False,,0.0
10,stale_features,repeat_rate,0.02,0.0,True,100.0,1.0
10,stale_features,loss_win,0.9841383520437219,0.07142857142857142,True,200.0,0.9666666666666667
10,venue_change,ks_max,0.24033333333333334,0.0,True,200.0,0.8333333333333334
10,venue_change,mahal_mean,7.271415766821844,0.0,True,200.0,0.9666666666666667
10,venue_change,domain_auc,0.6449750000000001,0.0,True,200.0,0.9666666666666667
10,venue_change,missing_rate,0.02,0.0,False,,0.0
10,venue_change,repeat_rate,0.02,0.0,False,,0.0
10,venue_change,loss_win,0.9841383520437219,0.07142857142857142,True,100.0,0.9666666666666667
10,rare_cluster,ks_max,0.24033333333333334,0.0,False,,0.0
10,rare_cluster,mahal_mean,7.271415766821844,0.0,True,200.0,0.03333333333333333
10,rare_cluster,domain_auc,0.6449750000000001,0.0,False,,0.0
10,rare_cluster,missing_rate,0.02,0.0,False,,0.0
10,rare_cluster,repeat_rate,0.02,0.0,False,,0.0
10,rare_cluster,loss_win,0.9841383520437219,0.07142857142857142,True,200.0,0.6333333333333333
11,none,ks_max,0.244,0.07142857142857142,False,,0.0
11,none,mahal_mean,6.6874598780974575,0.21428571428571427,True,1000.0,0.03333333333333333
11,none,domain_auc,0.6283875,0.0,False,,0.0
11,none,missing_rate,0.02,0.0,False,,0.0
11,none,repeat_rate,0.02,0.0,False,,0.0
11,none,loss_win,1.0072922310171295,0.0,True,400.0,0.13333333333333333
11,vol_jump,ks_max,0.244,0.07142857142857142,False,,0.0
11,vol_jump,mahal_mean,6.6874598780974575,0.21428571428571427,True,1000.0,0.03333333333333333
11,vol_jump,domain_auc,0.6283875,0.0,False,,0.0
11,vol_jump,missing_rate,0.02,0.0,False,,0.0
11,vol_jump,repeat_rate,0.02,0.0,False,,0.0
11,vol_jump,loss_win,1.0072922310171295,0.0,True,100.0,0.9666666666666667
11,regime_transition,ks_max,0.244,0.07142857142857142,False,,0.0
11,regime_transition,mahal_mean,6.6874598780974575,0.21428571428571427,True,1000.0,0.03333333333333333
11,regime_transition,domain_auc,0.6283875,0.0,False,,0.0
11,regime_transition,missing_rate,0.02,0.0,False,,0.0
11,regime_transition,repeat_rate,0.02,0.0,False,,0.0
11,regime_transition,loss_win,1.0072922310171295,0.0,True,300.0,0.9
11,feature_shift,ks_max,0.244,0.07142857142857142,True,100.0,1.0
11,feature_shift,mahal_mean,6.6874598780974575,0.21428571428571427,True,100.0,1.0
11,feature_shift,domain_auc,0.6283875,0.0,True,200.0,0.9666666666666667
11,feature_shift,missing_rate,0.02,0.0,False,,0.0
11,feature_shift,repeat_rate,0.02,0.0,False,,0.0
11,feature_shift,loss_win,1.0072922310171295,0.0,True,100.0,1.0
11,missing_features,ks_max,0.244,0.07142857142857142,False,,0.0
11,missing_features,mahal_mean,6.6874598780974575,0.21428571428571427,False,,0.0
11,missing_features,domain_auc,0.6283875,0.0,True,200.0,0.6
11,missing_features,missing_rate,0.02,0.0,True,100.0,1.0
11,missing_features,repeat_rate,0.02,0.0,False,,0.0
11,missing_features,loss_win,1.0072922310171295,0.0,True,200.0,0.5666666666666667
11,stale_features,ks_max,0.244,0.07142857142857142,True,200.0,0.5666666666666667
11,stale_features,mahal_mean,6.6874598780974575,0.21428571428571427,True,1300.0,0.1
11,stale_features,domain_auc,0.6283875,0.0,True,1300.0,0.06666666666666667
11,stale_features,missing_rate,0.02,0.0,False,,0.0
11,stale_features,repeat_rate,0.02,0.0,True,100.0,1.0
11,stale_features,loss_win,1.0072922310171295,0.0,True,100.0,1.0
11,venue_change,ks_max,0.244,0.07142857142857142,True,200.0,0.8666666666666667
11,venue_change,mahal_mean,6.6874598780974575,0.21428571428571427,True,100.0,1.0
11,venue_change,domain_auc,0.6283875,0.0,True,200.0,0.9666666666666667
11,venue_change,missing_rate,0.02,0.0,False,,0.0
11,venue_change,repeat_rate,0.02,0.0,False,,0.0
11,venue_change,loss_win,1.0072922310171295,0.0,True,100.0,0.9333333333333333
11,rare_cluster,ks_max,0.244,0.07142857142857142,False,,0.0
11,rare_cluster,mahal_mean,6.6874598780974575,0.21428571428571427,True,100.0,0.26666666666666666
11,rare_cluster,domain_auc,0.6283875,0.0,False,,0.0
11,rare_cluster,missing_rate,0.02,0.0,False,,0.0
11,rare_cluster,repeat_rate,0.02,0.0,False,,0.0
11,rare_cluster,loss_win,1.0072922310171295,0.0,True,200.0,0.43333333333333335
