task,rep,base,coverage,set_size
credit-g,0,lr,0.82,1.185
credit-g,0,gbm,0.815,1.215
credit-g,1,lr,0.865,1.235
credit-g,1,gbm,0.805,1.145
credit-g,2,lr,0.81,1.15
credit-g,2,gbm,0.74,1.06
credit-g,3,lr,0.8,1.105
credit-g,3,gbm,0.77,1.11
credit-g,4,lr,0.775,1.165
credit-g,4,gbm,0.785,1.145
credit-g,5,lr,0.775,1.11
credit-g,5,gbm,0.76,1.12
credit-g,6,lr,0.81,1.11
credit-g,6,gbm,0.795,1.07
credit-g,7,lr,0.81,1.205
credit-g,7,gbm,0.83,1.275
credit-g,8,lr,0.82,1.185
credit-g,8,gbm,0.765,1.08
credit-g,9,lr,0.83,1.14
credit-g,9,gbm,0.82,1.16
credit-g,10,lr,0.755,1.11
credit-g,10,gbm,0.835,1.235
credit-g,11,lr,0.85,1.21
credit-g,11,gbm,0.815,1.14
credit-g,12,lr,0.885,1.21
credit-g,12,gbm,0.825,1.135
credit-g,13,lr,0.785,1.125
credit-g,13,gbm,0.79,1.165
credit-g,14,lr,0.83,1.16
credit-g,14,gbm,0.815,1.19
credit-g,15,lr,0.82,1.065
credit-g,15,gbm,0.795,1.195
credit-g,16,lr,0.8,1.21
credit-g,16,gbm,0.785,1.13
credit-g,17,lr,0.825,1.2
credit-g,17,gbm,0.82,1.13
credit-g,18,lr,0.76,1.065
credit-g,18,gbm,0.785,1.1
credit-g,19,lr,0.82,1.255
credit-g,19,gbm,0.845,1.285
breast_cancer,0,lr,0.8245614035087719,0.8245614035087719
breast_cancer,0,gbm,0.7456140350877193,0.7543859649122807
breast_cancer,1,lr,0.8333333333333334,0.8421052631578947
breast_cancer,1,gbm,0.7982456140350878,0.7982456140350878
breast_cancer,2,lr,0.6666666666666666,0.6666666666666666
breast_cancer,2,gbm,0.7105263157894737,0.7192982456140351
breast_cancer,3,lr,0.7368421052631579,0.7456140350877193
breast_cancer,3,gbm,0.7543859649122807,0.7631578947368421
breast_cancer,4,lr,0.8245614035087719,0.8245614035087719
breast_cancer,4,gbm,0.7631578947368421,0.7631578947368421
breast_cancer,5,lr,0.8859649122807017,0.8947368421052632
breast_cancer,5,gbm,0.8771929824561403,0.8947368421052632
breast_cancer,6,lr,0.7807017543859649,0.7894736842105263
breast_cancer,6,gbm,0.8157894736842105,0.8333333333333334
breast_cancer,7,lr,0.8333333333333334,0.8333333333333334
breast_cancer,7,gbm,0.8421052631578947,0.8421052631578947
breast_cancer,8,lr,0.7631578947368421,0.7631578947368421
breast_cancer,8,gbm,0.7982456140350878,0.8070175438596491
breast_cancer,9,lr,0.7807017543859649,0.7807017543859649
breast_cancer,9,gbm,0.7807017543859649,0.7807017543859649
breast_cancer,10,lr,0.8333333333333334,0.8421052631578947
breast_cancer,10,gbm,0.8070175438596491,0.8245614035087719
breast_cancer,11,lr,0.7982456140350878,0.7982456140350878
breast_cancer,11,gbm,0.8157894736842105,0.8245614035087719
breast_cancer,12,lr,0.8157894736842105,0.8157894736842105
breast_cancer,12,gbm,0.8421052631578947,0.8508771929824561
breast_cancer,13,lr,0.6842105263157895,0.6842105263157895
breast_cancer,13,gbm,0.7982456140350878,0.8070175438596491
breast_cancer,14,lr,0.7807017543859649,0.7807017543859649
breast_cancer,14,gbm,0.7982456140350878,0.7982456140350878
breast_cancer,15,lr,0.8596491228070176,0.868421052631579
breast_cancer,15,gbm,0.868421052631579,0.8859649122807017
breast_cancer,16,lr,0.8421052631578947,0.8421052631578947
breast_cancer,16,gbm,0.8508771929824561,0.8596491228070176
breast_cancer,17,lr,0.7894736842105263,0.8070175438596491
breast_cancer,17,gbm,0.7807017543859649,0.7894736842105263
breast_cancer,18,lr,0.8596491228070176,0.8596491228070176
breast_cancer,18,gbm,0.868421052631579,0.868421052631579
breast_cancer,19,lr,0.8157894736842105,0.8157894736842105
breast_cancer,19,gbm,0.8245614035087719,0.8245614035087719
