task,base,method,block,coverage,set_size,singleton_rate
electricity,lr,split,0,0.8655,1.0715,0.9285
electricity,lr,split,1,0.692,1.0245,0.9755
electricity,lr,split,2,0.783,1.0335,0.9665
electricity,lr,split,3,0.7065,1.0245,0.9755
electricity,lr,split,4,0.6895,1.006,0.994
electricity,lr,split,5,0.628,1.004,0.996
electricity,lr,split,6,0.675,1.014,0.986
electricity,lr,split,7,0.625,1.005,0.995
electricity,lr,split,8,0.624,1.0025,0.9975
electricity,lr,split,9,0.624,1.0025,0.9975
electricity,lr,split,10,0.5875,1.001,0.999
electricity,lr,split,11,0.708,1.0055,0.9945
electricity,lr,split,12,0.782,1.0125,0.9875
electricity,lr,split,13,0.8525,1.0565,0.9435
electricity,lr,split,14,0.855,1.0385,0.9615
electricity,lr,split,15,0.8165,1.0375,0.9625
electricity,lr,rolling,0,0.8675,1.0665,0.9155
electricity,lr,rolling,1,0.6755,0.99,0.974
electricity,lr,rolling,2,0.859,1.205,0.795
electricity,lr,rolling,3,0.745,1.0895,0.9105
electricity,lr,rolling,4,0.7885,1.167,0.833
electricity,lr,rolling,5,0.6865,1.1125,0.8875
electricity,lr,rolling,6,0.856,1.336,0.664
electricity,lr,rolling,7,0.749,1.167,0.833
electricity,lr,rolling,8,0.7305,1.1295,0.8705
electricity,lr,rolling,9,0.7655,1.228,0.772
electricity,lr,rolling,10,0.8465,1.435,0.565
electricity,lr,rolling,11,0.8475,1.2915,0.7085
electricity,lr,rolling,12,0.8125,1.1035,0.8965
electricity,lr,rolling,13,0.8365,1.034,0.922
electricity,lr,rolling,14,0.808,0.9445,0.9445
electricity,lr,rolling,15,0.7755,0.9555,0.9555
electricity,lr,weighted,0,0.8525,1.0405,0.9285
electricity,lr,weighted,1,0.681,0.9985,0.9725
electricity,lr,weighted,2,0.828,1.1415,0.8585
electricity,lr,weighted,3,0.757,1.111,0.889
electricity,lr,weighted,4,0.7615,1.117,0.883
electricity,lr,weighted,5,0.682,1.0995,0.9005
electricity,lr,weighted,6,0.8465,1.297,0.703
electricity,lr,weighted,7,0.7715,1.1975,0.8025
electricity,lr,weighted,8,0.7245,1.1225,0.8775
electricity,lr,weighted,9,0.7595,1.221,0.779
electricity,lr,weighted,10,0.8315,1.3915,0.6085
electricity,lr,weighted,11,0.8555,1.2955,0.7045
electricity,lr,weighted,12,0.8755,1.2255,0.7745
electricity,lr,weighted,13,0.8515,1.063,0.934
electricity,lr,weighted,14,0.8135,0.956,0.956
electricity,lr,weighted,15,0.778,0.959,0.959
electricity,lr,aci_split,0,0.802,0.9645,0.8365
electricity,lr,aci_split,1,0.7915,1.195,0.775
electricity,lr,aci_split,2,0.8095,1.1055,0.8465
electricity,lr,aci_split,3,0.7935,1.1875,0.7985
electricity,lr,aci_split,4,0.803,1.2005,0.7915
electricity,lr,aci_split,5,0.792,1.3095,0.6905
electricity,lr,aci_split,6,0.8005,1.238,0.762
electricity,lr,aci_split,7,0.8,1.341,0.659
electricity,lr,aci_split,8,0.796,1.4635,0.5365
electricity,lr,aci_split,9,0.801,1.424,0.576
electricity,lr,aci_split,10,0.8005,1.449,0.551
electricity,lr,aci_split,11,0.824,1.288,0.678
electricity,lr,aci_split,12,0.7875,1.056,0.868
electricity,lr,aci_split,13,0.809,0.9775,0.8875
electricity,lr,aci_split,14,0.7905,0.9115,0.8625
electricity,lr,aci_split,15,0.792,0.9815,0.9315
electricity,lr,aci_rolling,0,0.8015,0.961,0.843
electricity,lr,aci_rolling,1,0.797,1.191,0.778
electricity,lr,aci_rolling,2,0.803,1.083,0.848
electricity,lr,aci_rolling,3,0.802,1.194,0.775
electricity,lr,aci_rolling,4,0.803,1.1595,0.7945
electricity,lr,aci_rolling,5,0.7905,1.2405,0.7445
electricity,lr,aci_rolling,6,0.804,1.2175,0.7625
electricity,lr,aci_rolling,7,0.7965,1.222,0.778
electricity,lr,aci_rolling,8,0.803,1.2485,0.7515
electricity,lr,aci_rolling,9,0.7995,1.2825,0.7005
electricity,lr,aci_rolling,10,0.806,1.2775,0.7195
electricity,lr,aci_rolling,11,0.8015,1.112,0.769
electricity,lr,aci_rolling,12,0.791,1.0125,0.8405
electricity,lr,aci_rolling,13,0.8125,0.9855,0.8655
electricity,lr,aci_rolling,14,0.785,0.9,0.851
electricity,lr,aci_rolling,15,0.7985,1.0175,0.8905
electricity,gbm,split,0,0.8295,1.226,0.774
electricity,gbm,split,1,0.755,1.1525,0.8475
electricity,gbm,split,2,0.7845,1.1765,0.8235
electricity,gbm,split,3,0.7525,1.073,0.927
electricity,gbm,split,4,0.709,1.023,0.977
electricity,gbm,split,5,0.638,1.017,0.983
electricity,gbm,split,6,0.72,1.058,0.942
electricity,gbm,split,7,0.6715,1.0375,0.9625
electricity,gbm,split,8,0.6335,1.012,0.988
electricity,gbm,split,9,0.629,1.0065,0.9935
electricity,gbm,split,10,0.598,1.009,0.991
electricity,gbm,split,11,0.722,1.02,0.98
electricity,gbm,split,12,0.796,1.05,0.95
electricity,gbm,split,13,0.841,1.133,0.867
electricity,gbm,split,14,0.8435,1.159,0.841
electricity,gbm,split,15,0.8245,1.121,0.879
electricity,gbm,rolling,0,0.821,1.2075,0.7925
electricity,gbm,rolling,1,0.7455,1.13,0.87
electricity,gbm,rolling,2,0.8365,1.293,0.707
electricity,gbm,rolling,3,0.7605,1.088,0.912
electricity,gbm,rolling,4,0.7745,1.1545,0.8455
electricity,gbm,rolling,5,0.708,1.1485,0.8515
electricity,gbm,rolling,6,0.8855,1.3805,0.6195
electricity,gbm,rolling,7,0.7665,1.192,0.808
electricity,gbm,rolling,8,0.7255,1.173,0.827
electricity,gbm,rolling,9,0.8155,1.3755,0.6245
electricity,gbm,rolling,10,0.809,1.3895,0.6105
electricity,gbm,rolling,11,0.839,1.356,0.644
electricity,gbm,rolling,12,0.8,1.088,0.912
electricity,gbm,rolling,13,0.8195,1.096,0.904
electricity,gbm,rolling,14,0.7935,1.0505,0.9495
electricity,gbm,rolling,15,0.792,1.0565,0.9435
electricity,gbm,weighted,0,0.8185,1.197,0.803
electricity,gbm,weighted,1,0.752,1.145,0.855
electricity,gbm,weighted,2,0.8235,1.258,0.742
electricity,gbm,weighted,3,0.77,1.1065,0.8935
electricity,gbm,weighted,4,0.7585,1.105,0.895
electricity,gbm,weighted,5,0.7065,1.135,0.865
electricity,gbm,weighted,6,0.87,1.3455,0.6545
electricity,gbm,weighted,7,0.781,1.2155,0.7845
electricity,gbm,weighted,8,0.716,1.1435,0.8565
electricity,gbm,weighted,9,0.785,1.2995,0.7005
electricity,gbm,weighted,10,0.8045,1.3775,0.6225
electricity,gbm,weighted,11,0.832,1.3545,0.6455
electricity,gbm,weighted,12,0.8555,1.203,0.797
electricity,gbm,weighted,13,0.835,1.1245,0.8755
electricity,gbm,weighted,14,0.8005,1.065,0.935
electricity,gbm,weighted,15,0.7935,1.061,0.939
electricity,gbm,aci_split,0,0.8045,1.1675,0.8225
electricity,gbm,aci_split,1,0.7895,1.213,0.776
electricity,gbm,aci_split,2,0.8095,1.232,0.76
electricity,gbm,aci_split,3,0.793,1.159,0.813
electricity,gbm,aci_split,4,0.806,1.194,0.805
electricity,gbm,aci_split,5,0.785,1.2985,0.7015
electricity,gbm,aci_split,6,0.806,1.2505,0.7495
electricity,gbm,aci_split,7,0.797,1.3415,0.6585
electricity,gbm,aci_split,8,0.797,1.4165,0.5835
electricity,gbm,aci_split,9,0.801,1.4055,0.5945
electricity,gbm,aci_split,10,0.801,1.4305,0.5695
electricity,gbm,aci_split,11,0.827,1.2545,0.7145
electricity,gbm,aci_split,12,0.783,1.042,0.914
electricity,gbm,aci_split,13,0.8135,1.0745,0.8895
electricity,gbm,aci_split,14,0.79,1.0475,0.9085
electricity,gbm,aci_split,15,0.796,1.0645,0.9285
electricity,gbm,aci_rolling,0,0.8035,1.165,0.825
electricity,gbm,aci_rolling,1,0.793,1.216,0.772
electricity,gbm,aci_rolling,2,0.807,1.229,0.757
electricity,gbm,aci_rolling,3,0.7975,1.1635,0.7845
electricity,gbm,aci_rolling,4,0.8045,1.1675,0.7915
electricity,gbm,aci_rolling,5,0.7905,1.2605,0.7165
electricity,gbm,aci_rolling,6,0.806,1.2485,0.7275
electricity,gbm,aci_rolling,7,0.7955,1.2585,0.7415
electricity,gbm,aci_rolling,8,0.796,1.3825,0.6175
electricity,gbm,aci_rolling,9,0.806,1.372,0.628
electricity,gbm,aci_rolling,10,0.8015,1.343,0.628
electricity,gbm,aci_rolling,11,0.805,1.194,0.709
electricity,gbm,aci_rolling,12,0.794,1.0605,0.8415
electricity,gbm,aci_rolling,13,0.8095,1.069,0.846
electricity,gbm,aci_rolling,14,0.7905,1.052,0.875
electricity,gbm,aci_rolling,15,0.7975,1.066,0.913
