task,rep,split,method,coverage,width
california,0,iid,gaussian,0.8541666666666666,1.1446753820609128
california,0,iid,split,0.904796511627907,1.4222516030135686
california,0,iid,weighted_cp_oracle_domain_clf,0.9035852713178295,1.4144624714937217
california,0,shift_medinc,gaussian,0.5460271317829457,1.1045599261057042
california,0,shift_medinc,split,0.6019864341085271,1.2983880953822067
california,0,shift_medinc,weighted_cp_oracle_domain_clf,0.6465600775193798,1.516414425951318
california,1,iid,gaussian,0.8534399224806202,1.1274494406143731
california,1,iid,split,0.90625,1.4260838518157417
california,1,iid,weighted_cp_oracle_domain_clf,0.9055232558139535,1.421314483266868
california,1,shift_medinc,gaussian,0.5346414728682171,1.1559942799631349
california,1,shift_medinc,split,0.5663759689922481,1.2807962796184156
california,1,shift_medinc,weighted_cp_oracle_domain_clf,0.6397771317829457,1.6123846204339873
california,2,iid,gaussian,0.846172480620155,1.1319059764125596
california,2,iid,split,0.8955910852713178,1.3849649407094367
california,2,iid,weighted_cp_oracle_domain_clf,0.8955910852713178,1.3849649407094367
california,2,shift_medinc,gaussian,0.5704941860465116,1.2387555379424917
california,2,shift_medinc,split,0.5767926356589147,1.260018590817114
california,2,shift_medinc,weighted_cp_oracle_domain_clf,0.6170058139534884,1.437760021787712
california,3,iid,gaussian,0.8706395348837209,1.2151275499275105
california,3,iid,split,0.9110949612403101,1.4602162470081117
california,3,iid,weighted_cp_oracle_domain_clf,0.908187984496124,1.4506927384741828
california,3,shift_medinc,gaussian,0.5564437984496124,1.1626745405086043
california,3,shift_medinc,split,0.5988372093023255,1.3196580982823898
california,3,shift_medinc,weighted_cp_oracle_domain_clf,0.6453488372093024,1.4904722267739716
california,4,iid,gaussian,0.8594961240310077,1.17260611795985
california,4,iid,split,0.9021317829457365,1.4254141707156482
california,4,iid,weighted_cp_oracle_domain_clf,0.9035852713178295,1.4408669470375717
california,4,shift_medinc,gaussian,0.5205910852713178,1.1406661037813723
california,4,shift_medinc,split,0.5658914728682171,1.3044739860286825
california,4,shift_medinc,weighted_cp_oracle_domain_clf,0.7359496124031008,2.1704127047676502
california,5,iid,gaussian,0.8464147286821705,1.0981081136990198
california,5,iid,split,0.9004360465116279,1.4104262719345253
california,5,iid,weighted_cp_oracle_domain_clf,0.9004360465116279,1.411980603337418
california,5,shift_medinc,gaussian,0.5809108527131783,1.1357389092346541
california,5,shift_medinc,split,0.6388081395348837,1.3409789701107666
california,5,shift_medinc,weighted_cp_oracle_domain_clf,0.6756298449612403,1.4620057860657791
california,6,iid,gaussian,0.8546511627906976,1.144287613086878
california,6,iid,split,0.8963178294573644,1.3870832207414994
california,6,iid,weighted_cp_oracle_domain_clf,0.8968023255813954,1.3887768075109381
california,6,shift_medinc,gaussian,0.5520833333333334,1.1475390963786203
california,6,shift_medinc,split,0.5930232558139535,1.2975047706845295
california,6,shift_medinc,weighted_cp_oracle_domain_clf,0.6625484496124031,1.6336508175124678
california,7,iid,gaussian,0.8628875968992248,1.161736385732263
california,7,iid,split,0.8970445736434108,1.3854147380822446
california,7,iid,weighted_cp_oracle_domain_clf,0.8975290697674418,1.3918500590658542
california,7,shift_medinc,gaussian,0.5370639534883721,1.1587715610043279
california,7,shift_medinc,split,0.5869670542635659,1.3609813328620128
california,7,shift_medinc,weighted_cp_oracle_domain_clf,0.627906976744186,1.5632082133465315
california,8,iid,gaussian,0.8599806201550387,1.2095940264850065
california,8,iid,split,0.9026162790697675,1.4544566344092695
california,8,iid,weighted_cp_oracle_domain_clf,0.9023740310077519,1.4511391937437272
california,8,shift_medinc,gaussian,0.5048449612403101,1.1884278394845824
california,8,shift_medinc,split,0.5542635658914729,1.35903009324283
california,8,shift_medinc,weighted_cp_oracle_domain_clf,0.6119186046511628,1.6030618711633107
california,9,iid,gaussian,0.8500484496124031,1.1429145399076637
california,9,iid,split,0.8943798449612403,1.387192944100341
california,9,iid,weighted_cp_oracle_domain_clf,0.8936531007751938,1.3776784007573917
california,9,shift_medinc,gaussian,0.5535368217054264,1.119110852185551
california,9,shift_medinc,split,0.6044089147286822,1.303656789678719
california,9,shift_medinc,weighted_cp_oracle_domain_clf,0.6518895348837209,1.4865866537278882
