seed,shift,maha_mean,ens_std_mean,conf_mean,flag_missing,flag_stale,maha_alarm,ens_alarm
0,iid,7.969027668056219,0.058415554242718805,0.6837104296267782,0.0,0.0,0.007166666666666667,0.10133333333333333
0,vol_jump,17.919891786835034,0.07239284021301769,0.7178420560892859,0.0,0.0,0.3255,0.26116666666666666
0,regime_transition,7.969027668056219,0.058415554242718805,0.6837104296267782,0.0,0.0,0.007166666666666667,0.10133333333333333
0,feature_shift,16.111239750912855,0.04714999358991299,0.8403932711593061,0.0,0.0,0.21716666666666667,0.12633333333333333
0,missing_features,5.60350964877236,0.05339237823466724,0.651071694430435,0.9406666666666667,0.0,0.003,0.050833333333333335
0,stale_features,7.873766110711184,0.06057697186099826,0.6790584882938975,0.0,0.43983333333333335,0.005333333333333333,0.1115
0,venue_change,7.748812997606892,0.05658077043550342,0.6919278634868719,0.0,0.0,0.005333333333333333,0.09166666666666666
1,iid,8.11083502834574,0.058932755094090725,0.68015302999997,0.0,0.0,0.01,0.10433333333333333
1,vol_jump,18.223802940605207,0.0739533946870554,0.718144625334034,0.0,0.0,0.338,0.2843333333333333
1,regime_transition,8.11083502834574,0.058932755094090725,0.68015302999997,0.0,0.0,0.01,0.10433333333333333
1,feature_shift,17.899698442667372,0.08063648688281827,0.6979687082232547,0.0,0.0,0.32916666666666666,0.2951666666666667
1,missing_features,5.65662630377539,0.05523566152314118,0.6554676076718929,0.9431666666666667,0.0,0.0033333333333333335,0.06016666666666667
1,stale_features,8.18801839120943,0.05998538122405722,0.6865797690366118,0.0,0.38433333333333336,0.010833333333333334,0.1215
1,venue_change,8.022632175929632,0.0616298426281434,0.6545252407373423,0.0,0.0,0.007166666666666667,0.10316666666666667
2,iid,7.94271468527442,0.05581756305916273,0.6805623766540642,0.0,0.0,0.012333333333333333,0.09416666666666666
2,vol_jump,17.835056140278137,0.07168420217811053,0.7136210701827634,0.0,0.0,0.3328333333333333,0.278
2,regime_transition,7.94271468527442,0.05581756305916273,0.6805623766540642,0.0,0.0,0.012333333333333333,0.09416666666666666
2,feature_shift,16.946736060878848,0.07651400376289645,0.6794748053464243,0.0,0.0,0.2816666666666667,0.33116666666666666
2,missing_features,5.602126510609724,0.05333666147954244,0.6631164829127315,0.9436666666666667,0.0,0.0023333333333333335,0.06683333333333333
2,stale_features,8.149733132303261,0.05575166381330714,0.6945527074933002,0.0,0.4121666666666667,0.0115,0.10683333333333334
2,venue_change,7.605110914595566,0.062103208006743425,0.6451973364730457,0.0,0.0,0.005666666666666667,0.139
3,iid,8.21249769817375,0.05892733120385951,0.6977156011511672,0.0,0.0,0.0165,0.10583333333333333
3,vol_jump,18.46543429413066,0.0744980659619976,0.742933167833227,0.0,0.0,0.4068333333333333,0.283
3,regime_transition,8.21249769817375,0.05892733120385951,0.6977156011511672,0.0,0.0,0.0165,0.10583333333333333
3,feature_shift,17.092586835453865,0.06034969355555639,0.819231262105455,0.0,0.0,0.3441666666666667,0.1615
3,missing_features,5.746494908744427,0.05882125823443167,0.6614663913177896,0.9413333333333334,0.0,0.005333333333333333,0.08016666666666666
3,stale_features,7.8948532076020035,0.059077772108739005,0.6904054153696093,0.0,0.46216666666666667,0.011166666666666667,0.09883333333333333
3,venue_change,7.944340049707803,0.06275315733886395,0.6824702594413202,0.0,0.0,0.009166666666666667,0.13433333333333333
4,iid,8.08553865532131,0.05892442866119815,0.6850033188826667,0.0,0.0,0.009666666666666667,0.11166666666666666
4,vol_jump,18.177178510308288,0.07637934434370547,0.7269771398661772,0.0,0.0,0.37283333333333335,0.31333333333333335
4,regime_transition,8.08553865532131,0.05892442866119815,0.6850033188826667,0.0,0.0,0.009666666666666667,0.11166666666666666
4,feature_shift,17.26215115620707,0.04443524040990858,0.8602466361694597,0.0,0.0,0.332,0.1025
4,missing_features,5.657716311012391,0.05733899170310265,0.6591922964288824,0.941,0.0,0.0025,0.07116666666666667
4,stale_features,8.2179076181985,0.06064609599856726,0.679902804325295,0.0,0.43466666666666665,0.0115,0.11283333333333333
4,venue_change,7.965196514100917,0.057865382526981424,0.6919658994647737,0.0,0.0,0.007166666666666667,0.09766666666666667
5,iid,7.754497857184158,0.05900410157923644,0.6847651598296027,0.0,0.0,0.0065,0.09316666666666666
5,vol_jump,17.429828436084755,0.07188082252645629,0.7185773613720237,0.0,0.0,0.29433333333333334,0.25283333333333335
5,regime_transition,7.754497857184158,0.05900410157923644,0.6847651598296027,0.0,0.0,0.0065,0.09316666666666666
5,feature_shift,17.00120443735352,0.030275520478947177,0.8509252572775459,0.0,0.0,0.2685,0.020666666666666667
5,missing_features,5.408993385335228,0.05496544412098423,0.6600757292750933,0.9423333333333334,0.0,0.0013333333333333333,0.050333333333333334
5,stale_features,7.709880642508499,0.058636081116451695,0.6808559157831475,0.0,0.43016666666666664,0.004833333333333334,0.088
5,venue_change,7.57569195991552,0.05527900213735325,0.681406840478555,0.0,0.0,0.0036666666666666666,0.07
6,iid,8.092946245133744,0.061266638748193034,0.68520757633911,0.0,0.0,0.014166666666666666,0.098
6,vol_jump,18.189086506698597,0.0755662807544195,0.7169919605020748,0.0,0.0,0.38,0.26166666666666666
6,regime_transition,8.092946245133744,0.061266638748193034,0.68520757633911,0.0,0.0,0.014166666666666666,0.098
6,feature_shift,16.681331431503217,0.09477450746778907,0.7062843603012187,0.0,0.0,0.31116666666666665,0.4543333333333333
6,missing_features,5.634433324445464,0.05705638384103684,0.6628387123664531,0.9485,0.0,0.003,0.04616666666666667
6,stale_features,8.06483617708108,0.062003853126343975,0.6796892800246171,0.0,0.4176666666666667,0.010333333333333333,0.10066666666666667
6,venue_change,7.874431740389589,0.06713624631797695,0.676136744861195,0.0,0.0,0.010666666666666666,0.1405
7,iid,8.184796908282971,0.05870493456936279,0.6767773899323346,0.0,0.0,0.012166666666666666,0.106
7,vol_jump,18.393063807507996,0.07353055377755131,0.7153501476420412,0.0,0.0,0.377,0.293
7,regime_transition,8.184796908282971,0.05870493456936279,0.6767773899323346,0.0,0.0,0.012166666666666666,0.106
7,feature_shift,17.74949133646646,0.07836815856317537,0.7179471534192735,0.0,0.0,0.34833333333333333,0.3456666666666667
7,missing_features,5.752750789032399,0.05442083707576587,0.6519093673970958,0.9448333333333333,0.0,0.0026666666666666666,0.0575
7,stale_features,7.908712100163078,0.05787833271051566,0.670543445157869,0.0,0.42383333333333334,0.0095,0.09066666666666667
7,venue_change,8.353333432724272,0.06093345805336781,0.6613948653554315,0.0,0.0,0.0135,0.11566666666666667
8,iid,7.909257654179778,0.060357588292685546,0.6841924320773245,0.0,0.0,0.0095,0.1015
8,vol_jump,17.76154533289961,0.073034775285706,0.7218205001170528,0.0,0.0,0.33116666666666666,0.26516666666666666
8,regime_transition,7.909257654179778,0.060357588292685546,0.6841924320773245,0.0,0.0,0.0095,0.1015
8,feature_shift,17.723668630440507,0.0961937340501153,0.7019600795603141,0.0,0.0,0.33,0.4683333333333333
8,missing_features,5.517434355128527,0.0547975872612276,0.6587714994883186,0.9356666666666666,0.0,0.002,0.0595
8,stale_features,8.114219685388138,0.061129060070981574,0.6854941179940932,0.0,0.412,0.017333333333333333,0.106
8,venue_change,7.8879920854802545,0.06468574244411848,0.6553321494849904,0.0,0.0,0.005666666666666667,0.11783333333333333
9,iid,8.216275308210564,0.05853641491752143,0.6852485377493073,0.0,0.0,0.017,0.09533333333333334
9,vol_jump,18.476429486301495,0.07183351263617067,0.7224341336878125,0.0,0.0,0.394,0.25316666666666665
9,regime_transition,8.216275308210564,0.05853641491752143,0.6852485377493073,0.0,0.0,0.017,0.09533333333333334
9,feature_shift,16.993287817097517,0.08566167727633253,0.7203416144827713,0.0,0.0,0.3253333333333333,0.3855
9,missing_features,5.761752146092138,0.05894618598104069,0.6511676647320385,0.9445,0.0,0.0045,0.06666666666666667
9,stale_features,8.014583133820517,0.05741750659178698,0.6851507035809776,0.0,0.397,0.014666666666666666,0.08316666666666667
9,venue_change,7.975873549937719,0.06470527898978255,0.6715043387283223,0.0,0.0,0.009833333333333333,0.153
10,iid,7.94246738076959,0.06113162287108499,0.6844637317118795,0.0,0.0,0.008166666666666666,0.07616666666666666
10,vol_jump,17.86137016585058,0.07680721204208507,0.7209415723944318,0.0,0.0,0.32816666666666666,0.25783333333333336
10,regime_transition,7.94246738076959,0.06113162287108499,0.6844637317118795,0.0,0.0,0.008166666666666666,0.07616666666666666
10,feature_shift,17.14268488538365,0.07109674470271089,0.7828828467344127,0.0,0.0,0.29683333333333334,0.211
10,missing_features,5.526766851346299,0.05656323492086492,0.667948406532881,0.9463333333333334,0.0,0.002,0.037333333333333336
10,stale_features,7.963166906072821,0.06047211568126777,0.685321520552038,0.0,0.41733333333333333,0.008,0.06883333333333333
10,venue_change,7.879685083302005,0.0625767327824565,0.6661633500208132,0.0,0.0,0.006666666666666667,0.09066666666666667
11,iid,8.091284014140394,0.05728436120817865,0.6845667016824839,0.0,0.0,0.010333333333333333,0.10466666666666667
11,vol_jump,18.186636893713352,0.0739905614139034,0.7149479673424638,0.0,0.0,0.3795,0.302
11,regime_transition,8.091284014140394,0.05728436120817865,0.6845667016824839,0.0,0.0,0.010333333333333333,0.10466666666666667
11,feature_shift,17.488239226193045,0.08930580610342873,0.6664806867034713,0.0,0.0,0.3465,0.465
11,missing_features,5.6788356587031705,0.05188138236822341,0.6607872890838711,0.9441666666666667,0.0,0.0023333333333333335,0.057166666666666664
11,stale_features,8.374760394154906,0.05785095765261955,0.6820487052831925,0.0,0.4171666666666667,0.010833333333333334,0.11383333333333333
11,venue_change,8.094523462140584,0.06364367192184123,0.6543621071751854,0.0,0.0,0.009333333333333334,0.158
12,iid,7.993175571709384,0.058873173999624204,0.6902998404984392,0.0,0.0,0.012166666666666666,0.09783333333333333
12,vol_jump,17.964124949850085,0.07343106153781667,0.7286264346597142,0.0,0.0,0.37883333333333336,0.2745
12,regime_transition,7.993175571709384,0.058873173999624204,0.6902998404984392,0.0,0.0,0.012166666666666666,0.09783333333333333
12,feature_shift,17.042582562988542,0.07278291185604252,0.7234570195475705,0.0,0.0,0.33466666666666667,0.2753333333333333
12,missing_features,5.603602333859687,0.05589761231030565,0.6697703968462135,0.9466666666666667,0.0,0.004166666666666667,0.06666666666666667
12,stale_features,7.830845764383709,0.06129680076015379,0.6731126737012455,0.0,0.40166666666666667,0.0155,0.106
12,venue_change,7.963195838362457,0.05859412149551292,0.6752841085326281,0.0,0.0,0.008,0.10833333333333334
13,iid,8.260298916191594,0.05936286585070219,0.6866836539677826,0.0,0.0,0.017166666666666667,0.099
13,vol_jump,18.530070326349247,0.07514455657122973,0.7183162388160169,0.0,0.0,0.4146666666666667,0.2715
13,regime_transition,8.260298916191594,0.05936286585070219,0.6866836539677826,0.0,0.0,0.017166666666666667,0.099
13,feature_shift,18.117907719245622,0.0825057715862383,0.7083934513230778,0.0,0.0,0.4125,0.30883333333333335
13,missing_features,5.800958040741817,0.05798007018965632,0.660663408619272,0.9393333333333334,0.0,0.004333333333333333,0.06466666666666666
13,stale_features,8.311295492479879,0.05927179917807214,0.6839550840430288,0.0,0.3556666666666667,0.021833333333333333,0.09283333333333334
13,venue_change,8.055981697730763,0.0620918409022015,0.669109065486229,0.0,0.0,0.014166666666666666,0.103
14,iid,8.407419215540191,0.05972487308916347,0.6974902943690016,0.0,0.0,0.012,0.10616666666666667
14,vol_jump,18.88085428184473,0.07193493054933468,0.7342177714045575,0.0,0.0,0.3546666666666667,0.2698333333333333
14,regime_transition,8.407419215540191,0.05972487308916347,0.6974902943690016,0.0,0.0,0.012,0.10616666666666667
14,feature_shift,18.68357326179523,0.06376679481302473,0.7731090961324959,0.0,0.0,0.3541666666666667,0.1965
14,missing_features,5.904146132346161,0.059734057191671096,0.6758195104929118,0.9473333333333334,0.0,0.0033333333333333335,0.08283333333333333
14,stale_features,8.417799087027715,0.05977432822021302,0.6965538286125283,0.0,0.4151666666666667,0.0125,0.10916666666666666
14,venue_change,8.378523627003453,0.06254768916080267,0.6889993632744994,0.0,0.0,0.0085,0.13666666666666666
15,iid,8.007747368477037,0.0603049500680771,0.6833949366954432,0.0,0.0,0.010666666666666666,0.09733333333333333
15,vol_jump,17.963879425617954,0.07653313673792943,0.7186044225155044,0.0,0.0,0.3581666666666667,0.278
15,regime_transition,8.007747368477037,0.0603049500680771,0.6833949366954432,0.0,0.0,0.010666666666666666,0.09733333333333333
15,feature_shift,17.050557072870497,0.10425130867074742,0.7055724850023419,0.0,0.0,0.319,0.5146666666666667
15,missing_features,5.624263323961723,0.054220198505890854,0.6560909482821361,0.9413333333333334,0.0,0.0033333333333333335,0.04533333333333334
15,stale_features,7.937087241634921,0.061966664658768204,0.6821042156097986,0.0,0.35283333333333333,0.010333333333333333,0.11616666666666667
15,venue_change,7.829880956374157,0.06632335135861346,0.6712057422444371,0.0,0.0,0.006833333333333334,0.12866666666666668
16,iid,8.020389039544966,0.05885345893959678,0.6798164542175081,0.0,0.0,0.009333333333333334,0.09316666666666666
16,vol_jump,18.0197058430717,0.07369885166132864,0.7177162541572946,0.0,0.0,0.35333333333333333,0.277
16,regime_transition,8.020389039544966,0.05885345893959678,0.6798164542175081,0.0,0.0,0.009333333333333334,0.09316666666666666
16,feature_shift,16.952229741911314,0.10051228458560399,0.6906559514416746,0.0,0.0,0.29533333333333334,0.5401666666666667
16,missing_features,5.600345764774103,0.054409734666582846,0.6549390581883598,0.9405,0.0,0.002,0.051
16,stale_features,8.113715963694812,0.05813748926424473,0.683721329024535,0.0,0.3435,0.009833333333333333,0.091
16,venue_change,8.107635056400913,0.06600967500856744,0.6566049727465029,0.0,0.0,0.006333333333333333,0.154
17,iid,8.302586129020272,0.0609387097298445,0.6784692444518524,0.0,0.0,0.013833333333333333,0.0935
17,vol_jump,18.670500336745643,0.07392969760424288,0.711933756319275,0.0,0.0,0.3988333333333333,0.25466666666666665
17,regime_transition,8.302586129020272,0.0609387097298445,0.6784692444518524,0.0,0.0,0.013833333333333333,0.0935
17,feature_shift,17.514112419925418,0.08391884217355935,0.7136743815601592,0.0,0.0,0.3536666666666667,0.3456666666666667
17,missing_features,5.837413701473187,0.057720249320228734,0.652961561839515,0.9386666666666666,0.0,0.004666666666666667,0.058833333333333335
17,stale_features,8.481520208425405,0.060173942068926595,0.680832629518234,0.0,0.385,0.020833333333333332,0.09116666666666666
17,venue_change,8.320266303538629,0.066740999161324,0.6620559138822749,0.0,0.0,0.017166666666666667,0.135
18,iid,7.889274131087295,0.05929255379118985,0.68531274164096,0.0,0.0,0.009333333333333334,0.10066666666666667
18,vol_jump,17.740292478893554,0.07466150894537195,0.7163901541522609,0.0,0.0,0.3555,0.2828333333333333
18,regime_transition,7.889274131087295,0.05929255379118985,0.68531274164096,0.0,0.0,0.009333333333333334,0.10066666666666667
18,feature_shift,17.197695068654127,0.09013517782785656,0.7087047923162465,0.0,0.0,0.3333333333333333,0.4633333333333333
18,missing_features,5.49200968790974,0.055492342219695075,0.650571241946665,0.9376666666666666,0.0,0.0013333333333333333,0.05366666666666667
18,stale_features,7.9032695824331025,0.06174834877824239,0.6903232968273565,0.0,0.432,0.008,0.12483333333333334
18,venue_change,7.813592833103438,0.06383119834610314,0.6799167023067126,0.0,0.0,0.0065,0.13366666666666666
19,iid,7.910883353778631,0.05854499076259166,0.6716383583404794,0.0,0.0,0.0065,0.08633333333333333
19,vol_jump,17.787334942577903,0.0752068424356224,0.7097561406745596,0.0,0.0,0.31183333333333335,0.2615
19,regime_transition,7.910883353778631,0.05854499076259166,0.6716383583404794,0.0,0.0,0.0065,0.08633333333333333
19,feature_shift,16.355177242979508,0.09014387191313385,0.6792231135054104,0.0,0.0,0.22983333333333333,0.38283333333333336
19,missing_features,5.511306306399934,0.054655493294670385,0.6609966310567186,0.938,0.0,0.0013333333333333333,0.043666666666666666
19,stale_features,7.992807040687233,0.06013204536136046,0.6745463261362832,0.0,0.4226666666666667,0.007666666666666666,0.09883333333333333
19,venue_change,7.615976294142483,0.061230822671037,0.6558985164169977,0.0,0.0,0.004333333333333333,0.08816666666666667
